t,aproximacion,referencia,diferencia_con_signo,error_absoluto,modelo,metodo,h,organizacion,k,lambda_tasa
0,0,0,0,0,lineal,Euler,1,,,
1,1,1,0,0,lineal,Euler,1,,,
2,2,2,0,0,lineal,Euler,1,,,
3,3,3,0,0,lineal,Euler,1,,,
4,4,4,0,0,lineal,Euler,1,,,
5,5,5,0,0,lineal,Euler,1,,,
6,6,6,0,0,lineal,Euler,1,,,
7,7,7,0,0,lineal,Euler,1,,,
8,8,8,0,0,lineal,Euler,1,,,
9,9,9,0,0,lineal,Euler,1,,,
10,10,10,0,0,lineal,Euler,1,,,
0,0,0,0,0,lineal,Euler,0.5,,,
0.5,0.5,0.5,0,0,lineal,Euler,0.5,,,
1,1,1,0,0,lineal,Euler,0.5,,,
1.5,1.5,1.5,0,0,lineal,Euler,0.5,,,
2,2,2,0,0,lineal,Euler,0.5,,,
2.5,2.5,2.5,0,0,lineal,Euler,0.5,,,
3,3,3,0,0,lineal,Euler,0.5,,,
3.5,3.5,3.5,0,0,lineal,Euler,0.5,,,
4,4,4,0,0,lineal,Euler,0.5,,,
4.5,4.5,4.5,0,0,lineal,Euler,0.5,,,
5,5,5,0,0,lineal,Euler,0.5,,,
5.5,5.5,5.5,0,0,lineal,Euler,0.5,,,
6,6,6,0,0,lineal,Euler,0.5,,,
6.5,6.5,6.5,0,0,lineal,Euler,0.5,,,
7,7,7,0,0,lineal,Euler,0.5,,,
7.5,7.5,7.5,0,0,lineal,Euler,0.5,,,
8,8,8,0,0,lineal,Euler,0.5,,,
8.5,8.5,8.5,0,0,lineal,Euler,0.5,,,
9,9,9,0,0,lineal,Euler,0.5,,,
9.5,9.5,9.5,0,0,lineal,Euler,0.5,,,
10,10,10,0,0,lineal,Euler,0.5,,,
0,0,0,0,0,lineal,Euler,0.10000000000000001,,,
0.10000000000000001,0.10000000000000001,0.10000000000000001,0,0,lineal,Euler,0.10000000000000001,,,
0.20000000000000001,0.20000000000000001,0.20000000000000001,0,0,lineal,Euler,0.10000000000000001,,,
0.30000000000000004,0.30000000000000004,0.30000000000000004,0,0,lineal,Euler,0.10000000000000001,,,
0.40000000000000002,0.40000000000000002,0.40000000000000002,0,0,lineal,Euler,0.10000000000000001,,,
0.5,0.5,0.5,0,0,lineal,Euler,0.10000000000000001,,,
0.60000000000000009,0.60000000000000009,0.60000000000000009,0,0,lineal,Euler,0.10000000000000001,,,
0.70000000000000007,0.70000000000000007,0.70000000000000007,0,0,lineal,Euler,0.10000000000000001,,,
0.80000000000000004,0.80000000000000004,0.80000000000000004,0,0,lineal,Euler,0.10000000000000001,,,
0.90000000000000002,0.90000000000000002,0.90000000000000002,0,0,lineal,Euler,0.10000000000000001,,,
1,1,1,0,0,lineal,Euler,0.10000000000000001,,,
1.1000000000000001,1.1000000000000001,1.1000000000000001,0,0,lineal,Euler,0.10000000000000001,,,
1.2000000000000002,1.2000000000000002,1.2000000000000002,0,0,lineal,Euler,0.10000000000000001,,,
1.3,1.3,1.3,0,0,lineal,Euler,0.10000000000000001,,,
1.4000000000000001,1.4000000000000001,1.4000000000000001,0,0,lineal,Euler,0.10000000000000001,,,
1.5,1.5,1.5,0,0,lineal,Euler,0.10000000000000001,,,
1.6000000000000001,1.6000000000000001,1.6000000000000001,0,0,lineal,Euler,0.10000000000000001,,,
1.7000000000000002,1.7000000000000002,1.7000000000000002,0,0,lineal,Euler,0.10000000000000001,,,
1.8,1.8,1.8,0,0,lineal,Euler,0.10000000000000001,,,
1.9000000000000001,1.9000000000000001,1.9000000000000001,0,0,lineal,Euler,0.10000000000000001,,,
2,2,2,0,0,lineal,Euler,0.10000000000000001,,,
2.1000000000000001,2.1000000000000001,2.1000000000000001,0,0,lineal,Euler,0.10000000000000001,,,
2.2000000000000002,2.2000000000000002,2.2000000000000002,0,0,lineal,Euler,0.10000000000000001,,,
2.3000000000000003,2.3000000000000003,2.3000000000000003,0,0,lineal,Euler,0.10000000000000001,,,
2.4000000000000004,2.4000000000000004,2.4000000000000004,0,0,lineal,Euler,0.10000000000000001,,,
2.5,2.5,2.5,0,0,lineal,Euler,0.10000000000000001,,,
2.6000000000000001,2.6000000000000001,2.6000000000000001,0,0,lineal,Euler,0.10000000000000001,,,
2.7000000000000002,2.7000000000000002,2.7000000000000002,0,0,lineal,Euler,0.10000000000000001,,,
2.8000000000000003,2.8000000000000003,2.8000000000000003,0,0,lineal,Euler,0.10000000000000001,,,
2.9000000000000004,2.9000000000000004,2.9000000000000004,0,0,lineal,Euler,0.10000000000000001,,,
3,3,3,0,0,lineal,Euler,0.10000000000000001,,,
3.1000000000000001,3.1000000000000001,3.1000000000000001,0,0,lineal,Euler,0.10000000000000001,,,
3.2000000000000002,3.2000000000000002,3.2000000000000002,0,0,lineal,Euler,0.10000000000000001,,,
3.3000000000000003,3.3000000000000003,3.3000000000000003,0,0,lineal,Euler,0.10000000000000001,,,
3.4000000000000004,3.4000000000000004,3.4000000000000004,0,0,lineal,Euler,0.10000000000000001,,,
3.5,3.5,3.5,0,0,lineal,Euler,0.10000000000000001,,,
3.6000000000000001,3.6000000000000001,3.6000000000000001,0,0,lineal,Euler,0.10000000000000001,,,
3.7000000000000002,3.7000000000000002,3.7000000000000002,0,0,lineal,Euler,0.10000000000000001,,,
3.8000000000000003,3.8000000000000003,3.8000000000000003,0,0,lineal,Euler,0.10000000000000001,,,
3.9000000000000004,3.9000000000000004,3.9000000000000004,0,0,lineal,Euler,0.10000000000000001,,,
4,4,4,0,0,lineal,Euler,0.10000000000000001,,,
4.1000000000000005,4.1000000000000005,4.1000000000000005,0,0,lineal,Euler,0.10000000000000001,,,
4.2000000000000002,4.2000000000000002,4.2000000000000002,0,0,lineal,Euler,0.10000000000000001,,,
4.2999999999999998,4.2999999999999998,4.2999999999999998,0,0,lineal,Euler,0.10000000000000001,,,
4.4000000000000004,4.4000000000000004,4.4000000000000004,0,0,lineal,Euler,0.10000000000000001,,,
4.5,4.5,4.5,0,0,lineal,Euler,0.10000000000000001,,,
4.6000000000000005,4.6000000000000005,4.6000000000000005,0,0,lineal,Euler,0.10000000000000001,,,
4.7000000000000002,4.7000000000000002,4.7000000000000002,0,0,lineal,Euler,0.10000000000000001,,,
4.8000000000000007,4.8000000000000007,4.8000000000000007,0,0,lineal,Euler,0.10000000000000001,,,
4.9000000000000004,4.9000000000000004,4.9000000000000004,0,0,lineal,Euler,0.10000000000000001,,,
5,5,5,0,0,lineal,Euler,0.10000000000000001,,,
5.1000000000000005,5.1000000000000005,5.1000000000000005,0,0,lineal,Euler,0.10000000000000001,,,
5.2000000000000002,5.2000000000000002,5.2000000000000002,0,0,lineal,Euler,0.10000000000000001,,,
5.3000000000000007,5.3000000000000007,5.3000000000000007,0,0,lineal,Euler,0.10000000000000001,,,
5.4000000000000004,5.4000000000000004,5.4000000000000004,0,0,lineal,Euler,0.10000000000000001,,,
5.5,5.5,5.5,0,0,lineal,Euler,0.10000000000000001,,,
5.6000000000000005,5.6000000000000005,5.6000000000000005,0,0,lineal,Euler,0.10000000000000001,,,
5.7000000000000002,5.7000000000000002,5.7000000000000002,0,0,lineal,Euler,0.10000000000000001,,,
5.8000000000000007,5.8000000000000007,5.8000000000000007,0,0,lineal,Euler,0.10000000000000001,,,
5.9000000000000004,5.9000000000000004,5.9000000000000004,0,0,lineal,Euler,0.10000000000000001,,,
6,6,6,0,0,lineal,Euler,0.10000000000000001,,,
6.1000000000000005,6.1000000000000005,6.1000000000000005,0,0,lineal,Euler,0.10000000000000001,,,
6.2000000000000002,6.2000000000000002,6.2000000000000002,0,0,lineal,Euler,0.10000000000000001,,,
6.3000000000000007,6.3000000000000007,6.3000000000000007,0,0,lineal,Euler,0.10000000000000001,,,
6.4000000000000004,6.4000000000000004,6.4000000000000004,0,0,lineal,Euler,0.10000000000000001,,,
6.5,6.5,6.5,0,0,lineal,Euler,0.10000000000000001,,,
6.6000000000000005,6.6000000000000005,6.6000000000000005,0,0,lineal,Euler,0.10000000000000001,,,
6.7000000000000002,6.7000000000000002,6.7000000000000002,0,0,lineal,Euler,0.10000000000000001,,,
6.8000000000000007,6.8000000000000007,6.8000000000000007,0,0,lineal,Euler,0.10000000000000001,,,
6.9000000000000004,6.9000000000000004,6.9000000000000004,0,0,lineal,Euler,0.10000000000000001,,,
7,7,7,0,0,lineal,Euler,0.10000000000000001,,,
7.1000000000000005,7.1000000000000005,7.1000000000000005,0,0,lineal,Euler,0.10000000000000001,,,
7.2000000000000002,7.2000000000000002,7.2000000000000002,0,0,lineal,Euler,0.10000000000000001,,,
7.3000000000000007,7.3000000000000007,7.3000000000000007,0,0,lineal,Euler,0.10000000000000001,,,
7.4000000000000004,7.4000000000000004,7.4000000000000004,0,0,lineal,Euler,0.10000000000000001,,,
7.5,7.5,7.5,0,0,lineal,Euler,0.10000000000000001,,,
7.6000000000000005,7.6000000000000005,7.6000000000000005,0,0,lineal,Euler,0.10000000000000001,,,
7.7000000000000002,7.7000000000000002,7.7000000000000002,0,0,lineal,Euler,0.10000000000000001,,,
7.8000000000000007,7.8000000000000007,7.8000000000000007,0,0,lineal,Euler,0.10000000000000001,,,
7.9000000000000004,7.9000000000000004,7.9000000000000004,0,0,lineal,Euler,0.10000000000000001,,,
8,8,8,0,0,lineal,Euler,0.10000000000000001,,,
8.0999999999999996,8.0999999999999996,8.0999999999999996,0,0,lineal,Euler,0.10000000000000001,,,
8.2000000000000011,8.2000000000000011,8.2000000000000011,0,0,lineal,Euler,0.10000000000000001,,,
8.3000000000000007,8.3000000000000007,8.3000000000000007,0,0,lineal,Euler,0.10000000000000001,,,
8.4000000000000004,8.4000000000000004,8.4000000000000004,0,0,lineal,Euler,0.10000000000000001,,,
8.5,8.5,8.5,0,0,lineal,Euler,0.10000000000000001,,,
8.5999999999999996,8.5999999999999996,8.5999999999999996,0,0,lineal,Euler,0.10000000000000001,,,
8.7000000000000011,8.7000000000000011,8.7000000000000011,0,0,lineal,Euler,0.10000000000000001,,,
8.8000000000000007,8.8000000000000007,8.8000000000000007,0,0,lineal,Euler,0.10000000000000001,,,
8.9000000000000004,8.9000000000000004,8.9000000000000004,0,0,lineal,Euler,0.10000000000000001,,,
9,9,9,0,0,lineal,Euler,0.10000000000000001,,,
9.0999999999999996,9.0999999999999996,9.0999999999999996,0,0,lineal,Euler,0.10000000000000001,,,
9.2000000000000011,9.2000000000000011,9.2000000000000011,0,0,lineal,Euler,0.10000000000000001,,,
9.3000000000000007,9.3000000000000007,9.3000000000000007,0,0,lineal,Euler,0.10000000000000001,,,
9.4000000000000004,9.4000000000000004,9.4000000000000004,0,0,lineal,Euler,0.10000000000000001,,,
9.5,9.5,9.5,0,0,lineal,Euler,0.10000000000000001,,,
9.6000000000000014,9.6000000000000014,9.6000000000000014,0,0,lineal,Euler,0.10000000000000001,,,
9.7000000000000011,9.7000000000000011,9.7000000000000011,0,0,lineal,Euler,0.10000000000000001,,,
9.8000000000000007,9.8000000000000007,9.8000000000000007,0,0,lineal,Euler,0.10000000000000001,,,
9.9000000000000004,9.9000000000000004,9.9000000000000004,0,0,lineal,Euler,0.10000000000000001,,,
10,10,10,0,0,lineal,Euler,0.10000000000000001,,,
0,1,1,0,0,exponencial,Euler,1,,,
1,0,0.36787944117144233,-0.36787944117144233,0.36787944117144233,exponencial,Euler,1,,,
2,0,0.1353352832366127,-0.1353352832366127,0.1353352832366127,exponencial,Euler,1,,,
3,0,0.049787068367863944,-0.049787068367863944,0.049787068367863944,exponencial,Euler,1,,,
4,0,0.018315638888734179,-0.018315638888734179,0.018315638888734179,exponencial,Euler,1,,,
5,0,0.006737946999085467,-0.006737946999085467,0.006737946999085467,exponencial,Euler,1,,,
6,0,0.0024787521766663585,-0.0024787521766663585,0.0024787521766663585,exponencial,Euler,1,,,
7,0,0.00091188196555451624,-0.00091188196555451624,0.00091188196555451624,exponencial,Euler,1,,,
8,0,0.00033546262790251185,-0.00033546262790251185,0.00033546262790251185,exponencial,Euler,1,,,
9,0,0.00012340980408667956,-0.00012340980408667956,0.00012340980408667956,exponencial,Euler,1,,,
10,0,4.5399929762484854e-05,-4.5399929762484854e-05,4.5399929762484854e-05,exponencial,Euler,1,,,
0,1,1,0,0,exponencial,Euler,0.5,,,
0.5,0.5,0.60653065971263342,-0.10653065971263342,0.10653065971263342,exponencial,Euler,0.5,,,
1,0.25,0.36787944117144233,-0.11787944117144233,0.11787944117144233,exponencial,Euler,0.5,,,
1.5,0.125,0.22313016014842982,-0.098130160148429818,0.098130160148429818,exponencial,Euler,0.5,,,
2,0.0625,0.1353352832366127,-0.072835283236612702,0.072835283236612702,exponencial,Euler,0.5,,,
2.5,0.03125,0.0820849986238988,-0.0508349986238988,0.0508349986238988,exponencial,Euler,0.5,,,
3,0.015625,0.049787068367863944,-0.034162068367863944,0.034162068367863944,exponencial,Euler,0.5,,,
3.5,0.0078125,0.030197383422318501,-0.022384883422318501,0.022384883422318501,exponencial,Euler,0.5,,,
4,0.00390625,0.018315638888734179,-0.014409388888734179,0.014409388888734179,exponencial,Euler,0.5,,,
4.5,0.001953125,0.011108996538242306,-0.0091558715382423061,0.0091558715382423061,exponencial,Euler,0.5,,,
5,0.0009765625,0.006737946999085467,-0.005761384499085467,0.005761384499085467,exponencial,Euler,0.5,,,
5.5,0.00048828125,0.0040867714384640666,-0.0035984901884640666,0.0035984901884640666,exponencial,Euler,0.5,,,
6,0.000244140625,0.0024787521766663585,-0.0022346115516663585,0.0022346115516663585,exponencial,Euler,0.5,,,
6.5,0.0001220703125,0.0015034391929775724,-0.0013813688804775724,0.0013813688804775724,exponencial,Euler,0.5,,,
7,6.103515625e-05,0.00091188196555451624,-0.00085084680930451624,0.00085084680930451624,exponencial,Euler,0.5,,,
7.5,3.0517578125e-05,0.00055308437014783363,-0.00052256679202283363,0.00052256679202283363,exponencial,Euler,0.5,,,
8,1.52587890625e-05,0.00033546262790251185,-0.00032020383884001185,0.00032020383884001185,exponencial,Euler,0.5,,,
8.5,7.62939453125e-06,0.00020346836901064417,-0.00019583897447939417,0.00019583897447939417,exponencial,Euler,0.5,,,
9,3.814697265625e-06,0.00012340980408667956,-0.00011959510682105456,0.00011959510682105456,exponencial,Euler,0.5,,,
9.5,1.9073486328125e-06,7.4851829887700598e-05,-7.2944481254888098e-05,7.2944481254888098e-05,exponencial,Euler,0.5,,,
10,9.5367431640625e-07,4.5399929762484854e-05,-4.4446255446078604e-05,4.4446255446078604e-05,exponencial,Euler,0.5,,,
0,1,1,0,0,exponencial,Euler,0.10000000000000001,,,
0.10000000000000001,0.90000000000000002,0.90483741803595952,-0.0048374180359594954,0.0048374180359594954,exponencial,Euler,0.10000000000000001,,,
0.20000000000000001,0.81000000000000005,0.81873075307798182,-0.0087307530779817677,0.0087307530779817677,exponencial,Euler,0.10000000000000001,,,
0.30000000000000004,0.72899999999999998,0.74081822068171788,-0.011818220681717895,0.011818220681717895,exponencial,Euler,0.10000000000000001,,,
0.40000000000000002,0.65610000000000002,0.67032004603563933,-0.014220046035639311,0.014220046035639311,exponencial,Euler,0.10000000000000001,,,
0.5,0.59049000000000007,0.60653065971263342,-0.016040659712633354,0.016040659712633354,exponencial,Euler,0.10000000000000001,,,
0.60000000000000009,0.53144100000000005,0.54881163609402639,-0.017370636094026337,0.017370636094026337,exponencial,Euler,0.10000000000000001,,,
0.70000000000000007,0.47829690000000008,0.49658530379140947,-0.018288403791409391,0.018288403791409391,exponencial,Euler,0.10000000000000001,,,
0.80000000000000004,0.4304672100000001,0.44932896411722156,-0.018861754117221463,0.018861754117221463,exponencial,Euler,0.10000000000000001,,,
0.90000000000000002,0.38742048900000009,0.40656965974059911,-0.01914917074059902,0.01914917074059902,exponencial,Euler,0.10000000000000001,,,
1,0.3486784401000001,0.36787944117144233,-0.019201001071442236,0.019201001071442236,exponencial,Euler,0.10000000000000001,,,
1.1000000000000001,0.31381059609000006,0.33287108369807955,-0.01906048760807949,0.01906048760807949,exponencial,Euler,0.10000000000000001,,,
1.2000000000000002,0.282429536481,0.30119421191220203,-0.018764675431202027,0.018764675431202027,exponencial,Euler,0.10000000000000001,,,
1.3,0.25418658283290002,0.27253179303401259,-0.018345210201112572,0.018345210201112572,exponencial,Euler,0.10000000000000001,,,
1.4000000000000001,0.22876792454961001,0.24659696394160643,-0.017829039391996426,0.017829039391996426,exponencial,Euler,0.10000000000000001,,,
1.5,0.20589113209464904,0.22313016014842982,-0.017239028053780775,0.017239028053780775,exponencial,Euler,0.10000000000000001,,,
1.6000000000000001,0.18530201888518411,0.20189651799465538,-0.016594499109471278,0.016594499109471278,exponencial,Euler,0.10000000000000001,,,
1.7000000000000002,0.16677181699666568,0.18268352405273461,-0.015911707056068924,0.015911707056068924,exponencial,Euler,0.10000000000000001,,,
1.8,0.15009463529699912,0.16529888822158653,-0.015204252924587408,0.015204252924587408,exponencial,Euler,0.10000000000000001,,,
1.9000000000000001,0.1350851717672992,0.14956861922263504,-0.014483447455335835,0.014483447455335835,exponencial,Euler,0.10000000000000001,,,
2,0.12157665459056929,0.1353352832366127,-0.013758628646043408,0.013758628646043408,exponencial,Euler,0.10000000000000001,,,
2.1000000000000001,0.10941898913151235,0.12245642825298191,-0.013037439121469555,0.013037439121469555,exponencial,Euler,0.10000000000000001,,,
2.2000000000000002,0.09847709021836111,0.11080315836233387,-0.01232606814397276,0.01232606814397276,exponencial,Euler,0.10000000000000001,,,
2.3000000000000003,0.088629381196524998,0.10025884372280371,-0.011629462526278708,0.011629462526278708,exponencial,Euler,0.10000000000000001,,,
2.4000000000000004,0.079766443076872487,0.09071795328941247,-0.010951510212539983,0.010951510212539983,exponencial,Euler,0.10000000000000001,,,
2.5,0.071789798769185259,0.0820849986238988,-0.010295199854713541,0.010295199854713541,exponencial,Euler,0.10000000000000001,,,
2.6000000000000001,0.064610818892266733,0.074273578214333877,-0.0096627593220671437,0.0096627593220671437,exponencial,Euler,0.10000000000000001,,,
2.7000000000000002,0.058149737003040054,0.067205512739749756,-0.0090557757367097022,0.0090557757367097022,exponencial,Euler,0.10000000000000001,,,
2.8000000000000003,0.052334763302736044,0.060810062625217952,-0.0084752993224819079,0.0084752993224819079,exponencial,Euler,0.10000000000000001,,,
2.9000000000000004,0.047101286972462436,0.05502322005640721,-0.0079219330839447738,0.0079219330839447738,exponencial,Euler,0.10000000000000001,,,
3,0.042391158275216209,0.049787068367863944,-0.0073959100926477353,0.0073959100926477353,exponencial,Euler,0.10000000000000001,,,
3.1000000000000001,0.038152042447694587,0.045049202393557801,-0.0068971599458632141,0.0068971599458632141,exponencial,Euler,0.10000000000000001,,,
3.2000000000000002,0.034336838202925123,0.040762203978366211,-0.0064253657754410887,0.0064253657754410887,exponencial,Euler,0.10000000000000001,,,
3.3000000000000003,0.030903154382632608,0.036883167401239994,-0.0059800130186073858,0.0059800130186073858,exponencial,Euler,0.10000000000000001,,,
3.4000000000000004,0.027812838944369346,0.033373269960326066,-0.0055604310159567197,0.0055604310159567197,exponencial,Euler,0.10000000000000001,,,
3.5,0.025031555049932423,0.030197383422318501,-0.0051658283723860776,0.0051658283723860776,exponencial,Euler,0.10000000000000001,,,
3.6000000000000001,0.022528399544939178,0.027323722447292559,-0.0047953229023533807,0.0047953229023533807,exponencial,Euler,0.10000000000000001,,,
3.7000000000000002,0.020275559590445257,0.024723526470339388,-0.0044479668798941309,0.0044479668798941309,exponencial,Euler,0.10000000000000001,,,
3.8000000000000003,0.018248003631400729,0.022370771856165591,-0.0041227682247648618,0.0041227682247648618,exponencial,Euler,0.10000000000000001,,,
3.9000000000000004,0.016423203268260654,0.020241911445804381,-0.0038187081775437268,0.0038187081775437268,exponencial,Euler,0.10000000000000001,,,
4,0.014780882941434594,0.018315638888734179,-0.0035347559472995848,0.0035347559472995848,exponencial,Euler,0.10000000000000001,,,
4.1000000000000005,0.013302794647291127,0.016572675401761237,-0.0032698807544701107,0.0032698807544701107,exponencial,Euler,0.10000000000000001,,,
4.2000000000000002,0.011972515182562019,0.014995576820477703,-0.0030230616379156843,0.0030230616379156843,exponencial,Euler,0.10000000000000001,,,
4.2999999999999998,0.010775263664305821,0.013568559012200934,-0.0027932953478951132,0.0027932953478951132,exponencial,Euler,0.10000000000000001,,,
4.4000000000000004,0.0096977372978752328,0.012277339903068436,-0.0025796026051932031,0.0025796026051932031,exponencial,Euler,0.10000000000000001,,,
4.5,0.0087279635680877123,0.011108996538242306,-0.0023810329701545938,0.0023810329701545938,exponencial,Euler,0.10000000000000001,,,
4.6000000000000005,0.0078551672112789368,0.010051835744633576,-0.0021966685333546388,0.0021966685333546388,exponencial,Euler,0.10000000000000001,,,
4.7000000000000002,0.0070696504901510459,0.0090952771016958155,-0.0020256266115447697,0.0020256266115447697,exponencial,Euler,0.10000000000000001,,,
4.8000000000000007,0.0063626854411359375,0.0082297470490200232,-0.0018670616078840857,0.0018670616078840857,exponencial,Euler,0.10000000000000001,,,
4.9000000000000004,0.005726416897022346,0.0074465830709243381,-0.0017201661739019922,0.0017201661739019922,exponencial,Euler,0.10000000000000001,,,
5,0.0051537752073201135,0.006737946999085467,-0.0015841717917653535,0.0015841717917653535,exponencial,Euler,0.10000000000000001,,,
5.1000000000000005,0.0046383976865880996,0.0060967465655156327,-0.0014583488789275331,0.0014583488789275331,exponencial,Euler,0.10000000000000001,,,
5.2000000000000002,0.0041745579179292914,0.0055165644207607716,-0.0013420065028314802,0.0013420065028314802,exponencial,Euler,0.10000000000000001,,,
5.3000000000000007,0.00375710212613636,0.0049915939069102126,-0.0012344917807738526,0.0012344917807738526,exponencial,Euler,0.10000000000000001,,,
5.4000000000000004,0.0033813919135227254,0.0045165809426126659,-0.0011351890290899405,0.0011351890290899405,exponencial,Euler,0.10000000000000001,,,
5.5,0.0030432527221704543,0.0040867714384640666,-0.0010435187162936123,0.0010435187162936123,exponencial,Euler,0.10000000000000001,,,
5.6000000000000005,0.0027389274499534074,0.003697863716482929,-0.00095893626652952162,0.00095893626652952162,exponencial,Euler,0.10000000000000001,,,
5.7000000000000002,0.0024650347049580677,0.003345965457471272,-0.00088093075251320435,0.00088093075251320435,exponencial,Euler,0.10000000000000001,,,
5.8000000000000007,0.0022185312344622597,0.0030275547453758127,-0.00080902351091355308,0.00080902351091355308,exponencial,Euler,0.10000000000000001,,,
5.9000000000000004,0.0019966781110160345,0.0027394448187683684,-0.00074276670775233391,0.00074276670775233391,exponencial,Euler,0.10000000000000001,,,
6,0.0017970102999144318,0.0024787521766663585,-0.00068174187675192673,0.00068174187675192673,exponencial,Euler,0.10000000000000001,,,
6.1000000000000005,0.0016173092699229875,0.0022428677194858012,-0.00062555844956281364,0.00062555844956281364,exponencial,Euler,0.10000000000000001,,,
6.2000000000000002,0.0014555783429306894,0.002029430636295734,-0.00057385229336504463,0.00057385229336504463,exponencial,Euler,0.10000000000000001,,,
6.3000000000000007,0.0013100205086376197,0.0018363047770289056,-0.00052628426839128589,0.00052628426839128589,exponencial,Euler,0.10000000000000001,,,
6.4000000000000004,0.0011790184577738583,0.0016615572731739339,-0.00048253881540007561,0.00048253881540007561,exponencial,Euler,0.10000000000000001,,,
6.5,0.001061116611996473,0.0015034391929775724,-0.00044232258098109937,0.00044232258098109937,exponencial,Euler,0.10000000000000001,,,
6.6000000000000005,0.00095500495079682514,0.0013603680375478928,-0.00040536308675106765,0.00040536308675106765,exponencial,Euler,0.10000000000000001,,,
6.7000000000000002,0.00085950445571714293,0.001230911902673481,-0.00037140744695633807,0.00037140744695633807,exponencial,Euler,0.10000000000000001,,,
6.8000000000000007,0.0007735540101454282,0.0011137751478448024,-0.00034022113769937418,0.00034022113769937418,exponencial,Euler,0.10000000000000001,,,
6.9000000000000004,0.00069619860913088568,0.0010077854290485105,-0.00031158681991762477,0.00031158681991762477,exponencial,Euler,0.10000000000000001,,,
7,0.00062657874821779732,0.00091188196555451624,-0.00028530321733671892,0.00028530321733671892,exponencial,Euler,0.10000000000000001,,,
7.1000000000000005,0.00056392087339601727,0.00082510492326590384,-0.00026118404986988657,0.00026118404986988657,exponencial,Euler,0.10000000000000001,,,
7.2000000000000002,0.00050752878605641574,0.0007465858083766792,-0.00023905702232026346,0.00023905702232026346,exponencial,Euler,0.10000000000000001,,,
7.3000000000000007,0.0004567759074507739,0.00067553877519384374,-0.00021876286774306984,0.00021876286774306984,exponencial,Euler,0.10000000000000001,,,
7.4000000000000004,0.00041109831670569665,0.0006112527611295723,-0.00020015444442387565,0.00020015444442387565,exponencial,Euler,0.10000000000000001,,,
7.5,0.0003699884850351271,0.00055308437014783363,-0.00018309588511270652,0.00018309588511270652,exponencial,Euler,0.10000000000000001,,,
7.6000000000000005,0.00033298963653161421,0.0005004514334406104,-0.00016746179690899619,0.00016746179690899619,exponencial,Euler,0.10000000000000001,,,
7.7000000000000002,0.00029969067287845291,0.00045282718288679695,-0.00015313651000834405,0.00015313651000834405,exponencial,Euler,0.10000000000000001,,,
7.8000000000000007,0.00026972160559060745,0.00040973497897978643,-0.00014001337338917898,0.00014001337338917898,exponencial,Euler,0.10000000000000001,,,
7.9000000000000004,0.0002427494450315468,0.00037074354045908822,-0.00012799409542754142,0.00012799409542754142,exponencial,Euler,0.10000000000000001,,,
8,0.00021847450052839219,0.00033546262790251185,-0.00011698812737411966,0.00011698812737411966,exponencial,Euler,0.10000000000000001,,,
8.0999999999999996,0.00019662705047555304,0.00030353913807886678,-0.00010691208760331373,0.00010691208760331373,exponencial,Euler,0.10000000000000001,,,
8.2000000000000011,0.00017696434542799745,0.00027465356997214205,-9.7689224544144596e-05,9.7689224544144596e-05,exponencial,Euler,0.10000000000000001,,,
8.3000000000000007,0.00015926791088519777,0.00024851682710795185,-8.9248916222754075e-05,8.9248916222754075e-05,exponencial,Euler,0.10000000000000001,,,
8.4000000000000004,0.00014334111979667807,0.00022486732417884819,-8.1526204382170129e-05,8.1526204382170129e-05,exponencial,Euler,0.10000000000000001,,,
8.5,0.00012900700781701032,0.00020346836901064417,-7.4461361193633844e-05,7.4461361193633844e-05,exponencial,Euler,0.10000000000000001,,,
8.5999999999999996,0.00011610630703530934,0.00018410579366757919,-6.7999486632269851e-05,6.7999486632269851e-05,exponencial,Euler,0.10000000000000001,,,
8.7000000000000011,0.00010449567633177824,0.00016658581098763324,-6.2090134655854999e-05,6.2090134655854999e-05,exponencial,Euler,0.10000000000000001,,,
8.8000000000000007,9.4046108698600455e-05,0.0001507330750954765,-5.6686966396876049e-05,5.6686966396876049e-05,exponencial,Euler,0.10000000000000001,,,
8.9000000000000004,8.4641497828740449e-05,0.0001363889264820114,-5.1747428653270951e-05,5.1747428653270951e-05,exponencial,Euler,0.10000000000000001,,,
9,7.6177348045866432e-05,0.00012340980408667956,-4.7232456040813129e-05,4.7232456040813129e-05,exponencial,Euler,0.10000000000000001,,,
9.0999999999999996,6.8559613241279811e-05,0.00011166580849011478,-4.3106195248834967e-05,4.3106195248834967e-05,exponencial,Euler,0.10000000000000001,,,
9.2000000000000011,6.1703651917151733e-05,0.00010103940183709324,-3.9335749919941509e-05,3.9335749919941509e-05,exponencial,Euler,0.10000000000000001,,,
9.3000000000000007,5.5533286725436584e-05,9.142423147817327e-05,-3.5890944752736685e-05,3.5890944752736685e-05,exponencial,Euler,0.10000000000000001,,,
9.4000000000000004,4.9979958052892943e-05,8.2724065556632228e-05,-3.2744107503739286e-05,3.2744107503739286e-05,exponencial,Euler,0.10000000000000001,,,
9.5,4.4981962247603668e-05,7.4851829887700598e-05,-2.986986764009693e-05,2.986986764009693e-05,exponencial,Euler,0.10000000000000001,,,
9.6000000000000014,4.0483766022843239e-05,6.7728736490853776e-05,-2.7244970468010537e-05,2.7244970468010537e-05,exponencial,Euler,0.10000000000000001,,,
9.7000000000000011,3.6435389420558929e-05,6.1283495053222024e-05,-2.4848105632663095e-05,2.4848105632663095e-05,exponencial,Euler,0.10000000000000001,,,
9.8000000000000007,3.2791850478503051e-05,5.5451599432176945e-05,-2.2659748953673894e-05,2.2659748953673894e-05,exponencial,Euler,0.10000000000000001,,,
9.9000000000000004,2.9512665430652757e-05,5.0174682056175283e-05,-2.0662016625522525e-05,2.0662016625522525e-05,exponencial,Euler,0.10000000000000001,,,
10,2.6561398887587493e-05,4.5399929762484854e-05,-1.8838530874897361e-05,1.8838530874897361e-05,exponencial,Euler,0.10000000000000001,,,
0,1,1,0,0,exponencial,Euler,0.050000000000000003,,,
0.050000000000000003,0.94999999999999996,0.95122942450071402,-0.0012294245007140603,0.0012294245007140603,exponencial,Euler,0.050000000000000003,,,
0.10000000000000001,0.90249999999999997,0.90483741803595952,-0.0023374180359595487,0.0023374180359595487,exponencial,Euler,0.050000000000000003,,,
0.15000000000000002,0.857375,0.86070797642505781,-0.0033329764250578098,0.0033329764250578098,exponencial,Euler,0.050000000000000003,,,
0.20000000000000001,0.81450624999999999,0.81873075307798182,-0.0042245030779818338,0.0042245030779818338,exponencial,Euler,0.050000000000000003,,,
0.25,0.77378093749999999,0.77880078307140488,-0.0050198455714048906,0.0050198455714048906,exponencial,Euler,0.050000000000000003,,,
0.30000000000000004,0.73509189062499991,0.74081822068171788,-0.0057263300567179654,0.0057263300567179654,exponencial,Euler,0.050000000000000003,,,
0.35000000000000003,0.69833729609374995,0.70468808971871344,-0.0063507936249634911,0.0063507936249634911,exponencial,Euler,0.050000000000000003,,,
0.40000000000000002,0.66342043128906247,0.67032004603563933,-0.0068996147465768543,0.0068996147465768543,exponencial,Euler,0.050000000000000003,,,
0.45000000000000001,0.63024940972460941,0.63762815162177333,-0.0073787418971639207,0.0073787418971639207,exponencial,Euler,0.050000000000000003,,,
0.5,0.5987369392383789,0.60653065971263342,-0.0077937204742545285,0.0077937204742545285,exponencial,Euler,0.050000000000000003,,,
0.55000000000000004,0.56880009227645989,0.57694981038048665,-0.0081497181040267597,0.0081497181040267597,exponencial,Euler,0.050000000000000003,,,
0.60000000000000009,0.54036008766263688,0.54881163609402639,-0.0084515484313895106,0.0084515484313895106,exponencial,Euler,0.050000000000000003,,,
0.65000000000000002,0.51334208327950503,0.52204577676101604,-0.0087036934815110101,0.0087036934815110101,exponencial,Euler,0.050000000000000003,,,
0.70000000000000007,0.48767497911552976,0.49658530379140947,-0.0089103246758797106,0.0089103246758797106,exponencial,Euler,0.050000000000000003,,,
0.75,0.46329123015975332,0.47236655274101469,-0.0090753225812613691,0.0090753225812613691,exponencial,Euler,0.050000000000000003,,,
0.80000000000000004,0.44012666865176564,0.44932896411722156,-0.009202295465455923,0.009202295465455923,exponencial,Euler,0.050000000000000003,,,
0.85000000000000009,0.41812033521917735,0.42741493194872665,-0.0092945967295492982,0.0092945967295492982,exponencial,Euler,0.050000000000000003,,,
0.90000000000000002,0.39721431845821853,0.40656965974059911,-0.0093553412823805804,0.0093553412823805804,exponencial,Euler,0.050000000000000003,,,
0.95000000000000007,0.37735360253530759,0.38674102345450118,-0.0093874209191935898,0.0093874209191935898,exponencial,Euler,0.050000000000000003,,,
1,0.35848592240854221,0.36787944117144233,-0.0093935187629001216,0.0093935187629001216,exponencial,Euler,0.050000000000000003,,,
1.05,0.34056162628811509,0.34993774911115533,-0.0093761228230402338,0.0093761228230402338,exponencial,Euler,0.050000000000000003,,,
1.1000000000000001,0.32353354497370934,0.33287108369807955,-0.009337538724370209,0.009337538724370209,exponencial,Euler,0.050000000000000003,,,
1.1500000000000001,0.30735686772502385,0.31663676937905316,-0.00927990165402931,0.00927990165402931,exponencial,Euler,0.050000000000000003,,,
1.2000000000000002,0.29198902433877266,0.30119421191220203,-0.0092051875734293631,0.0092051875734293631,exponencial,Euler,0.050000000000000003,,,
1.25,0.2773895731218341,0.28650479686019009,-0.0091152237383559931,0.0091152237383559931,exponencial,Euler,0.050000000000000003,,,
1.3,0.26352009446574237,0.27253179303401259,-0.0090116985682702211,0.0090116985682702211,exponencial,Euler,0.050000000000000003,,,
1.3500000000000001,0.25034408974245526,0.25924026064589151,-0.0088961709034362513,0.0088961709034362513,exponencial,Euler,0.050000000000000003,,,
1.4000000000000001,0.23782688525533249,0.24659696394160643,-0.008770078686273941,0.008770078686273941,exponencial,Euler,0.050000000000000003,,,
1.4500000000000002,0.22593554099256585,0.23457028809379762,-0.0086347471012317711,0.0086347471012317711,exponencial,Euler,0.050000000000000003,,,
1.5,0.2146387639429376,0.22313016014842982,-0.0084913962054922187,0.0084913962054922187,exponencial,Euler,0.050000000000000003,,,
1.55,0.20390682574579072,0.21224797382674304,-0.0083411480809523209,0.0083411480809523209,exponencial,Euler,0.050000000000000003,,,
1.6000000000000001,0.19371148445850117,0.20189651799465538,-0.0081850335361542126,0.0081850335361542126,exponencial,Euler,0.050000000000000003,,,
1.6500000000000001,0.1840259102355761,0.19204990862075408,-0.0080239983851779773,0.0080239983851779773,exponencial,Euler,0.050000000000000003,,,
1.7000000000000002,0.17482461472379729,0.18268352405273461,-0.0078589093289373191,0.0078589093289373191,exponencial,Euler,0.050000000000000003,,,
1.75,0.16608338398760747,0.17377394345044514,-0.0076905594628376706,0.0076905594628376706,exponencial,Euler,0.050000000000000003,,,
1.8,0.1577792147882271,0.16529888822158653,-0.0075196734333594362,0.0075196734333594362,exponencial,Euler,0.050000000000000003,,,
1.8500000000000001,0.14989025404881573,0.15723716631362761,-0.0073469122648118779,0.0073469122648118779,exponencial,Euler,0.050000000000000003,,,
1.9000000000000001,0.14239574134637495,0.14956861922263504,-0.0071728778762600864,0.0071728778762600864,exponencial,Euler,0.050000000000000003,,,
1.9500000000000002,0.1352759542790562,0.14227407158651353,-0.0069981173074573355,0.0069981173074573355,exponencial,Euler,0.050000000000000003,,,
2,0.12851215656510342,0.1353352832366127,-0.0068231266715092775,0.0068231266715092775,exponencial,Euler,0.050000000000000003,,,
2.0500000000000003,0.12208654873684822,0.12873490358780418,-0.0066483548509559537,0.0066483548509559537,exponencial,Euler,0.050000000000000003,,,
2.1000000000000001,0.11598222130000584,0.12245642825298191,-0.0064742069529760693,0.0064742069529760693,exponencial,Euler,0.050000000000000003,,,
2.1499999999999999,0.11018311023500557,0.11648415777349697,-0.0063010475384913944,0.0063010475384913944,exponencial,Euler,0.050000000000000003,,,
2.2000000000000002,0.10467395472325526,0.11080315836233387,-0.0061292036390786092,0.0061292036390786092,exponencial,Euler,0.050000000000000003,,,
2.25,0.099440256987092523,0.10539922456186433,-0.0059589675747718091,0.0059589675747718091,exponencial,Euler,0.050000000000000003,,,
2.3000000000000003,0.09446824413773787,0.10025884372280371,-0.0057905995850658365,0.0057905995850658365,exponencial,Euler,0.050000000000000003,,,
2.3500000000000001,0.089744831930850991,0.095369162215549613,-0.0056243302846986226,0.0056243302846986226,exponencial,Euler,0.050000000000000003,,,
2.4000000000000004,0.085257590334308422,0.09071795328941247,-0.0054603629551040478,0.0054603629551040478,exponencial,Euler,0.050000000000000003,,,
2.4500000000000002,0.080994710817593019,0.086293586499370495,-0.0052988756817774763,0.0052988756817774763,exponencial,Euler,0.050000000000000003,,,
2.5,0.076944975276713387,0.0820849986238988,-0.0051400233471854129,0.0051400233471854129,exponencial,Euler,0.050000000000000003,,,
2.5500000000000003,0.0730977265128777,0.078081666001153127,-0.0049839394882754268,0.0049839394882754268,exponencial,Euler,0.050000000000000003,,,
2.6000000000000001,0.069442840187233831,0.074273578214333877,-0.0048307380271000455,0.0048307380271000455,exponencial,Euler,0.050000000000000003,,,
2.6500000000000004,0.065970698177872128,0.070651213060429569,-0.0046805148825574405,0.0046805148825574405,exponencial,Euler,0.050000000000000003,,,
2.7000000000000002,0.062672163268978537,0.067205512739749756,-0.0045333494707712196,0.0045333494707712196,exponencial,Euler,0.050000000000000003,,,
2.75,0.05953855510552962,0.06392786120670757,-0.0043893061011779505,0.0043893061011779505,exponencial,Euler,0.050000000000000003,,,
2.8000000000000003,0.056561627350253121,0.060810062625217952,-0.0042484352749648305,0.0042484352749648305,exponencial,Euler,0.050000000000000003,,,
2.8500000000000001,0.053733545982740473,0.057844320874838456,-0.0041107748920979834,0.0041107748920979834,exponencial,Euler,0.050000000000000003,,,
2.9000000000000004,0.051046868683603433,0.05502322005640721,-0.0039763513728037769,0.0039763513728037769,exponencial,Euler,0.050000000000000003,,,
2.9500000000000002,0.04849452524942327,0.052339705948432381,-0.0038451806990091111,0.0038451806990091111,exponencial,Euler,0.050000000000000003,,,
3,0.046069798986952112,0.049787068367863944,-0.0037172693809118321,0.0037172693809118321,exponencial,Euler,0.050000000000000003,,,
3.0500000000000003,0.043766309037604492,0.047358924391140908,-0.0035926153535364158,0.0035926153535364158,exponencial,Euler,0.050000000000000003,,,
3.1000000000000001,0.041577993585724275,0.045049202393557801,-0.0034712088078335257,0.0034712088078335257,exponencial,Euler,0.050000000000000003,,,
3.1500000000000004,0.039499093906438049,0.042852126867040166,-0.0033530329606021175,0.0033530329606021175,exponencial,Euler,0.050000000000000003,,,
3.2000000000000002,0.03752413921111615,0.040762203978366211,-0.0032380647672500609,0.0032380647672500609,exponencial,Euler,0.050000000000000003,,,
3.25,0.03564793225056035,0.038774207831722009,-0.0031262755811616583,0.0031262755811616583,exponencial,Euler,0.050000000000000003,,,
3.3000000000000003,0.033865535638032324,0.036883167401239994,-0.0030176317632076705,0.0030176317632076705,exponencial,Euler,0.050000000000000003,,,
3.3500000000000001,0.03217225885613071,0.035084354100845025,-0.0029120952447143147,0.0029120952447143147,exponencial,Euler,0.050000000000000003,,,
3.4000000000000004,0.030563645913324167,0.033373269960326066,-0.002809624047001899,0.002809624047001899,exponencial,Euler,0.050000000000000003,,,
3.4500000000000002,0.029035463617657964,0.031745636378067939,-0.0027101727604099748,0.0027101727604099748,exponencial,Euler,0.050000000000000003,,,
3.5,0.027583690436775072,0.030197383422318501,-0.0026136929855434289,0.0026136929855434289,exponencial,Euler,0.050000000000000003,,,
3.5500000000000003,0.02620450591493631,0.028724639654239423,-0.0025201337393031126,0.0025201337393031126,exponencial,Euler,0.050000000000000003,,,
3.6000000000000001,0.0248942806191895,0.027323722447292559,-0.0024294418281030593,0.0024294418281030593,exponencial,Euler,0.050000000000000003,,,
3.6500000000000004,0.023649566588230017,0.025991128778755333,-0.0023415621905253162,0.0023415621905253162,exponencial,Euler,0.050000000000000003,,,
3.7000000000000002,0.022467088258818522,0.024723526470339388,-0.0022564382115208663,0.0022564382115208663,exponencial,Euler,0.050000000000000003,,,
3.75,0.021343733845877601,0.023517745856009107,-0.0021740120101315062,0.0021740120101315062,exponencial,Euler,0.050000000000000003,,,
3.8000000000000003,0.020276547153583714,0.022370771856165591,-0.0020942247025818768,0.0020942247025818768,exponencial,Euler,0.050000000000000003,,,
3.8500000000000001,0.019262719795904531,0.021279736438377168,-0.0020170166424726375,0.0020170166424726375,exponencial,Euler,0.050000000000000003,,,
3.9000000000000004,0.018299583806109299,0.020241911445804381,-0.0019423276396950823,0.0019423276396950823,exponencial,Euler,0.050000000000000003,,,
3.9500000000000002,0.017384604615803836,0.01925470177538692,-0.001870097159583084,0.001870097159583084,exponencial,Euler,0.050000000000000003,,,
4,0.016515374385013649,0.018315638888734179,-0.0018002645037205299,0.0018002645037205299,exponencial,Euler,0.050000000000000003,,,
4.0499999999999998,0.015689605665762968,0.017422374639493515,-0.0017327689737305467,0.0017327689737305467,exponencial,Euler,0.050000000000000003,,,
4.1000000000000005,0.014905125382474809,0.016572675401761237,-0.0016675500192864286,0.0016675500192864286,exponencial,Euler,0.050000000000000003,,,
4.1500000000000004,0.01415986911335107,0.015764416484854486,-0.0016045473715034161,0.0016045473715034161,exponencial,Euler,0.050000000000000003,,,
4.2000000000000002,0.013451875657683519,0.014995576820477703,-0.0015437011627941841,0.0015437011627941841,exponencial,Euler,0.050000000000000003,,,
4.25,0.012779281874799346,0.014264233908999256,-0.0014849520341999097,0.0014849520341999097,exponencial,Euler,0.050000000000000003,,,
4.2999999999999998,0.012140317781059382,0.013568559012200934,-0.0014282412311415523,0.0014282412311415523,exponencial,Euler,0.050000000000000003,,,
4.3500000000000005,0.011533301892006404,0.012906812580479862,-0.0013735106884734585,0.0013735106884734585,exponencial,Euler,0.050000000000000003,,,
4.4000000000000004,0.010956636797406086,0.012277339903068436,-0.0013207031056623499,0.0013207031056623499,exponencial,Euler,0.050000000000000003,,,
4.4500000000000002,0.010408804957535784,0.011678566970395442,-0.0012697620128596585,0.0012697620128596585,exponencial,Euler,0.050000000000000003,,,
4.5,0.0098883647096589967,0.011108996538242306,-0.0012206318285833094,0.0012206318285833094,exponencial,Euler,0.050000000000000003,,,
4.5499999999999998,0.0093939464741760494,0.010567204383852655,-0.0011732579096766053,0.0011732579096766053,exponencial,Euler,0.050000000000000003,,,
4.6000000000000005,0.0089242491504672398,0.010051835744633576,-0.0011275865941663358,0.0011275865941663358,exponencial,Euler,0.050000000000000003,,,
4.6500000000000004,0.0084780366929438789,0.0095616019305435045,-0.0010835652375996256,0.0010835652375996256,exponencial,Euler,0.050000000000000003,,,
4.7000000000000002,0.0080541348582966864,0.0090952771016958155,-0.0010411422433991291,0.0010411422433991291,exponencial,Euler,0.050000000000000003,,,
4.75,0.0076514281153818534,0.0086516952031206341,-0.0010002670877387806,0.0010002670877387806,exponencial,Euler,0.050000000000000003,,,
4.8000000000000007,0.0072688567096127555,0.0082297470490200232,-0.00096089033940726775,0.00096089033940726775,exponencial,Euler,0.050000000000000003,,,
4.8500000000000005,0.0069054138741321191,0.0078283775492257665,-0.00092296367509364739,0.00092296367509364739,exponencial,Euler,0.050000000000000003,,,
4.9000000000000004,0.006560143180425514,0.0074465830709243381,-0.00088643989049882414,0.00088643989049882414,exponencial,Euler,0.050000000000000003,,,
4.9500000000000002,0.0062321360214042396,0.0070834089290521185,-0.00085127290764787887,0.00085127290764787887,exponencial,Euler,0.050000000000000003,,,
5,0.0059205292203340287,0.006737946999085467,-0.00081741777875143831,0.00081741777875143831,exponencial,Euler,0.050000000000000003,,,
5.0500000000000007,0.0056245027593173234,0.006409333446256377,-0.00078483068693905363,0.00078483068693905363,exponencial,Euler,0.050000000000000003,,,
5.1000000000000005,0.0053432776213514586,0.0060967465655156327,-0.00075346894416417412,0.00075346894416417412,exponencial,Euler,0.050000000000000003,,,
5.1500000000000004,0.0050761137402838864,0.0057994047268421414,-0.00072329098655825493,0.00072329098655825493,exponencial,Euler,0.050000000000000003,,,
5.2000000000000002,0.0048223080532696933,0.0055165644207607716,-0.00069425636749107823,0.00069425636749107823,exponencial,Euler,0.050000000000000003,,,
5.25,0.0045811926506062091,0.0052475183991813846,-0.00066632574857517553,0.00066632574857517553,exponencial,Euler,0.050000000000000003,,,
5.3000000000000007,0.0043521330180758952,0.0049915939069102126,-0.00063946088883431746,0.00063946088883431746,exponencial,Euler,0.050000000000000003,,,
5.3500000000000005,0.0041345263671721012,0.0047481509994114733,-0.00061362463223937208,0.00061362463223937208,exponencial,Euler,0.050000000000000003,,,
5.4000000000000004,0.003927800048813497,0.0045165809426126659,-0.00058878089379916891,0.00058878089379916891,exponencial,Euler,0.050000000000000003,,,
5.4500000000000002,0.0037314100463728228,0.0042963046907523398,-0.00056489464437951701,0.00056489464437951701,exponencial,Euler,0.050000000000000003,,,
5.5,0.0035448395440541825,0.0040867714384640666,-0.0005419318944098841,0.0005419318944098841,exponencial,Euler,0.050000000000000003,,,
5.5500000000000007,0.0033675975668514707,0.0038874572434761268,-0.00051985967662465616,0.00051985967662465616,exponencial,Euler,0.050000000000000003,,,
5.6000000000000005,0.0031992176885088978,0.003697863716482929,-0.00049864602797403124,0.00049864602797403124,exponencial,Euler,0.050000000000000003,,,
5.6500000000000004,0.0030392568040834536,0.0035175167749121284,-0.00047825997082867481,0.00047825997082867481,exponencial,Euler,0.050000000000000003,,,
5.7000000000000002,0.0028872939638792815,0.003345965457471272,-0.00045867149359199054,0.00045867149359199054,exponencial,Euler,0.050000000000000003,,,
5.75,0.0027429292656853178,0.0031827807965096669,-0.0004398515308243491,0.0004398515308243491,exponencial,Euler,0.050000000000000003,,,
5.8000000000000007,0.0026057828024010497,0.0030275547453758127,-0.00042177194297476298,0.00042177194297476298,exponencial,Euler,0.050000000000000003,,,
5.8500000000000005,0.0024754936622809979,0.0028798991580882404,-0.00040440549580724253,0.00040440549580724253,exponencial,Euler,0.050000000000000003,,,
5.9000000000000004,0.0023517189791669485,0.0027394448187683684,-0.00038772583960141986,0.00038772583960141986,exponencial,Euler,0.050000000000000003,,,
5.9500000000000002,0.0022341330302086014,0.0026058405184084983,-0.00037170748819989694,0.00037170748819989694,exponencial,Euler,0.050000000000000003,,,
6,0.0021224263786981715,0.0024787521766663585,-0.00035632579796818697,0.00035632579796818697,exponencial,Euler,0.050000000000000003,,,
6.0500000000000007,0.0020163050597632615,0.0023578620064902307,-0.00034155694672696919,0.00034155694672696919,exponencial,Euler,0.050000000000000003,,,
6.1000000000000005,0.0019154898067750988,0.0022428677194858012,-0.00032737791271070238,0.00032737791271070238,exponencial,Euler,0.050000000000000003,,,
6.1500000000000004,0.0018197153164363441,0.0021334817700377081,-0.00031376645360136398,0.00031376645360136398,exponencial,Euler,0.050000000000000003,,,
6.2000000000000002,0.0017287295506145273,0.002029430636295734,-0.00030070108568120671,0.00030070108568120671,exponencial,Euler,0.050000000000000003,,,
6.25,0.0016422930730838013,0.0019304541362277093,-0.00028816106314390796,0.00028816106314390796,exponencial,Euler,0.050000000000000003,,,
6.3000000000000007,0.0015601784194296101,0.0018363047770289056,-0.00027612635759929546,0.00027612635759929546,exponencial,Euler,0.050000000000000003,,,
6.3500000000000005,0.00148216949845813,0.0017467471362611182,-0.00026457763780298816,0.00026457763780298816,exponencial,Euler,0.050000000000000003,,,
6.4000000000000004,0.0014080610235352238,0.0016615572731739339,-0.00025349624963871007,0.00025349624963871007,exponencial,Euler,0.050000000000000003,,,
6.4500000000000002,0.001337657972358463,0.0015805221687362171,-0.00024286419637775409,0.00024286419637775409,exponencial,Euler,0.050000000000000003,,,
6.5,0.00127077507374054,0.0015034391929775724,-0.0002326641192370324,0.0002326641192370324,exponencial,Euler,0.050000000000000003,,,
6.5500000000000007,0.0012072363200535121,0.0014301155983078731,-0.000222879278254361,0.000222879278254361,exponencial,Euler,0.050000000000000003,,,
6.6000000000000005,0.0011468745040508366,0.0013603680375478928,-0.00021349353349705614,0.00021349353349705614,exponencial,Euler,0.050000000000000003,,,
6.6500000000000004,0.0010895307788482951,0.001294022105465848,-0.00020449132661755289,0.00020449132661755289,exponencial,Euler,0.050000000000000003,,,
6.7000000000000002,0.0010350542399058806,0.001230911902673481,-0.00019585766276760037,0.00019585766276760037,exponencial,Euler,0.050000000000000003,,,
6.75,0.00098330152791058678,0.0011708796207911744,-0.00018757809288058765,0.00018757809288058765,exponencial,Euler,0.050000000000000003,,,
6.8000000000000007,0.0009341364515150567,0.0011137751478448024,-0.00017963869632974569,0.00017963869632974569,exponencial,Euler,0.050000000000000003,,,
6.8500000000000005,0.00088742962893930397,0.0010594556929076091,-0.00017202606396830508,0.00017202606396830508,exponencial,Euler,0.050000000000000003,,,
6.9000000000000004,0.00084305814749233892,0.0010077854290485105,-0.00016472728155617154,0.00016472728155617154,exponencial,Euler,0.050000000000000003,,,
6.9500000000000002,0.00080090524011772212,0.00095863515369401986,-0.00015772991357629774,0.00015772991357629774,exponencial,Euler,0.050000000000000003,,,
7,0.00076085997811183611,0.00091188196555451624,-0.00015102198744268013,0.00015102198744268013,exponencial,Euler,0.050000000000000003,,,
7.0500000000000007,0.0007228169792062438,0.00086740895730700175,-0.00014459197810075795,0.00014459197810075795,exponencial,Euler,0.050000000000000003,,,
7.1000000000000005,0.00068667613024593177,0.00082510492326590384,-0.00013842879301997207,0.00013842879301997207,exponencial,Euler,0.050000000000000003,,,
7.1500000000000004,0.00065234232373363526,0.00078486408131093165,-0.00013252175757729639,0.00013252175757729639,exponencial,Euler,0.050000000000000003,,,
7.2000000000000002,0.00061972520754695359,0.0007465858083766792,-0.00012686060082972561,0.00012686060082972561,exponencial,Euler,0.050000000000000003,,,
7.25,0.00058873894716960598,0.00071017438884254903,-0.00012143544167294304,0.00012143544167294304,exponencial,Euler,0.050000000000000003,,,
7.3000000000000007,0.00055930199981112528,0.00067553877519384374,-0.00011623677538271846,0.00011623677538271846,exponencial,Euler,0.050000000000000003,,,
7.3500000000000005,0.00053133689982056917,0.00064259236035555734,-0.00011125546053498817,0.00011125546053498817,exponencial,Euler,0.050000000000000003,,,
7.4000000000000004,0.00050477005482954084,0.0006112527611295723,-0.00010648270630003146,0.00010648270630003146,exponencial,Euler,0.050000000000000003,,,
7.4500000000000002,0.0004795315520880639,0.00058144161219375557,-0.00010191006010569167,0.00010191006010569167,exponencial,Euler,0.050000000000000003,,,
7.5,0.00045555497448366081,0.00055308437014783363,-9.752939566417282e-05,9.752939566417282e-05,exponencial,Euler,0.050000000000000003,,,
7.5500000000000007,0.00043277722575947743,0.00052611012711606322,-9.3332901356585785e-05,9.3332901356585785e-05,exponencial,Euler,0.050000000000000003,,,
7.6000000000000005,0.00041113836447150362,0.0005004514334406104,-8.9313068969106783e-05,8.9313068969106783e-05,exponencial,Euler,0.050000000000000003,,,
7.6500000000000004,0.00039058144624792851,0.00047604412902226933,-8.5462682774340825e-05,8.5462682774340825e-05,exponencial,Euler,0.050000000000000003,,,
7.7000000000000002,0.00037105237393553214,0.00045282718288679695,-8.1774808951264814e-05,8.1774808951264814e-05,exponencial,Euler,0.050000000000000003,,,
7.75,0.00035249975523875558,0.00043074254057568753,-7.8242785336931947e-05,7.8242785336931947e-05,exponencial,Euler,0.050000000000000003,,,
7.8000000000000007,0.00033487476747681754,0.00040973497897978643,-7.4860211502968891e-05,7.4860211502968891e-05,exponencial,Euler,0.050000000000000003,,,
7.8500000000000005,0.00031813102910297674,0.00038975196825275448,-7.1620939149777743e-05,7.1620939149777743e-05,exponencial,Euler,0.050000000000000003,,,
7.9000000000000004,0.00030222447764782795,0.00037074354045908822,-6.8519062811260275e-05,6.8519062811260275e-05,exponencial,Euler,0.050000000000000003,,,
7.9500000000000002,0.00028711325376543659,0.00035266216462825575,-6.554891086281916e-05,6.554891086281916e-05,exponencial,Euler,0.050000000000000003,,,
8,0.0002727575910771648,0.00033546262790251185,-6.2705036825347056e-05,6.2705036825347056e-05,exponencial,Euler,0.050000000000000003,,,
8.0500000000000007,0.00025911971152330635,0.00031910192248120326,-5.9982210957896913e-05,5.9982210957896913e-05,exponencial,Euler,0.050000000000000003,,,
8.0999999999999996,0.0002461637259471413,0.00030353913807886678,-5.7375412131725474e-05,5.7375412131725474e-05,exponencial,Euler,0.050000000000000003,,,
8.1500000000000004,0.00023385553964978405,0.00028873535962820301,-5.487981997841896e-05,5.487981997841896e-05,exponencial,Euler,0.050000000000000003,,,
8.2000000000000011,0.00022216276266729469,0.00027465356997214205,-5.2490807304847356e-05,5.2490807304847356e-05,exponencial,Euler,0.050000000000000003,,,
8.25,0.0002110546245339302,0.00026125855730166754,-5.0203932767737338e-05,5.0203932767737338e-05,exponencial,Euler,0.050000000000000003,,,
8.3000000000000007,0.00020050189330723353,0.00024851682710795185,-4.8014933800718314e-05,4.8014933800718314e-05,exponencial,Euler,0.050000000000000003,,,
8.3499999999999996,0.00019047679864187206,0.00023639651842864072,-4.5919719786768659e-05,4.5919719786768659e-05,exponencial,Euler,0.050000000000000003,,,
8.4000000000000004,0.00018095295870977832,0.00022486732417884819,-4.391436546906987e-05,4.391436546906987e-05,exponencial,Euler,0.050000000000000003,,,
8.4500000000000011,0.00017190531077428928,0.00021390041536766111,-4.1995104593371826e-05,4.1995104593371826e-05,exponencial,Euler,0.050000000000000003,,,
8.5,0.000163310045235575,0.00020346836901064417,-4.0158323775069165e-05,4.0158323775069165e-05,exponencial,Euler,0.050000000000000003,,,
8.5500000000000007,0.00015514454297379615,0.00019354509955809383,-3.8400556584297678e-05,3.8400556584297678e-05,exponencial,Euler,0.050000000000000003,,,
8.5999999999999996,0.00014738731582510651,0.00018410579366757919,-3.6718477842472686e-05,3.6718477842472686e-05,exponencial,Euler,0.050000000000000003,,,
8.6500000000000004,0.00014001795003385108,0.00017512684815765842,-3.5108898123807343e-05,3.5108898123807343e-05,exponencial,Euler,0.050000000000000003,,,
8.7000000000000011,0.00013301705253215842,0.00016658581098763324,-3.3568758455474818e-05,3.3568758455474818e-05,exponencial,Euler,0.050000000000000003,,,
8.75,0.00012636619990555065,0.00015846132511575126,-3.2095125210200603e-05,3.2095125210200603e-05,exponencial,Euler,0.050000000000000003,,,
8.8000000000000007,0.00012004788991027303,0.0001507330750954765,-3.0685185185203471e-05,3.0685185185203471e-05,exponencial,Euler,0.050000000000000003,,,
8.8499999999999996,0.00011404549541475951,0.00014338173627629318,-2.9336240861533672e-05,2.9336240861533672e-05,exponencial,Euler,0.050000000000000003,,,
8.9000000000000004,0.00010834322064402145,0.0001363889264820114,-2.8045705837989951e-05,2.8045705837989951e-05,exponencial,Euler,0.050000000000000003,,,
8.9500000000000011,0.00010292605961182029,0.0001297371600457538,-2.6811100433933507e-05,2.6811100433933507e-05,exponencial,Euler,0.050000000000000003,,,
9,9.7779756631229391e-05,0.00012340980408667956,-2.563004745545017e-05,2.563004745545017e-05,exponencial,Euler,0.050000000000000003,,,
9.0500000000000007,9.2890768799667848e-05,0.00011739103691911796,-2.4500268119450117e-05,2.4500268119450117e-05,exponencial,Euler,0.050000000000000003,,,
9.0999999999999996,8.8246230359684556e-05,0.00011166580849011478,-2.3419578130430221e-05,2.3419578130430221e-05,exponencial,Euler,0.050000000000000003,,,
9.1500000000000004,8.3833918841700271e-05,0.00010621980274645875,-2.2385883904758479e-05,2.2385883904758479e-05,exponencial,Euler,0.050000000000000003,,,
9.2000000000000011,7.9642222899615196e-05,0.00010103940183709324,-2.1397178937478047e-05,2.1397178937478047e-05,exponencial,Euler,0.050000000000000003,,,
9.25,7.5660111754634522e-05,9.6111652061394695e-05,-2.0451540306760173e-05,2.0451540306760173e-05,exponencial,Euler,0.050000000000000003,,,
9.3000000000000007,7.1877106166902746e-05,9.142423147817327e-05,-1.9547125311270523e-05,1.9547125311270523e-05,exponencial,Euler,0.050000000000000003,,,
9.3499999999999996,6.8283250858557692e-05,8.6965419094402918e-05,-1.8682168235845226e-05,1.8682168235845226e-05,exponencial,Euler,0.050000000000000003,,,
9.4000000000000004,6.4869088315629758e-05,8.2724065556632228e-05,-1.7854977241002471e-05,1.7854977241002471e-05,exponencial,Euler,0.050000000000000003,,,
9.4500000000000011,6.1625633899848228e-05,7.868956527179456e-05,-1.7063931371946332e-05,1.7063931371946332e-05,exponencial,Euler,0.050000000000000003,,,
9.5,5.8544352204855884e-05,7.4851829887700598e-05,-1.6307477682844714e-05,1.6307477682844714e-05,exponencial,Euler,0.050000000000000003,,,
9.5500000000000007,5.5617134594613049e-05,7.1201263066902732e-05,-1.5584128472289683e-05,1.5584128472289683e-05,exponencial,Euler,0.050000000000000003,,,
9.6000000000000014,5.2836277864882355e-05,6.7728736490853776e-05,-1.4892458625971421e-05,1.4892458625971421e-05,exponencial,Euler,0.050000000000000003,,,
9.6500000000000004,5.0194463971638291e-05,6.4425567034355417e-05,-1.4231103062717126e-05,1.4231103062717126e-05,exponencial,Euler,0.050000000000000003,,,
9.7000000000000011,4.7684740773056339e-05,6.1283495053222024e-05,-1.3598754280165685e-05,1.3598754280165685e-05,exponencial,Euler,0.050000000000000003,,,
9.75,4.5300503734403572e-05,5.8294663730868811e-05,-1.2994159996465239e-05,1.2994159996465239e-05,exponencial,Euler,0.050000000000000003,,,
9.8000000000000007,4.3035478547683363e-05,5.5451599432176945e-05,-1.2416120884493582e-05,1.2416120884493582e-05,exponencial,Euler,0.050000000000000003,,,
9.8500000000000014,4.0883704620299162e-05,5.2747193015513757e-05,-1.1863488395214595e-05,1.1863488395214595e-05,exponencial,Euler,0.050000000000000003,,,
9.9000000000000004,3.8839519389284245e-05,5.0174682056175283e-05,-1.1335162666891037e-05,1.1335162666891037e-05,exponencial,Euler,0.050000000000000003,,,
9.9500000000000011,3.6897543419820003e-05,4.7727633936801882e-05,-1.083009051698188e-05,1.083009051698188e-05,exponencial,Euler,0.050000000000000003,,,
10,3.5052666248829045e-05,4.5399929762484854e-05,-1.0347263513655809e-05,1.0347263513655809e-05,exponencial,Euler,0.050000000000000003,,,
0,1,1,0,0,exponencial,Euler,0.01,,,
0.01,0.98999999999999999,0.99004983374916811,-4.983374916811556e-05,4.983374916811556e-05,exponencial,Euler,0.01,,,
0.02,0.98009999999999997,0.98019867330675525,-9.8673306755281409e-05,9.8673306755281409e-05,exponencial,Euler,0.01,,,
0.029999999999999999,0.97029900000000002,0.97044553354850815,-0.00014653354850813205,0.00014653354850813205,exponencial,Euler,0.01,,,
0.040000000000000001,0.96059601000000006,0.96078943915232318,-0.0001934291523231213,0.0001934291523231213,exponencial,Euler,0.01,,,
0.050000000000000003,0.95099004990000002,0.95122942450071402,-0.00023937460071399297,0.00023937460071399297,exponencial,Euler,0.01,,,
0.059999999999999998,0.941480149401,0.94176453358424872,-0.00028438418324872039,0.00028438418324872039,exponencial,Euler,0.01,,,
0.070000000000000007,0.93206534790699003,0.93239381990594827,-0.0003284719989582463,0.0003284719989582463,exponencial,Euler,0.01,,,
0.080000000000000002,0.92274469442792018,0.92311634638663576,-0.00037165195871557977,0.00037165195871557977,exponencial,Euler,0.01,,,
0.089999999999999997,0.91351724748364094,0.91393118527122819,-0.00041393778758724853,0.00041393778758724853,exponencial,Euler,0.01,,,
0.10000000000000001,0.90438207500880452,0.90483741803595952,-0.00045534302715499742,0.00045534302715499742,exponencial,Euler,0.01,,,
0.11,0.89533825425871649,0.89583413529652822,-0.00049588103781172954,0.00049588103781172954,exponencial,Euler,0.01,,,
0.12,0.88638487171612934,0.88692043671715748,-0.00053556500102813764,0.00053556500102813764,exponencial,Euler,0.01,,,
0.13,0.87752102299896806,0.8780954309205613,-0.00057440792159324516,0.00057440792159324516,exponencial,Euler,0.01,,,
0.14000000000000001,0.86874581276897833,0.86935823539880586,-0.00061242262982752482,0.00061242262982752482,exponencial,Euler,0.01,,,
0.14999999999999999,0.86005835464128855,0.86070797642505781,-0.00064962178376926083,0.00064962178376926083,exponencial,Euler,0.01,,,
0.16,0.85145777109487564,0.85214378896621135,-0.00068601787133570902,0.00068601787133570902,exponencial,Euler,0.01,,,
0.17000000000000001,0.84294319338392687,0.8436648165963837,-0.00072162321245683447,0.00072162321245683447,exponencial,Euler,0.01,,,
0.17999999999999999,0.8345137614500876,0.835270211411272,-0.00075644996118440222,0.00075644996118440222,exponencial,Euler,0.01,,,
0.19,0.82616862383558676,0.82695913394336229,-0.00079051010777553277,0.00079051010777553277,exponencial,Euler,0.01,,,
0.20000000000000001,0.81790693759723088,0.81873075307798182,-0.00082381548075094457,0.00082381548075094457,exponencial,Euler,0.01,,,
0.20999999999999999,0.80972786822125853,0.81058424597018708,-0.00085637774892854956,0.00085637774892854956,exponencial,Euler,0.01,,,
0.22,0.80163058953904598,0.80251879796247849,-0.00088820842343251272,0.00088820842343251272,exponencial,Euler,0.01,,,
0.23000000000000001,0.79361428364365549,0.79453360250333405,-0.00091931885967855287,0.00091931885967855287,exponencial,Euler,0.01,,,
0.23999999999999999,0.78567814080721898,0.78662786106655347,-0.00094972025933448556,0.00094972025933448556,exponencial,Euler,0.01,,,
0.25,0.77782135939914676,0.77880078307140488,-0.00097942367225811733,0.00097942367225811733,exponencial,Euler,0.01,,,
0.26000000000000001,0.77004314580515532,0.77105158580356625,-0.0010084399984109371,0.0010084399984109371,exponencial,Euler,0.01,,,
0.27000000000000002,0.76234271434710377,0.76337949433685315,-0.0010367799897493812,0.0010367799897493812,exponencial,Euler,0.01,,,
0.28000000000000003,0.75471928720363268,0.75578374145572547,-0.0010644542520927835,0.0010644542520927835,exponencial,Euler,0.01,,,
0.28999999999999998,0.74717209433159637,0.74826356757856527,-0.0010914732469688992,0.0010914732469688992,exponencial,Euler,0.01,,,
0.29999999999999999,0.73970037338828043,0.74081822068171788,-0.0011178472934374462,0.0011178472934374462,exponencial,Euler,0.01,,,
0.31,0.73230336965439757,0.73344695622428924,-0.0011435865698916636,0.0011435865698916636,exponencial,Euler,0.01,,,
0.32000000000000001,0.72498033595785361,0.72614903707369094,-0.0011687011158373339,0.0011687011158373339,exponencial,Euler,0.01,,,
0.33000000000000002,0.71773053259827502,0.71892373343192617,-0.0011932008336511535,0.0011932008336511535,exponencial,Euler,0.01,,,
0.34000000000000002,0.71055322727229231,0.71177032276260965,-0.0012170954903173437,0.0012170954903173437,exponencial,Euler,0.01,,,
0.35000000000000003,0.70344769499956938,0.70468808971871344,-0.0012403947191440556,0.0012403947191440556,exponencial,Euler,0.01,,,
0.35999999999999999,0.69641321804957368,0.69767632607103103,-0.0012631080214573487,0.0012631080214573487,exponencial,Euler,0.01,,,
0.37,0.68944908586907794,0.69073433063735468,-0.0012852447682767387,0.0012852447682767387,exponencial,Euler,0.01,,,
0.38,0.68255459501038718,0.68386140921235583,-0.0013068142019686535,0.0013068142019686535,exponencial,Euler,0.01,,,
0.39000000000000001,0.6757290490602833,0.67705687449816465,-0.001327825437881347,0.001327825437881347,exponencial,Euler,0.01,,,
0.40000000000000002,0.6689717585696805,0.67032004603563933,-0.0013482874659588306,0.0013482874659588306,exponencial,Euler,0.01,,,
0.41000000000000003,0.66228204098398369,0.6636502501363194,-0.0013682091523357087,0.0013682091523357087,exponencial,Euler,0.01,,,
0.41999999999999998,0.65565922057414383,0.65704681981505675,-0.0013875992409129179,0.0013875992409129179,exponencial,Euler,0.01,,,
0.42999999999999999,0.64910262836840238,0.65050909472331653,-0.0014064663549141487,0.0014064663549141487,exponencial,Euler,0.01,,,
0.44,0.64261160208471835,0.64403642108314141,-0.0014248189984230608,0.0014248189984230608,exponencial,Euler,0.01,,,
0.45000000000000001,0.63618548606387115,0.63762815162177333,-0.0014426655579021785,0.0014426655579021785,exponencial,Euler,0.01,,,
0.46000000000000002,0.62982363120323248,0.63128364550692595,-0.0014600143036934687,0.0014600143036934687,exponencial,Euler,0.01,,,
0.47000000000000003,0.62352539489120018,0.62500226828270078,-0.0014768733915005994,0.0014768733915005994,exponencial,Euler,0.01,,,
0.47999999999999998,0.61729014094228818,0.61878339180614084,-0.0014932508638526576,0.0014932508638526576,exponencial,Euler,0.01,,,
0.48999999999999999,0.61111723953286534,0.61262639418441611,-0.0015091546515507703,0.0015091546515507703,exponencial,Euler,0.01,,,
0.5,0.60500606713753668,0.60653065971263342,-0.0015245925750967393,0.0015245925750967393,exponencial,Euler,0.01,,,
0.51000000000000001,0.59895600646616132,0.6004955788122659,-0.0015395723461045785,0.0015395723461045785,exponencial,Euler,0.01,,,
0.52000000000000002,0.59296644640149965,0.59452054797019438,-0.0015541015686947324,0.0015541015686947324,exponencial,Euler,0.01,,,
0.53000000000000003,0.58703678193748465,0.58860496967835518,-0.0015681877408705303,0.0015681877408705303,exponencial,Euler,0.01,,,
0.54000000000000004,0.58116641411810976,0.58274825237398964,-0.0015818382558798749,0.0015818382558798749,exponencial,Euler,0.01,,,
0.55000000000000004,0.5753547499769287,0.57694981038048665,-0.0015950604035579463,0.0015950604035579463,exponencial,Euler,0.01,,,
0.56000000000000005,0.5696012024771594,0.57120906384881487,-0.0016078613716554724,0.0016078613716554724,exponencial,Euler,0.01,,,
0.57000000000000006,0.56390519045238785,0.56552543869953709,-0.0016202482471492363,0.0016202482471492363,exponencial,Euler,0.01,,,
0.57999999999999996,0.558266138547864,0.55989836656540204,-0.0016322280175380399,0.0016322280175380399,exponencial,Euler,0.01,,,
0.58999999999999997,0.55268347716238531,0.5543272847345071,-0.0016438075721217915,0.0016438075721217915,exponencial,Euler,0.01,,,
0.59999999999999998,0.54715664239076145,0.5488116360940265,-0.0016549937032650508,0.0016549937032650508,exponencial,Euler,0.01,,,
0.60999999999999999,0.54168507596685378,0.54335086907449981,-0.0016657931076460297,0.0016657931076460297,exponencial,Euler,0.01,,,
0.62,0.5362682252071852,0.53794443759467447,-0.0016762123874892731,0.0016762123874892731,exponencial,Euler,0.01,,,
0.63,0.53090554295511339,0.53259180100689718,-0.0016862580517837955,0.0016862580517837955,exponencial,Euler,0.01,,,
0.64000000000000001,0.52559648752556221,0.52729242404304855,-0.0016959365174863406,0.0016959365174863406,exponencial,Euler,0.01,,,
0.65000000000000002,0.52034052265030661,0.52204577676101604,-0.001705254110709431,0.001705254110709431,exponencial,Euler,0.01,,,
0.66000000000000003,0.51513711742380353,0.51685133449169918,-0.0017142170678956514,0.0017142170678956514,exponencial,Euler,0.01,,,
0.67000000000000004,0.5099857462495655,0.51170857778654244,-0.0017228315369769431,0.0017228315369769431,exponencial,Euler,0.01,,,
0.68000000000000005,0.50488588878706986,0.50661699236558955,-0.0017311035785196882,0.0017311035785196882,exponencial,Euler,0.01,,,
0.69000000000000006,0.49983702989919915,0.50157606906605545,-0.0017390391668563043,0.0017390391668563043,exponencial,Euler,0.01,,,
0.70000000000000007,0.49483865960020718,0.49658530379140947,-0.0017466441912022956,0.0017466441912022956,exponencial,Euler,0.01,,,
0.70999999999999996,0.48989027300420518,0.4916441974609651,-0.0017539244567599255,0.0017539244567599255,exponencial,Euler,0.01,,,
0.71999999999999997,0.48499137027416311,0.48675225595997168,-0.0017608856858085664,0.0017608856858085664,exponencial,Euler,0.01,,,
0.72999999999999998,0.48014145657142149,0.48190899009020244,-0.0017675335187809504,0.0017675335187809504,exponencial,Euler,0.01,,,
0.73999999999999999,0.47534004200570729,0.47711391552103438,-0.0017738735153270957,0.0017738735153270957,exponencial,Euler,0.01,,,
0.75,0.47058664158565022,0.47236655274101469,-0.0017799111553644664,0.0017799111553644664,exponencial,Euler,0.01,,,
0.76000000000000001,0.4658807751697937,0.46766642700990924,-0.0017856518401155319,0.0017856518401155319,exponencial,Euler,0.01,,,
0.77000000000000002,0.46122196741809574,0.46301306831122807,-0.0017911008931323358,0.0017911008931323358,exponencial,Euler,0.01,,,
0.78000000000000003,0.45660974774391477,0.45840601130522352,-0.0017962635613087419,0.0017962635613087419,exponencial,Euler,0.01,,,
0.79000000000000004,0.45204365026647564,0.45384479528235583,-0.00180114501588019,0.00180114501588019,exponencial,Euler,0.01,,,
0.80000000000000004,0.44752321376381088,0.44932896411722156,-0.0018057503534106845,0.0018057503534106845,exponencial,Euler,0.01,,,
0.81000000000000005,0.44304798162617276,0.44485806622294111,-0.0018100845967683465,0.0018100845967683465,exponencial,Euler,0.01,,,
0.82000000000000006,0.43861750180991105,0.44043165450599925,-0.0018141526960882004,0.0018141526960882004,exponencial,Euler,0.01,,,
0.83000000000000007,0.43423132679181192,0.43604928632153556,-0.0018179595297236339,0.0018179595297236339,exponencial,Euler,0.01,,,
0.83999999999999997,0.42988901352389386,0.43171052342907973,-0.0018215099051858696,0.0018215099051858696,exponencial,Euler,0.01,,,
0.84999999999999998,0.42559012338865493,0.42741493194872671,-0.0018248085600717778,0.0018248085600717778,exponencial,Euler,0.01,,,
0.85999999999999999,0.4213342221547684,0.42316208231774882,-0.0018278601629804214,0.0018278601629804214,exponencial,Euler,0.01,,,
0.87,0.41712087993322072,0.418951549247639,-0.0018306693144182762,0.0018306693144182762,exponencial,Euler,0.01,,,
0.88,0.41294967113388853,0.41478291168158138,-0.0018332405476928493,0.0018332405476928493,exponencial,Euler,0.01,,,
0.89000000000000001,0.40882017442254964,0.4106557527523455,-0.0018355783297958617,0.0018355783297958617,exponencial,Euler,0.01,,,
0.90000000000000002,0.40473197267832417,0.40656965974059911,-0.0018376870622749397,0.0018376870622749397,exponencial,Euler,0.01,,,
0.91000000000000003,0.40068465295154093,0.40252422403363597,-0.0018395710820950373,0.0018395710820950373,exponencial,Euler,0.01,,,
0.92000000000000004,0.39667780642202549,0.39851904108451414,-0.0018412346624886444,0.0018412346624886444,exponencial,Euler,0.01,,,
0.93000000000000005,0.39271102835780525,0.39455371037160109,-0.0018426820137958377,0.0018426820137958377,exponencial,Euler,0.01,,,
0.94000000000000006,0.38878391807422719,0.39062783535852108,-0.0018439172842938945,0.0018439172842938945,exponencial,Euler,0.01,,,
0.95000000000000007,0.38489607889348493,0.38674102345450118,-0.0018449445610162485,0.0018449445610162485,exponencial,Euler,0.01,,,
0.95999999999999996,0.38104711810455011,0.38289288597511206,-0.001845767870561954,0.001845767870561954,exponencial,Euler,0.01,,,
0.96999999999999997,0.37723664692350461,0.37908303810339883,-0.0018463911798942134,0.0018463911798942134,exponencial,Euler,0.01,,,
0.97999999999999998,0.37346428045426955,0.37531109885139957,-0.0018468183971300234,0.0018468183971300234,exponencial,Euler,0.01,,,
0.98999999999999999,0.36972963764972683,0.37157669102204571,-0.0018470533723188853,0.0018470533723188853,exponencial,Euler,0.01,,,
1,0.36603234127322953,0.36787944117144233,-0.0018470998982128006,0.0018470998982128006,exponencial,Euler,0.01,,,
1.01,0.36237201786049722,0.36421897957152333,-0.0018469617110261072,0.0018469617110261072,exponencial,Euler,0.01,,,
1.02,0.35874829768189226,0.3605949401730783,-0.0018466424911860457,0.0018466424911860457,exponencial,Euler,0.01,,,
1.03,0.35516081470507332,0.35700696056914738,-0.0018461458640740558,0.0018461458640740558,exponencial,Euler,0.01,,,
1.04,0.35160920655802258,0.35345468195878016,-0.0018454754007575791,0.0018454754007575791,exponencial,Euler,0.01,,,
1.05,0.34809311449244235,0.34993774911115533,-0.0018446346187129814,0.0018446346187129814,exponencial,Euler,0.01,,,
1.0600000000000001,0.34461218334751792,0.3464558103300574,-0.0018436269825394813,0.0018436269825394813,exponencial,Euler,0.01,,,
1.0700000000000001,0.34116606151404272,0.34300851741870664,-0.00184245590466392,0.00184245590466392,exponencial,Euler,0.01,,,
1.0800000000000001,0.3377544008989023,0.33959552564493911,-0.0018411247460368152,0.0018411247460368152,exponencial,Euler,0.01,,,
1.0900000000000001,0.33437685688991325,0.33621649370673334,-0.0018396368168200894,0.0018396368168200894,exponencial,Euler,0.01,,,
1.1000000000000001,0.33103308832101414,0.33287108369807955,-0.0018379953770654156,0.0018379953770654156,exponencial,Euler,0.01,,,
1.1100000000000001,0.32772275743780399,0.32955896107518906,-0.0018362036373850699,0.0018362036373850699,exponencial,Euler,0.01,,,
1.1200000000000001,0.32444552986342595,0.32627979462303947,-0.0018342647596135131,0.0018342647596135131,exponencial,Euler,0.01,,,
1.1300000000000001,0.32120107456479169,0.32303325642225289,-0.0018321818574612014,0.0018321818574612014,exponencial,Euler,0.01,,,
1.1400000000000001,0.31798906381914377,0.31981902181630384,-0.0018299579971600699,0.0018299579971600699,exponencial,Euler,0.01,,,
1.1500000000000001,0.31480917318095231,0.31663676937905316,-0.0018275961981008559,0.0018275961981008559,exponencial,Euler,0.01,,,
1.1599999999999999,0.31166108144914284,0.31348618088260533,-0.0018250994334624848,0.0018250994334624848,exponencial,Euler,0.01,,,
1.1699999999999999,0.3085444706346514,0.31036694126548503,-0.001822470630833628,0.001822470630833628,exponencial,Euler,0.01,,,
1.1799999999999999,0.30545902592830487,0.30727873860113125,-0.0018197126728263791,0.0018197126728263791,exponencial,Euler,0.01,,,
1.1899999999999999,0.30240443566902181,0.30422126406670408,-0.0018168283976822686,0.0018168283976822686,exponencial,Euler,0.01,,,
1.2,0.29938039131233157,0.30119421191220214,-0.0018138205998705637,0.0018138205998705637,exponencial,Euler,0.01,,,
1.21,0.29638658739920826,0.29819727942988739,-0.0018106920306791285,0.0018106920306791285,exponencial,Euler,0.01,,,
1.22,0.29342272152521615,0.29523016692401421,-0.0018074453987980688,0.0018074453987980688,exponencial,Euler,0.01,,,
1.23,0.29048849430996398,0.29229257768085942,-0.0018040833708954374,0.0018040833708954374,exponencial,Euler,0.01,,,
1.24,0.28758360936686433,0.28938421793905061,-0.0018006085721862797,0.0018006085721862797,exponencial,Euler,0.01,,,
1.25,0.28470777327319569,0.28650479686019009,-0.0017970235869944062,0.0017970235869944062,exponencial,Euler,0.01,,,
1.26,0.28186069554046372,0.2836540264997704,-0.0017933309593066715,0.0017933309593066715,exponencial,Euler,0.01,,,
1.27,0.27904208858505908,0.28083162177837978,-0.0017895331933207026,0.0017895331933207026,exponencial,Euler,0.01,,,
1.28,0.2762516676992085,0.27803730045319414,-0.0017856327539856331,0.0017856327539856331,exponencial,Euler,0.01,,,
1.29,0.27348915102221644,0.27527078308975234,-0.0017816320675358988,0.0017816320675358988,exponencial,Euler,0.01,,,
1.3,0.27075425951199428,0.27253179303401259,-0.0017775335220183153,0.0017775335220183153,exponencial,Euler,0.01,,,
1.3100000000000001,0.26804671691687432,0.26982005638468681,-0.0017733394678124959,0.0017733394678124959,exponencial,Euler,0.01,,,
1.3200000000000001,0.26536624974770556,0.26713530196585034,-0.0017690522181447732,0.0017690522181447732,exponencial,Euler,0.01,,,
1.3300000000000001,0.2627125872502285,0.26447726129982396,-0.0017646740495954605,0.0017646740495954605,exponencial,Euler,0.01,,,
1.3400000000000001,0.2600854613777262,0.26184566858032599,-0.0017602072025997839,0.0017602072025997839,exponencial,Euler,0.01,,,
1.3500000000000001,0.25748460676394896,0.25924026064589151,-0.0017556538819425427,0.0017556538819425427,exponencial,Euler,0.01,,,
1.3600000000000001,0.2549097606963095,0.25666077695355588,-0.001751016257246385,0.001751016257246385,exponencial,Euler,0.01,,,
1.3700000000000001,0.2523606630893464,0.25410695955280027,-0.0017462964634538669,0.0017462964634538669,exponencial,Euler,0.01,,,
1.3800000000000001,0.24983705645845294,0.25157855305975646,-0.001741496601303516,0.001741496601303516,exponencial,Euler,0.01,,,
1.3900000000000001,0.24733868589386843,0.24907530463166816,-0.0017366187377997333,0.0017366187377997333,exponencial,Euler,0.01,,,
1.4000000000000001,0.24486529903492973,0.24659696394160643,-0.0017316649066766998,0.0017316649066766998,exponencial,Euler,0.01,,,
1.4099999999999999,0.24241664604458049,0.24414328315343711,-0.0017266371088566212,0.0017266371088566212,exponencial,Euler,0.01,,,
1.4199999999999999,0.23999247958413469,0.24171401689703645,-0.0017215373129017553,0.0017215373129017553,exponencial,Euler,0.01,,,
1.4299999999999999,0.23759255478829333,0.23930892224375455,-0.0017163674554612207,0.0017163674554612207,exponencial,Euler,0.01,,,
1.4399999999999999,0.2352166292404104,0.23692775868212176,-0.0017111294417113676,0.0017111294417113676,exponencial,Euler,0.01,,,
1.45,0.23286446294800628,0.23457028809379765,-0.0017058251457913731,0.0017058251457913731,exponencial,Euler,0.01,,,
1.46,0.23053581831852621,0.23223627472975883,-0.0017004564112326204,0.0017004564112326204,exponencial,Euler,0.01,,,
1.47,0.22823046013534096,0.22992548518672384,-0.0016950250513828868,0.0016950250513828868,exponencial,Euler,0.01,,,
1.48,0.22594815553398753,0.22763768838381274,-0.0016895328498252038,0.0016895328498252038,exponencial,Euler,0.01,,,
1.49,0.22368867397864767,0.22537265553943872,-0.0016839815607910535,0.0016839815607910535,exponencial,Euler,0.01,,,
1.5,0.22145178723886119,0.22313016014842982,-0.0016783729095686262,0.0016783729095686262,exponencial,Euler,0.01,,,
1.51,0.21923726936647259,0.2209099779593782,-0.0016727085929056085,0.0016727085929056085,exponencial,Euler,0.01,,,
1.52,0.21704489667280785,0.21871188695221475,-0.0016669902794068936,0.0016669902794068936,exponencial,Euler,0.01,,,
1.53,0.21487444770607977,0.21653566731600707,-0.0016612196099272947,0.0016612196099272947,exponencial,Euler,0.01,,,
1.54,0.21272570322901899,0.21438110142697794,-0.0016553981979589572,0.0016553981979589572,exponencial,Euler,0.01,,,
1.55,0.21059844619672879,0.21224797382674304,-0.001649527630014247,0.001649527630014247,exponencial,Euler,0.01,,,
1.5600000000000001,0.20849246173476149,0.21013607120076472,-0.0016436094660032263,0.0016436094660032263,exponencial,Euler,0.01,,,
1.5700000000000001,0.20640753711741389,0.20804518235702046,-0.0016376452396065777,0.0016376452396065777,exponencial,Euler,0.01,,,
1.5800000000000001,0.20434346174623974,0.20597509820488344,-0.0016316364586436982,0.0016316364586436982,exponencial,Euler,0.01,,,
1.5900000000000001,0.20230002712877734,0.20392561173421342,-0.0016255846054360756,0.0016255846054360756,exponencial,Euler,0.01,,,
1.6000000000000001,0.20027702685748958,0.20189651799465538,-0.0016194911371658072,0.0016194911371658072,exponencial,Euler,0.01,,,
1.6100000000000001,0.19827425658891468,0.19988761407514449,-0.0016133574862298161,0.0016133574862298161,exponencial,Euler,0.01,,,
1.6200000000000001,0.19629151402302553,0.19789869908361465,-0.001607185060589128,0.001607185060589128,exponencial,Euler,0.01,,,
1.6300000000000001,0.19432859888279527,0.19592957412690934,-0.0016009752441140668,0.0016009752441140668,exponencial,Euler,0.01,,,
1.6400000000000001,0.19238531289396732,0.19398004229089189,-0.0015947293969245657,0.0015947293969245657,exponencial,Euler,0.01,,,
1.6500000000000001,0.19046145976502765,0.19204990862075408,-0.0015884488557264265,0.0015884488557264265,exponencial,Euler,0.01,,,
1.6600000000000001,0.18855684516737736,0.1901389801015205,-0.0015821349341431368,0.0015821349341431368,exponencial,Euler,0.01,,,
1.6699999999999999,0.18667127671570363,0.1882470656387468,-0.0015757889230431643,0.0015757889230431643,exponencial,Euler,0.01,,,
1.6799999999999999,0.18480456394854661,0.18637397603940997,-0.0015694120908633646,0.0015694120908633646,exponencial,Euler,0.01,,,
1.6899999999999999,0.18295651830906115,0.18451952399298926,-0.0015630056839281148,0.0015630056839281148,exponencial,Euler,0.01,,,
1.7,0.18112695312597055,0.18268352405273466,-0.001556570926764117,0.001556570926764117,exponencial,Euler,0.01,,,
1.71,0.17931568359471084,0.1808657926171221,-0.0015501090224112613,0.0015501090224112613,exponencial,Euler,0.01,,,
1.72,0.17752252675876373,0.17906614791149322,-0.0015436211527294907,0.0015436211527294907,exponencial,Euler,0.01,,,
1.73,0.17574730149117609,0.17728440996987782,-0.0015371084787017264,0.0015371084787017264,exponencial,Euler,0.01,,,
1.74,0.17398982847626432,0.17552040061699686,-0.0015305721407325446,0.0015305721407325446,exponencial,Euler,0.01,,,
1.75,0.17224993019150167,0.17377394345044514,-0.0015240132589434685,0.0015240132589434685,exponencial,Euler,0.01,,,
1.76,0.17052743088958666,0.17204486382305054,-0.0015174329334638748,0.0015174329334638748,exponencial,Euler,0.01,,,
1.77,0.1688221565806908,0.17033298882540943,-0.001510832244718624,0.001510832244718624,exponencial,Euler,0.01,,,
1.78,0.16713393501488388,0.1686381472685955,-0.001504212253711612,0.001504212253711612,exponencial,Euler,0.01,,,
1.79,0.16546259566473503,0.16696016966704069,-0.0014975740023056572,0.0014975740023056572,exponencial,Euler,0.01,,,
1.8,0.16380796970808767,0.16529888822158653,-0.0014909185134988623,0.0014909185134988623,exponencial,Euler,0.01,,,
1.8100000000000001,0.16216989001100679,0.16365413680270405,-0.0014842467916972579,0.0014842467916972579,exponencial,Euler,0.01,,,
1.8200000000000001,0.16054819111089672,0.16202575093388075,-0.0014775598229840314,0.0014775598229840314,exponencial,Euler,0.01,,,
1.8300000000000001,0.15894270919978776,0.16041356777517274,-0.0014708585753849812,0.0014708585753849812,exponencial,Euler,0.01,,,
1.8400000000000001,0.15735328210778987,0.15881742610692068,-0.001464143999130807,0.001464143999130807,exponencial,Euler,0.01,,,
1.8500000000000001,0.15577974928671198,0.15723716631362761,-0.001457417026915625,0.001457417026915625,exponencial,Euler,0.01,,,
1.8600000000000001,0.15422195179384487,0.15567263036799731,-0.0014506785741524308,0.0014506785741524308,exponencial,Euler,0.01,,,
1.8700000000000001,0.15267973227590642,0.1541236618151314,-0.0014439295392249807,0.0014439295392249807,exponencial,Euler,0.01,,,
1.8800000000000001,0.15115293495314736,0.15259010575688386,-0.0014371708037365094,0.0014371708037365094,exponencial,Euler,0.01,,,
1.8900000000000001,0.14964140560361588,0.15107180883637084,-0.001430403232754951,0.001430403232754951,exponencial,Euler,0.01,,,
1.9000000000000001,0.14814499154757974,0.14956861922263504,-0.0014236276750553001,0.0014236276750553001,exponencial,Euler,0.01,,,
1.9100000000000001,0.14666354163210393,0.14808038659546244,-0.0014168449633585045,0.0014168449633585045,exponencial,Euler,0.01,,,
1.9199999999999999,0.14519690621578293,0.14660696213035015,-0.0014100559145672209,0.0014100559145672209,exponencial,Euler,0.01,,,
1.9299999999999999,0.1437449371536251,0.14514819848362373,-0.0014032613299986285,0.0014032613299986285,exponencial,Euler,0.01,,,
1.9399999999999999,0.14230748778208885,0.14370394977770293,-0.0013964619956140789,0.0013964619956140789,exponencial,Euler,0.01,,,
1.95,0.14088441290426795,0.14227407158651359,-0.0013896586822456369,0.0013896586822456369,exponencial,Euler,0.01,,,
1.96,0.13947556877522527,0.140858420921045,-0.0013828521458197351,0.0013828521458197351,exponencial,Euler,0.01,,,
1.97,0.13808081308747303,0.13945685621505094,-0.0013760431275779139,0.0013760431275779139,exponencial,Euler,0.01,,,
1.98,0.13670000495659829,0.13806923731089282,-0.0013692323542945362,0.0013692323542945362,exponencial,Euler,0.01,,,
1.99,0.13533300490703229,0.13669542544552385,-0.00136242053849156,0.00136242053849156,exponencial,Euler,0.01,,,
2,0.13397967485796197,0.1353352832366127,-0.00135560837865073,0.00135560837865073,exponencial,Euler,0.01,,,
2.0100000000000002,0.13263987810938233,0.13398867466880493,-0.0013487965594226048,0.0013487965594226048,exponencial,Euler,0.01,,,
2.02,0.13131347932828852,0.13265546508012172,-0.0013419857518331968,0.0013419857518331968,exponencial,Euler,0.01,,,
2.0300000000000002,0.13000034453500561,0.13133552114849303,-0.001335176613487421,0.001335176613487421,exponencial,Euler,0.01,,,
2.04,0.12870034108965558,0.13002871087842591,-0.0013283697887703227,0.0013283697887703227,exponencial,Euler,0.01,,,
2.0499999999999998,0.12741333767875906,0.12873490358780423,-0.0013215659090451692,0.0013215659090451692,exponencial,Euler,0.01,,,
2.0600000000000001,0.12613920430197145,0.12745396989482075,-0.001314765592849293,0.001314765592849293,exponencial,Euler,0.01,,,
2.0699999999999998,0.12487781225895177,0.12618578170503877,-0.0013079694460870067,0.0013079694460870067,exponencial,Euler,0.01,,,
2.0800000000000001,0.12362903413636223,0.12493021219858241,-0.0013011780622201874,0.0013011780622201874,exponencial,Euler,0.01,,,
2.0899999999999999,0.12239274379499863,0.12368713581745483,-0.001294392022456195,0.001294392022456195,exponencial,Euler,0.01,,,
2.1000000000000001,0.12116881635704863,0.12245642825298191,-0.00128761189593328,0.00128761189593328,exponencial,Euler,0.01,,,
2.1099999999999999,0.11995712819347816,0.12123796643338168,-0.0012808382399035201,0.0012808382399035201,exponencial,Euler,0.01,,,
2.1200000000000001,0.11875755691154335,0.12003162851145673,-0.0012740715999133706,0.0012740715999133706,exponencial,Euler,0.01,,,
2.1299999999999999,0.11756998134242795,0.11883729385240965,-0.0012673125099817023,0.0012673125099817023,exponencial,Euler,0.01,,,
2.1400000000000001,0.11639428152900365,0.11765484302177918,-0.001260561492775536,0.001260561492775536,exponencial,Euler,0.01,,,
2.1499999999999999,0.11523033871371363,0.11648415777349697,-0.0012538190597833343,0.0012538190597833343,exponencial,Euler,0.01,,,
2.1600000000000001,0.11407803532657647,0.11532512103806251,-0.0012470857114860456,0.0012470857114860456,exponencial,Euler,0.01,,,
2.1699999999999999,0.11293725497331072,0.1141776169108365,-0.0012403619375257746,0.0012403619375257746,exponencial,Euler,0.01,,,
2.1800000000000002,0.11180788242357759,0.11304153064044985,-0.0012336482168722601,0.0012336482168722601,exponencial,Euler,0.01,,,
2.1899999999999999,0.11068980359934183,0.11191674861732888,-0.0012269450179870495,0.0012269450179870495,exponencial,Euler,0.01,,,
2.2000000000000002,0.10958290556334839,0.11080315836233387,-0.00122025279898548,0.00122025279898548,exponencial,Euler,0.01,,,
2.21,0.10848707650771493,0.10970064851551141,-0.0012135720077964818,0.0012135720077964818,exponencial,Euler,0.01,,,
2.2200000000000002,0.10740220574263776,0.10860910882495796,-0.0012069030823202015,0.0012069030823202015,exponencial,Euler,0.01,,,
2.23,0.10632818368521141,0.10752843013579495,-0.0012002464505835447,0.0012002464505835447,exponencial,Euler,0.01,,,
2.2400000000000002,0.10526490184835927,0.10645850437925281,-0.0011936025308935394,0.0011936025308935394,exponencial,Euler,0.01,,,
2.25,0.1042122528298757,0.10539922456186433,-0.0011869717319886314,0.0011869717319886314,exponencial,Euler,0.01,,,
2.2600000000000002,0.10317013030157691,0.10435048475476499,-0.0011803544531880789,0.0011803544531880789,exponencial,Euler,0.01,,,
2.27,0.10213842899856117,0.1033121800831002,-0.0011737510845390292,0.0011737510845390292,exponencial,Euler,0.01,,,
2.2800000000000002,0.10111704470857553,0.10228420671553744,-0.0011671620069619026,0.0011671620069619026,exponencial,Euler,0.01,,,
2.29,0.1001058742614898,0.1012664618538834,-0.0011605875923935971,0.0011605875923935971,exponencial,Euler,0.01,,,
2.3000000000000003,0.099104815518874873,0.10025884372280371,-0.0011540282039288335,0.0011540282039288335,exponencial,Euler,0.01,,,
2.3100000000000001,0.098113767363686141,0.099261251559645658,-0.0011474841959595167,0.0011474841959595167,exponencial,Euler,0.01,,,
2.3199999999999998,0.097132629690049307,0.098273585604361544,-0.0011409559143122361,0.0011409559143122361,exponencial,Euler,0.01,,,
2.3300000000000001,0.096161303393148795,0.097295747089532758,-0.0011344436963839633,0.0011344436963839633,exponencial,Euler,0.01,,,
2.3399999999999999,0.095199690359217326,0.096327638230493035,-0.0011279478712757085,0.0011279478712757085,exponencial,Euler,0.01,,,
2.3500000000000001,0.094247693455625128,0.095369162215549613,-0.0011214687599244849,0.0011214687599244849,exponencial,Euler,0.01,,,
2.3599999999999999,0.093305216521068893,0.094420223196302347,-0.0011150066752334542,0.0011150066752334542,exponencial,Euler,0.01,,,
2.3700000000000001,0.092372164355858183,0.093480726278058465,-0.0011085619222002824,0.0011085619222002824,exponencial,Euler,0.01,,,
2.3799999999999999,0.091448442712299627,0.09255057751034329,-0.0011021347980436635,0.0011021347980436635,exponencial,Euler,0.01,,,
2.3900000000000001,0.090533958285176616,0.091629683877504836,-0.00109572559232822,0.00109572559232822,exponencial,Euler,0.01,,,
2.3999999999999999,0.089628618702324872,0.090717953289412512,-0.0010893345870876397,0.0010893345870876397,exponencial,Euler,0.01,,,
2.4100000000000001,0.088732332515301604,0.089815294572247628,-0.0010829620569460241,0.0010829620569460241,exponencial,Euler,0.01,,,
2.4199999999999999,0.087845009190148607,0.088921617459386343,-0.001076608269237736,0.001076608269237736,exponencial,Euler,0.01,,,
2.4300000000000002,0.086966559098247104,0.088036832582372548,-0.0010702734841254447,0.0010702734841254447,exponencial,Euler,0.01,,,
2.4399999999999999,0.086096893507264655,0.087160851461981298,-0.0010639579547166433,0.0010639579547166433,exponencial,Euler,0.01,,,
2.4500000000000002,0.085235924572191993,0.086293586499370495,-0.001057661927178502,0.001057661927178502,exponencial,Euler,0.01,,,
2.46,0.084383565326470095,0.085434950967321233,-0.0010513856408511379,0.0010513856408511379,exponencial,Euler,0.01,,,
2.4700000000000002,0.083539729673205373,0.084584859001564691,-0.0010451293283593177,0.0010451293283593177,exponencial,Euler,0.01,,,
2.48,0.082704332376473344,0.083743225592195963,-0.0010388932157226194,0.0010388932157226194,exponencial,Euler,0.01,,,
2.4900000000000002,0.081877289052708593,0.082909966575172661,-0.0010326775224640677,0.0010326775224640677,exponencial,Euler,0.01,,,
2.5,0.081058516162181529,0.0820849986238988,-0.0010264824617172708,0.0010264824617172708,exponencial,Euler,0.01,,,
2.5100000000000002,0.0802479310005597,0.081268239240891674,-0.0010203082403319741,0.0010203082403319741,exponencial,Euler,0.01,,,
2.52,0.079445451690554114,0.080459606749532439,-0.0010141550589783249,0.0010141550589783249,exponencial,Euler,0.01,,,
2.5300000000000002,0.078650997173648554,0.079659020285898011,-0.0010080231122494565,0.0010080231122494565,exponencial,Euler,0.01,,,
2.54,0.07786448720191208,0.078866399790674946,-0.0010019125887628655,0.0010019125887628655,exponencial,Euler,0.01,,,
2.5500000000000003,0.077085842329892948,0.078081666001153127,-0.00099582367126017923,0.00099582367126017923,exponencial,Euler,0.01,,,
2.5600000000000001,0.076314983906594039,0.077304740443299741,-0.00098975653670570207,0.00098975653670570207,exponencial,Euler,0.01,,,
2.5699999999999998,0.07555183406752812,0.076535545423911513,-0.00098371135638339324,0.00098371135638339324,exponencial,Euler,0.01,,,
2.5800000000000001,0.074796315726852816,0.075774004022845481,-0.00097768829599266527,0.00097768829599266527,exponencial,Euler,0.01,,,
2.5899999999999999,0.074048352569584308,0.075020040085326978,-0.00097168751574266965,0.00097168751574266965,exponencial,Euler,0.01,,,
2.6000000000000001,0.073307869043888446,0.074273578214333877,-0.0009657091704454307,0.0009657091704454307,exponencial,Euler,0.01,,,
2.6099999999999999,0.072574790353449575,0.073534543763057097,-0.0009597534096075222,0.0009597534096075222,exponencial,Euler,0.01,,,
2.6200000000000001,0.071849042449915065,0.072802862827435588,-0.00095382037752052284,0.00095382037752052284,exponencial,Euler,0.01,,,
2.6299999999999999,0.071130552025415933,0.0720784622387661,-0.00094791021335016712,0.00094791021335016712,exponencial,Euler,0.01,,,
2.6400000000000001,0.070419246505161751,0.071361269556386053,-0.00094202305122430274,0.00094202305122430274,exponencial,Euler,0.01,,,
2.6499999999999999,0.06971505404011015,0.070651213060429596,-0.00093615902031944642,0.00093615902031944642,exponencial,Euler,0.01,,,
2.6600000000000001,0.06901790349970903,0.069948221744655356,-0.00093031824494632653,0.00093031824494632653,exponencial,Euler,0.01,,,
2.6699999999999999,0.068327724464711956,0.069252225309345994,-0.00092450084463403803,0.00092450084463403803,exponencial,Euler,0.01,,,
2.6800000000000002,0.067644447220064824,0.068563154154277911,-0.00091870693421308713,0.00091870693421308713,exponencial,Euler,0.01,,,
2.6899999999999999,0.066968002747864186,0.067880939371761442,-0.00091293662389725638,0.00091293662389725638,exponencial,Euler,0.01,,,
2.7000000000000002,0.066298322720385522,0.067205512739749756,-0.0009071900193642346,0.0009071900193642346,exponencial,Euler,0.01,,,
2.71,0.065635339493181677,0.066536806715016855,-0.00090146722183517825,0.00090146722183517825,exponencial,Euler,0.01,,,
2.7200000000000002,0.064978986098249841,0.065874754426402948,-0.00089576832815310703,0.00089576832815310703,exponencial,Euler,0.01,,,
2.73,0.06432919623726735,0.065219289668127525,-0.00089009343086017545,0.00089009343086017545,exponencial,Euler,0.01,,,
2.7400000000000002,0.063685904274894664,0.06457034689316847,-0.00088444261827380632,0.00088444261827380632,exponencial,Euler,0.01,,,
2.75,0.063049045232145731,0.06392786120670757,-0.00087881597456183902,0.00087881597456183902,exponencial,Euler,0.01,,,
2.7600000000000002,0.062418554779824262,0.063291768359640704,-0.00087321357981644254,0.00087321357981644254,exponencial,Euler,0.01,,,
2.77,0.061794369232026032,0.062662004742153152,-0.00086763551012711965,0.00086763551012711965,exponencial,Euler,0.01,,,
2.7800000000000002,0.061176425539705759,0.06203850737735829,-0.00086208183765253132,0.00086208183765253132,exponencial,Euler,0.01,,,
2.79,0.060564661284308714,0.061421213915000127,-0.0008565526306914123,0.0008565526306914123,exponencial,Euler,0.01,,,
2.8000000000000003,0.05995901467146561,0.060810062625217952,-0.0008510479537523416,0.0008510479537523416,exponencial,Euler,0.01,,,
2.8100000000000001,0.059359424524750966,0.060204992392373542,-0.00084556786762257641,0.00084556786762257641,exponencial,Euler,0.01,,,
2.8199999999999998,0.058765830279503467,0.059605942708939368,-0.00084011242943590053,0.00084011242943590053,exponencial,Euler,0.01,,,
2.8300000000000001,0.058178171976708416,0.059012853669447841,-0.00083468169273942516,0.00083468169273942516,exponencial,Euler,0.01,,,
2.8399999999999999,0.057596390256941347,0.058425665964500828,-0.0008292757075594806,0.0008292757075594806,exponencial,Euler,0.01,,,
2.8500000000000001,0.05702042635437192,0.057844320874838456,-0.00082389452046653655,0.00082389452046653655,exponencial,Euler,0.01,,,
2.8599999999999999,0.056450222090828214,0.057268760265467358,-0.00081853817463914402,0.00081853817463914402,exponencial,Euler,0.01,,,
2.8700000000000001,0.055885719869919921,0.056698926579846903,-0.00081320670992698213,0.00081320670992698213,exponencial,Euler,0.01,,,
2.8799999999999999,0.055326862671220736,0.056134762834133725,-0.00080790016291298894,0.00080790016291298894,exponencial,Euler,0.01,,,
2.8900000000000001,0.054773594044508517,0.055576212611483058,-0.0008026185669745417,0.0008026185669745417,exponencial,Euler,0.01,,,
2.8999999999999999,0.05422585810406344,0.055023220056407231,-0.00079736195234379054,0.00079736195234379054,exponencial,Euler,0.01,,,
2.9100000000000001,0.05368359952302279,0.054475729869189859,-0.00079213034616706923,0.00079213034616706923,exponencial,Euler,0.01,,,
2.9199999999999999,0.053146763527792573,0.053933687300356019,-0.00078692377256344564,0.00078692377256344564,exponencial,Euler,0.01,,,
2.9300000000000002,0.052615295892514638,0.053397038145197084,-0.00078174225268244635,0.00078174225268244635,exponencial,Euler,0.01,,,
2.9399999999999999,0.052089142933589502,0.052865728738350368,-0.00077658580476086536,0.00077658580476086536,exponencial,Euler,0.01,,,
2.9500000000000002,0.051568251504253593,0.052339705948432381,-0.00077145444417878878,0.00077145444417878878,exponencial,Euler,0.01,,,
2.96,0.051052568989211067,0.051818917172725833,-0.00076634818351476591,0.00076634818351476591,exponencial,Euler,0.01,,,
2.9700000000000002,0.050542043299318946,0.051303310331919108,-0.00076126703260016165,0.00076126703260016165,exponencial,Euler,0.01,,,
2.98,0.050036622866325771,0.050792833864898503,-0.00075621099857273166,0.00075621099857273166,exponencial,Euler,0.01,,,
2.9900000000000002,0.0495362566376625,0.050287436723591865,-0.00075118008592936492,0.00075118008592936492,exponencial,Euler,0.01,,,
3,0.049040894071285888,0.049787068367863944,-0.00074617429657805601,0.00074617429657805601,exponencial,Euler,0.01,,,
3.0100000000000002,0.048550485130573015,0.04929167876046215,-0.00074119362988913501,0.00074119362988913501,exponencial,Euler,0.01,,,
3.02,0.048064980279267297,0.048801218362012962,-0.00073623808274566466,0.00073623808274566466,exponencial,Euler,0.01,,,
3.0300000000000002,0.047584330476474611,0.048315638126067768,-0.00073130764959315753,0.00073130764959315753,exponencial,Euler,0.01,,,
3.04,0.047108487171709873,0.047834889494198368,-0.00072640232248849523,0.00072640232248849523,exponencial,Euler,0.01,,,
3.0500000000000003,0.046637402299992761,0.047358924391140908,-0.0007215220911481468,0.0007215220911481468,exponencial,Euler,0.01,,,
3.0600000000000001,0.046171028276992841,0.046887695219988486,-0.0007166669429956446,0.0007166669429956446,exponencial,Euler,0.01,,,
3.0700000000000003,0.045709317994222905,0.04642115485743125,-0.00071183686320834549,0.00071183686320834549,exponencial,Euler,0.01,,,
3.0800000000000001,0.045252224814280685,0.045959256649044204,-0.00070703183476351905,0.00070703183476351905,exponencial,Euler,0.01,,,
3.0899999999999999,0.04479970256613789,0.04550195440462157,-0.00070225183848367928,0.00070225183848367928,exponencial,Euler,0.01,,,
3.1000000000000001,0.044351705540476502,0.045049202393557801,-0.00069749685308129888,0.00069749685308129888,exponencial,Euler,0.01,,,
3.1099999999999999,0.043908188485071747,0.044600955340274535,-0.00069276685520278797,0.00069276685520278797,exponencial,Euler,0.01,,,
3.1200000000000001,0.043469106600221019,0.04415716841969286,-0.00068806181947184131,0.00068806181947184131,exponencial,Euler,0.01,,,
3.1299999999999999,0.043034415534218821,0.043717797252750941,-0.00068338171853211949,0.00068338171853211949,exponencial,Euler,0.01,,,
3.1400000000000001,0.042604071378876625,0.043282797901965896,-0.00067872652308927084,0.00067872652308927084,exponencial,Euler,0.01,,,
3.1499999999999999,0.042178030665087865,0.042852126867040187,-0.00067409620195232195,0.00067409620195232195,exponencial,Euler,0.01,,,
3.1600000000000001,0.041756250358436976,0.042425741080511385,-0.00066949072207440896,0.00066949072207440896,exponencial,Euler,0.01,,,
3.1699999999999999,0.041338687854852618,0.042003597903445551,-0.00066491004859293296,0.00066491004859293296,exponencial,Euler,0.01,,,
3.1800000000000002,0.040925300976304084,0.041585655121173161,-0.00066035414486907695,0.00066035414486907695,exponencial,Euler,0.01,,,
3.1899999999999999,0.040516047966541055,0.04117187093906774,-0.00065582297252668453,0.00065582297252668453,exponencial,Euler,0.01,,,
3.2000000000000002,0.040110887486875635,0.040762203978366211,-0.00065131649149057641,0.00065131649149057641,exponencial,Euler,0.01,,,
3.21,0.039709778612006884,0.040356613272031147,-0.00064683466002426332,0.00064683466002426332,exponencial,Euler,0.01,,,
3.2200000000000002,0.039312680825886806,0.039955058260653896,-0.00064237743476708992,0.00064237743476708992,exponencial,Euler,0.01,,,
3.23,0.03891955401762795,0.039557498788398725,-0.00063794477077077499,0.00063794477077077499,exponencial,Euler,0.01,,,
3.2400000000000002,0.038530358477451662,0.039163895098987066,-0.00063353662153540352,0.00063353662153540352,exponencial,Euler,0.01,,,
3.25,0.038145054892677152,0.038774207831722009,-0.00062915293904485664,0.00062915293904485664,exponencial,Euler,0.01,,,
3.2600000000000002,0.037763604343750375,0.038388398017552054,-0.00062479367380167961,0.00062479367380167961,exponencial,Euler,0.01,,,
3.27,0.037385968300312877,0.038006427075174314,-0.00062045877486143625,0.00062045877486143625,exponencial,Euler,0.01,,,
3.2800000000000002,0.03701210861730974,0.0376282568071762,-0.00061614818986645975,0.00061614818986645975,exponencial,Euler,0.01,,,
3.29,0.036641987531136649,0.037253849396215809,-0.00061186186507915935,0.00061186186507915935,exponencial,Euler,0.01,,,
3.3000000000000003,0.036275567655825278,0.036883167401239994,-0.0006075997454147164,0.0006075997454147164,exponencial,Euler,0.01,,,
3.3100000000000001,0.035912811979267031,0.036516173753740402,-0.00060336177447337103,0.00060336177447337103,exponencial,Euler,0.01,,,
3.3200000000000003,0.035553683859474355,0.036152831754046412,-0.00059914789457205658,0.00059914789457205658,exponencial,Euler,0.01,,,
3.3300000000000001,0.035198147020879617,0.035793105067655297,-0.00059495804677568015,0.00059495804677568015,exponencial,Euler,0.01,,,
3.3399999999999999,0.034846165550670827,0.03543695772159864,-0.00059079217092781328,0.00059079217092781328,exponencial,Euler,0.01,,,
3.3500000000000001,0.034497703895164107,0.035084354100845025,-0.0005866502056809178,0.0005866502056809178,exponencial,Euler,0.01,,,
3.3599999999999999,0.03415272685621247,0.034735258944738563,-0.00058253208852609289,0.00058253208852609289,exponencial,Euler,0.01,,,
3.3700000000000001,0.033811199587650338,0.034389637343472709,-0.00057843775582237106,0.00057843775582237106,exponencial,Euler,0.01,,,
3.3799999999999999,0.033473087591773844,0.034047454734599344,-0.00057436714282550067,0.00057436714282550067,exponencial,Euler,0.01,,,
3.3900000000000001,0.033138356715856097,0.033708676899572396,-0.00057032018371629828,0.00057032018371629828,exponencial,Euler,0.01,,,
3.3999999999999999,0.032806973148697544,0.03337326996032608,-0.00056629681162853607,0.00056629681162853607,exponencial,Euler,0.01,,,
3.4100000000000001,0.032478903417210561,0.033041200375886932,-0.00056229695867637125,0.00056229695867637125,exponencial,Euler,0.01,,,
3.4199999999999999,0.03215411438303846,0.032712434939019819,-0.00055832055598135921,0.00055832055598135921,exponencial,Euler,0.01,,,
3.4300000000000002,0.031832573239208066,0.03238694077290704,-0.00055436753369897396,0.00055436753369897396,exponencial,Euler,0.01,,,
3.4399999999999999,0.031514247506815994,0.032064685327860769,-0.00055043782104477468,0.00055043782104477468,exponencial,Euler,0.01,,,
3.4500000000000002,0.031199105031747828,0.031745636378067939,-0.00054653134632011088,0.00054653134632011088,exponencial,Euler,0.01,,,
3.46,0.030887113981430358,0.03142976201836771,-0.00054264803693735222,0.00054264803693735222,exponencial,Euler,0.01,,,
3.4700000000000002,0.030578242841616046,0.031117030661060859,-0.00053878781944481299,0.00053878781944481299,exponencial,Euler,0.01,,,
3.48,0.030272460413199892,0.030807411032751076,-0.00053495061955118398,0.00053495061955118398,exponencial,Euler,0.01,,,
3.4900000000000002,0.029969735809067886,0.030500872171217483,-0.00053113636214959653,0.00053113636214959653,exponencial,Euler,0.01,,,
3.5,0.029670038450977213,0.030197383422318501,-0.00052734497134128769,0.00052734497134128769,exponencial,Euler,0.01,,,
3.5100000000000002,0.029373338066467435,0.029896914436926308,-0.0005235763704588732,0.0005235763704588732,exponencial,Euler,0.01,,,
3.52,0.029079604685802767,0.029599435167891999,-0.00051983048208923202,0.00051983048208923202,exponencial,Euler,0.01,,,
3.5300000000000002,0.028788808638944733,0.029304915867040746,-0.00051610722809601259,0.00051610722809601259,exponencial,Euler,0.01,,,
3.54,0.028500920552555292,0.029013327082197053,-0.00051240652964176098,0.00051240652964176098,exponencial,Euler,0.01,,,
3.5500000000000003,0.028215911347029731,0.028724639654239423,-0.00050872830720969167,0.00050872830720969167,exponencial,Euler,0.01,,,
3.5600000000000001,0.027933752233559438,0.028438824714184505,-0.00050507248062506629,0.00050507248062506629,exponencial,Euler,0.01,,,
3.5700000000000003,0.027654414711223839,0.028155853680300096,-0.00050143896907625662,0.00050143896907625662,exponencial,Euler,0.01,,,
3.5800000000000001,0.027377870564111607,0.027875698255247015,-0.00049782769113540862,0.00049782769113540862,exponencial,Euler,0.01,,,
3.5899999999999999,0.027104091858470496,0.027598330423249287,-0.00049423856477879072,0.00049423856477879072,exponencial,Euler,0.01,,,
3.6000000000000001,0.026833050939885784,0.027323722447292559,-0.0004906715074067744,0.0004906715074067744,exponencial,Euler,0.01,,,
3.6099999999999999,0.026564720430486931,0.027051846866350416,-0.00048712643586348511,0.00048712643586348511,exponencial,Euler,0.01,,,
3.6200000000000001,0.026299073226182055,0.026782676492638175,-0.00048360326645612017,0.00048360326645612017,exponencial,Euler,0.01,,,
3.6299999999999999,0.02603608249392024,0.026516184408894181,-0.0004801019149739405,0.0004801019149739405,exponencial,Euler,0.01,,,
3.6400000000000001,0.025775721668981032,0.026252343965687961,-0.00047662229670692932,0.00047662229670692932,exponencial,Euler,0.01,,,
3.6499999999999999,0.025517964452291226,0.025991128778755347,-0.00047316432646412124,0.00047316432646412124,exponencial,Euler,0.01,,,
3.6600000000000001,0.025262784807768307,0.02573251272635994,-0.00046972791859163296,0.00046972791859163296,exponencial,Euler,0.01,,,
3.6699999999999999,0.025010156959690628,0.025476469946681016,-0.0004663129869903887,0.0004663129869903887,exponencial,Euler,0.01,,,
3.6800000000000002,0.024760055390093717,0.025222974835227212,-0.00046291944513349517,0.00046291944513349517,exponencial,Euler,0.01,,,
3.6899999999999999,0.024512454836192785,0.024972002042276155,-0.00045954720608337024,0.00045954720608337024,exponencial,Euler,0.01,,,
3.7000000000000002,0.02426733028783085,0.024723526470339388,-0.00045619618250853852,0.00045619618250853852,exponencial,Euler,0.01,,,
3.71,0.024024656984952545,0.02447752327165267,-0.00045286628670012513,0.00045286628670012513,exponencial,Euler,0.01,,,
3.7200000000000002,0.023784410415103013,0.024233967845691113,-0.00044955743058809963,0.00044955743058809963,exponencial,Euler,0.01,,,
3.73,0.023546566310951988,0.023992835836709175,-0.00044626952575718692,0.00044626952575718692,exponencial,Euler,0.01,,,
3.7400000000000002,0.023311100647842461,0.023754103131304997,-0.00044300248346253526,0.00044300248346253526,exponencial,Euler,0.01,,,
3.75,0.023077989641364042,0.023517745856009107,-0.00043975621464506509,0.00043975621464506509,exponencial,Euler,0.01,,,
3.7600000000000002,0.022847209744950397,0.023283740374897,-0.00043653062994660277,0.00043653062994660277,exponencial,Euler,0.01,,,
3.77,0.022618737647500897,0.023052063287225571,-0.00043332563972467431,0.00043332563972467431,exponencial,Euler,0.01,,,
3.7800000000000002,0.022392550271025883,0.02282269142509297,-0.00043014115406708742,0.00043014115406708742,exponencial,Euler,0.01,,,
3.79,0.022168624768315628,0.022595601851121864,-0.00042697708280623609,0.00042697708280623609,exponencial,Euler,0.01,,,
3.8000000000000003,0.021946938520632467,0.022370771856165591,-0.00042383333553312405,0.00042383333553312405,exponencial,Euler,0.01,,,
3.8100000000000001,0.021727469135426145,0.022148178957037315,-0.00042070982161116974,0.00042070982161116974,exponencial,Euler,0.01,,,
3.8200000000000003,0.02151019444407188,0.02192780089426161,-0.00041760645018973017,0.00041760645018973017,exponencial,Euler,0.01,,,
3.8300000000000001,0.021295092499631164,0.021709615629848571,-0.00041452313021740628,0.00041452313021740628,exponencial,Euler,0.01,,,
3.8399999999999999,0.021082141574634856,0.021493601345089923,-0.00041145977045506724,0.00041145977045506724,exponencial,Euler,0.01,,,
3.8500000000000001,0.020871320158888502,0.021279736438377168,-0.00040841627948866657,0.00040841627948866657,exponencial,Euler,0.01,,,
3.8599999999999999,0.020662606957299622,0.021067999523041434,-0.00040539256574181198,0.00040539256574181198,exponencial,Euler,0.01,,,
3.8700000000000001,0.02045598088772662,0.020858369425214719,-0.00040238853748809922,0.00040238853748809922,exponencial,Euler,0.01,,,
3.8799999999999999,0.02025142107884936,0.020650825181712566,-0.00039940410286320657,0.00039940410286320657,exponencial,Euler,0.01,,,
3.8900000000000001,0.020048906868060861,0.020445346037937653,-0.00039643916987679162,0.00039643916987679162,exponencial,Euler,0.01,,,
3.8999999999999999,0.019848417799380257,0.020241911445804391,-0.00039349364642413467,0.00039349364642413467,exponencial,Euler,0.01,,,
3.9100000000000001,0.019649933621386451,0.020040501061684014,-0.00039056744029756368,0.00039056744029756368,exponencial,Euler,0.01,,,
3.9199999999999999,0.019453434285172589,0.019841094744370288,-0.0003876604591976987,0.0003876604591976987,exponencial,Euler,0.01,,,
3.9300000000000002,0.01925889994232086,0.019643672553065292,-0.0003847726107444327,0.0003847726107444327,exponencial,Euler,0.01,,,
3.9399999999999999,0.019066310942897655,0.019448214745385391,-0.00038190380248773539,0.00038190380248773539,exponencial,Euler,0.01,,,
3.9500000000000002,0.018875647833468675,0.01925470177538692,-0.00037905394191824551,0.00037905394191824551,exponencial,Euler,0.01,,,
3.96,0.018686891355133992,0.019063114291611637,-0.0003762229364776444,0.0003762229364776444,exponencial,Euler,0.01,,,
3.9700000000000002,0.018500022441582647,0.018873433135151486,-0.00037341069356883888,0.00037341069356883888,exponencial,Euler,0.01,,,
3.98,0.018315022217166823,0.018685639337732773,-0.00037061712056594975,0.00037061712056594975,exponencial,Euler,0.01,,,
3.9900000000000002,0.01813187199499515,0.018499714119819242,-0.0003678421248240922,0.0003678421248240922,exponencial,Euler,0.01,,,
4,0.017950553275045203,0.018315638888734179,-0.00036508561368897574,0.00036508561368897574,exponencial,Euler,0.01,,,
4.0099999999999998,0.017771047742294755,0.018133395236801075,-0.00036234749450632028,0.00036234749450632028,exponencial,Euler,0.01,,,
4.0200000000000005,0.017593337264871795,0.017952964939502849,-0.00035962767463105366,0.00035962767463105366,exponencial,Euler,0.01,,,
4.0300000000000002,0.017417403892223082,0.017774329953659442,-0.00035692606143635994,0.00035692606143635994,exponencial,Euler,0.01,,,
4.04,0.017243229853300856,0.017597472415623393,-0.0003542425623225369,0.0003542425623225369,exponencial,Euler,0.01,,,
4.0499999999999998,0.017070797554767852,0.017422374639493515,-0.00035157708472566274,0.00035157708472566274,exponencial,Euler,0.01,,,
4.0600000000000005,0.016900089579220162,0.017249019115346265,-0.00034892953612610314,0.00034892953612610314,exponencial,Euler,0.01,,,
4.0700000000000003,0.016731088683427965,0.017077388507484793,-0.00034629982405682755,0.00034629982405682755,exponencial,Euler,0.01,,,
4.0800000000000001,0.016563777796593689,0.016907465652705279,-0.00034368785611159011,0.00034368785611159011,exponencial,Euler,0.01,,,
4.0899999999999999,0.016398140018627754,0.016739233558580632,-0.00034109353995287819,0.00034109353995287819,exponencial,Euler,0.01,,,
4.0999999999999996,0.016234158618441481,0.016572675401761255,-0.00033851678331977414,0.00033851678331977414,exponencial,Euler,0.01,,,
4.1100000000000003,0.016071817032257053,0.016407774526292645,-0.00033595749403559153,0.00033595749403559153,exponencial,Euler,0.01,,,
4.1200000000000001,0.015911098861934488,0.016244514441949871,-0.00033341558001538305,0.00033341558001538305,exponencial,Euler,0.01,,,
4.1299999999999999,0.015751987873315144,0.016082878822588433,-0.0003308909492732888,0.0003308909492732888,exponencial,Euler,0.01,,,
4.1399999999999997,0.015594467994581996,0.015922851504511698,-0.00032838350992970243,0.00032838350992970243,exponencial,Euler,0.01,,,
4.1500000000000004,0.015438523314636165,0.015764416484854486,-0.00032589317021832105,0.00032589317021832105,exponencial,Euler,0.01,,,
4.1600000000000001,0.015284138081489807,0.015607557919982831,-0.00032341983849302341,0.00032341983849302341,exponencial,Euler,0.01,,,
4.1699999999999999,0.015131296700674913,0.015452260123909515,-0.00032096342323460238,0.00032096342323460238,exponencial,Euler,0.01,,,
4.1799999999999997,0.014979983733668167,0.015298507566725518,-0.00031852383305735164,0.00031852383305735164,exponencial,Euler,0.01,,,
4.1900000000000004,0.014830183896331475,0.01514628487304698,-0.00031610097671550506,0.00031610097671550506,exponencial,Euler,0.01,,,
4.2000000000000002,0.014681882057368163,0.014995576820477703,-0.00031369476310954061,0.00031369476310954061,exponencial,Euler,0.01,,,
4.21,0.014535063236794484,0.014846368338086832,-0.00031130510129234734,0.00031130510129234734,exponencial,Euler,0.01,,,
4.2199999999999998,0.014389712604426542,0.014698644504901784,-0.00030893190047524138,0.00030893190047524138,exponencial,Euler,0.01,,,
4.2300000000000004,0.014245815478382268,0.014552390548416123,-0.00030657507003385535,0.00030657507003385535,exponencial,Euler,0.01,,,
4.2400000000000002,0.014103357323598449,0.01440759184311235,-0.0003042345195139011,0.0003042345195139011,exponencial,Euler,0.01,,,
4.25,0.013962323750362467,0.014264233908999256,-0.00030191015863678845,0.00030191015863678845,exponencial,Euler,0.01,,,
4.2599999999999998,0.013822700512858846,0.014122302410163962,-0.00029960189730511566,0.00029960189730511566,exponencial,Euler,0.01,,,
4.2700000000000005,0.013684473507730248,0.013981783153338296,-0.00029730964560804873,0.00029730964560804873,exponencial,Euler,0.01,,,
4.2800000000000002,0.013547628772652948,0.013842662086479501,-0.00029503331382655339,0.00029503331382655339,exponencial,Euler,0.01,,,
4.29,0.01341215248492642,0.013704925297364945,-0.00029277281243852461,0.00029277281243852461,exponencial,Euler,0.01,,,
4.2999999999999998,0.01327803096007716,0.013568559012200934,-0.00029052805212377401,0.00029052805212377401,exponencial,Euler,0.01,,,
4.3100000000000005,0.01314525065047638,0.013433549594245302,-0.00028829894376892172,0.00028829894376892172,exponencial,Euler,0.01,,,
4.3200000000000003,0.013013798143971619,0.013299883542443767,-0.0002860853984721478,0.0002860853984721478,exponencial,Euler,0.01,,,
4.3300000000000001,0.012883660162531906,0.013167547490079751,-0.00028388732754784478,0.00028388732754784478,exponencial,Euler,0.01,,,
4.3399999999999999,0.01275482356090659,0.013036528203437736,-0.00028170464253114529,0.00028170464253114529,exponencial,Euler,0.01,,,
4.3500000000000005,0.012627275325297517,0.012906812580479862,-0.00027953725518234558,0.00027953725518234558,exponencial,Euler,0.01,,,
4.3600000000000003,0.012501002572044544,0.012778387649535761,-0.00027738507749121635,0.00027738507749121635,exponencial,Euler,0.01,,,
4.3700000000000001,0.012375992546324101,0.012651240568005305,-0.00027524802168120421,0.00027524802168120421,exponencial,Euler,0.01,,,
4.3799999999999999,0.012252232620860863,0.012525358621074385,-0.00027312600021352218,0.00027312600021352218,exponencial,Euler,0.01,,,
4.3899999999999997,0.012129710294652258,0.012400729220443406,-0.00027101892579114821,0.00027101892579114821,exponencial,Euler,0.01,,,
4.4000000000000004,0.012008413191705727,0.012277339903068436,-0.00026892671136270925,0.00026892671136270925,exponencial,Euler,0.01,,,
4.4100000000000001,0.011888329059788672,0.012155178329914935,-0.00026684927012626293,0.00026684927012626293,exponencial,Euler,0.01,,,
4.4199999999999999,0.011769445769190787,0.012034232284723775,-0.00026478651553298732,0.00026478651553298732,exponencial,Euler,0.01,,,
4.4299999999999997,0.011651751311498882,0.011914489672789647,-0.00026273836129076487,0.00026273836129076487,exponencial,Euler,0.01,,,
4.4400000000000004,0.011535233798383886,0.011795938519751562,-0.00026070472136767615,0.00026070472136767615,exponencial,Euler,0.01,,,
4.4500000000000002,0.011419881460400049,0.011678566970395442,-0.00025868550999539296,0.00025868550999539296,exponencial,Euler,0.01,,,
4.46,0.011305682645796051,0.011562363287468536,-0.00025668064167248469,0.00025668064167248469,exponencial,Euler,0.01,,,
4.4699999999999998,0.011192625819338093,0.011447315850505711,-0.00025469003116761722,0.00025469003116761722,exponencial,Euler,0.01,,,
4.4800000000000004,0.011080699561144705,0.011333413154667387,-0.00025271359352268229,0.00025271359352268229,exponencial,Euler,0.01,,,
4.4900000000000002,0.010969892565533259,0.011220643809589084,-0.00025075124405582461,0.00025075124405582461,exponencial,Euler,0.01,,,
4.5,0.010860193639877929,0.011108996538242306,-0.00024880289836437704,0.00024880289836437704,exponencial,Euler,0.01,,,
4.5099999999999998,0.010751591703479151,0.010998460175806881,-0.00024686847232772979,0.00024686847232772979,exponencial,Euler,0.01,,,
4.5200000000000005,0.010644075786444352,0.01088902366855444,-0.00024494788211008867,0.00024494788211008867,exponencial,Euler,0.01,,,
4.5300000000000002,0.010537635028579911,0.010780676072743084,-0.00024304104416317251,0.00024304104416317251,exponencial,Euler,0.01,,,
4.54,0.010432258678294113,0.010673406553522925,-0.00024114787522881188,0.00024114787522881188,exponencial,Euler,0.01,,,
4.5499999999999998,0.010327936091511175,0.010567204383852655,-0.00023926829234147996,0.00023926829234147996,exponencial,Euler,0.01,,,
4.5600000000000005,0.010224656730596056,0.010462058943426795,-0.00023740221283073855,0.00023740221283073855,exponencial,Euler,0.01,,,
4.5700000000000003,0.010122410163290099,0.010357959717613696,-0.00023554955432359727,0.00023554955432359727,exponencial,Euler,0.01,,,
4.5800000000000001,0.0100211860616572,0.010254896296404022,-0.0002337102347468225,0.0002337102347468225,exponencial,Euler,0.01,,,
4.5899999999999999,0.0099209742010406294,0.010152858373369763,-0.00023188417232913351,0.00023188417232913351,exponencial,Euler,0.01,,,
4.6000000000000005,0.0098217644590302168,0.010051835744633576,-0.00023007128560335877,0.00023007128560335877,exponencial,Euler,0.01,,,
4.6100000000000003,0.0097235468144399161,0.0099518183078484198,-0.00022827149340850367,0.00022827149340850367,exponencial,Euler,0.01,,,
4.6200000000000001,0.0096263113462955185,0.0098527960611872571,-0.00022648471489173858,0.00022648471489173858,exponencial,Euler,0.01,,,
4.6299999999999999,0.009530048232832565,0.0097547591023429032,-0.00022471086951033822,0.00022471086951033822,exponencial,Euler,0.01,,,
4.6399999999999997,0.0094347477505042406,0.0096576976275377768,-0.00022294987703353614,0.00022294987703353614,exponencial,Euler,0.01,,,
4.6500000000000004,0.0093404002729991914,0.0095616019305435045,-0.00022120165754431313,0.00022120165754431313,exponencial,Euler,0.01,,,
4.6600000000000001,0.0092469962702692015,0.0094664624017103231,-0.00021946613144112163,0.00021946613144112163,exponencial,Euler,0.01,,,
4.6699999999999999,0.0091545263075665118,0.0093722695270060576,-0.0002177432194395458,0.0002177432194395458,exponencial,Euler,0.01,,,
4.6799999999999997,0.009062981044490848,0.0092790138870647437,-0.00021603284257389575,0.00021603284257389575,exponencial,Euler,0.01,,,
4.6900000000000004,0.0089723512340459336,0.0091866861562446642,-0.00021433492219873063,0.00021433492219873063,exponencial,Euler,0.01,,,
4.7000000000000002,0.0088826277217054755,0.0090952771016958155,-0.00021264937999034006,0.00021264937999034006,exponencial,Euler,0.01,,,
4.71,0.0087938014444884222,0.0090047775824365593,-0.00021097613794813716,0.00021097613794813716,exponencial,Euler,0.01,,,
4.7199999999999998,0.0087058634300435402,0.0089151785484395535,-0.00020931511839601333,0.00020931511839601333,exponencial,Euler,0.01,,,
4.7300000000000004,0.0086188047957430989,0.0088264710397267226,-0.00020766624398362368,0.00020766624398362368,exponencial,Euler,0.01,,,
4.7400000000000002,0.00853261674778567,0.0087386461854732905,-0.00020602943768762046,0.00020602943768762046,exponencial,Euler,0.01,,,
4.75,0.0084472905803078153,0.0086516952031206341,-0.00020440462281281872,0.00020440462281281872,exponencial,Euler,0.01,,,
4.7599999999999998,0.0083628176745047383,0.0085656093974980606,-0.00020279172299332224,0.00020279172299332224,exponencial,Euler,0.01,,,
4.7700000000000005,0.0082791894977596852,0.0084803801599532599,-0.00020119066219357468,0.00020119066219357468,exponencial,Euler,0.01,,,
4.7800000000000002,0.008196397602782091,0.0083959989674914706,-0.00019960136470937966,0.00019960136470937966,exponencial,Euler,0.01,,,
4.79,0.0081144336267542725,0.0083124573819231187,-0.00019802375516884616,0.00019802375516884616,exponencial,Euler,0.01,,,
4.7999999999999998,0.0080332892904867309,0.0082297470490200302,-0.00019645775853329925,0.00019645775853329925,exponencial,Euler,0.01,,,
4.8100000000000005,0.0079529563975818587,0.0081478596976799818,-0.00019490330009812318,0.00019490330009812318,exponencial,Euler,0.01,,,
4.8200000000000003,0.0078734268336060412,0.0080667871390996144,-0.00019336030549357321,0.00019336030549357321,exponencial,Euler,0.01,,,
4.8300000000000001,0.0077946925652699825,0.0079865212659555023,-0.00019182870068551981,0.00019182870068551981,exponencial,Euler,0.01,,,
4.8399999999999999,0.0077167456396172842,0.0079070540515934415,-0.00019030841197615733,0.00019030841197615733,exponencial,Euler,0.01,,,
4.8500000000000005,0.007639578183221106,0.0078283775492257665,-0.00018879936600466052,0.00018879936600466052,exponencial,Euler,0.01,,,
4.8600000000000003,0.0075631824013888968,0.0077504838911366921,-0.00018730148974779523,0.00018730148974779523,exponencial,Euler,0.01,,,
4.8700000000000001,0.0074875505773750097,0.0076733652878954893,-0.00018581471052047955,0.00018581471052047955,exponencial,Euler,0.01,,,
4.8799999999999999,0.007412675071601261,0.007597014027577567,-0.00018433895597630597,0.00018433895597630597,exponencial,Euler,0.01,,,
4.8899999999999997,0.0073385483208852501,0.0075214224749932702,-0.00018287415410802015,0.00018287415410802015,exponencial,Euler,0.01,,,
4.9000000000000004,0.007265162837676393,0.0074465830709243381,-0.00018142023324794511,0.00018142023324794511,exponencial,Euler,0.01,,,
4.9100000000000001,0.007192511209299631,0.007372488331368012,-0.00017997712206838101,0.00017997712206838101,exponencial,Euler,0.01,,,
4.9199999999999999,0.0071205860972066359,0.0072991308467885829,-0.00017854474958194696,0.00017854474958194696,exponencial,Euler,0.01,,,
4.9299999999999997,0.007049380236234571,0.0072265032813764625,-0.00017712304514189148,0.00017712304514189148,exponencial,Euler,0.01,,,
4.9400000000000004,0.0069788864338722204,0.0071545983723145792,-0.00017571193844235881,0.00017571193844235881,exponencial,Euler,0.01,,,
4.9500000000000002,0.0069090975695334997,0.0070834089290521185,-0.00017431135951861878,0.00017431135951861878,exponencial,Euler,0.01,,,
4.96,0.0068400065938381662,0.0070129278325854246,-0.00017292123874725843,0.00017292123874725843,exponencial,Euler,0.01,,,
4.9699999999999998,0.0067716065278997858,0.0069431480347461145,-0.00017154150684632868,0.00017154150684632868,exponencial,Euler,0.01,,,
4.9800000000000004,0.0067038904626207834,0.006874062557496249,-0.00017017209487546568,0.00017017209487546568,exponencial,Euler,0.01,,,
4.9900000000000002,0.0066368515579945768,0.0068056644922305431,-0.00016881293423596632,0.00016881293423596632,exponencial,Euler,0.01,,,
5,0.0065704830424146328,0.006737946999085467,-0.0001674639566708342,0.0001674639566708342,exponencial,Euler,0.01,,,
5.0099999999999998,0.0065047782119904878,0.0066709033062552743,-0.00016612509426478655,0.00016612509426478655,exponencial,Euler,0.01,,,
5.0200000000000005,0.0064397304298705786,0.0066045267093148051,-0.00016479627944422648,0.00016479627944422648,exponencial,Euler,0.01,,,
5.0300000000000002,0.0063753331255718745,0.0065388105705490637,-0.00016347744497718919,0.00016347744497718919,exponencial,Euler,0.01,,,
5.04,0.0063115797943161574,0.0064737483182894049,-0.00016216852397324746,0.00016216852397324746,exponencial,Euler,0.01,,,
5.0499999999999998,0.0062484639963729972,0.0064093334462563831,-0.00016086944988338587,0.00016086944988338587,exponencial,Euler,0.01,,,
5.0600000000000005,0.0061859793564092626,0.0063455595129091099,-0.00015958015649984725,0.00015958015649984725,exponencial,Euler,0.01,,,
5.0700000000000003,0.0061241195628451714,0.0062824201408011177,-0.00015830057795594623,0.00015830057795594623,exponencial,Euler,0.01,,,
5.0800000000000001,0.0060628783672167213,0.0062199090159425728,-0.00015703064872585153,0.00015703064872585153,exponencial,Euler,0.01,,,
5.0899999999999999,0.006002249583544555,0.0061580198871688972,-0.0001557703036243422,0.0001557703036243422,exponencial,Euler,0.01,,,
5.1000000000000005,0.0059422270877091052,0.0060967465655156327,-0.00015451947780652751,0.00015451947780652751,exponencial,Euler,0.01,,,
5.1100000000000003,0.0058828048168320154,0.0060360829235995648,-0.00015327810676754941,0.00015327810676754941,exponencial,Euler,0.01,,,
5.1200000000000001,0.0058239767686636967,0.0059760228950059427,-0.00015204612634224599,0.00015204612634224599,exponencial,Euler,0.01,,,
5.1299999999999999,0.0057657370009770613,0.0059165604736818572,-0.0001508234727047959,0.0001508234727047959,exponencial,Euler,0.01,,,
5.1399999999999997,0.0057080796309672919,0.0058576897133356225,-0.00014961008236833058,0.00014961008236833058,exponencial,Euler,0.01,,,
5.1500000000000004,0.0056509988346576147,0.0057994047268421414,-0.00014840589218452667,0.00014840589218452667,exponencial,Euler,0.01,,,
5.1600000000000001,0.0055944888463110394,0.0057416996856542021,-0.00014721083934316273,0.00014721083934316273,exponencial,Euler,0.01,,,
5.1699999999999999,0.0055385439578479303,0.005684568819219595,-0.00014602486137166477,0.00014602486137166477,exponencial,Euler,0.01,,,
5.1799999999999997,0.0054831585182694518,0.0056280064144040654,-0.00014484789613461359,0.00014484789613461359,exponencial,Euler,0.01,,,
5.1900000000000004,0.0054283269330867535,0.0055720068149199926,-0.0001436798818332391,0.0001436798818332391,exponencial,Euler,0.01,,,
5.2000000000000002,0.0053740436637558873,0.0055165644207607716,-0.00014252075700488427,0.00014252075700488427,exponencial,Euler,0.01,,,
5.21,0.0053203032271183295,0.0054616736876407787,-0.00014137046052244921,0.00014137046052244921,exponencial,Euler,0.01,,,
5.2199999999999998,0.0052671001948471474,0.0054073291264409599,-0.00014022893159381256,0.00014022893159381256,exponencial,Euler,0.01,,,
5.2300000000000004,0.0052144291928986723,0.0053535253026599028,-0.0001390961097612305,0.0001390961097612305,exponencial,Euler,0.01,,,
5.2400000000000002,0.0051622849009696865,0.0053002568358704021,-0.00013797193490071562,0.00013797193490071562,exponencial,Euler,0.01,,,
5.25,0.0051106620519599903,0.0052475183991813846,-0.0001368563472213943,0.0001368563472213943,exponencial,Euler,0.01,,,
5.2599999999999998,0.0050595554314403915,0.0051953047187052312,-0.00013574928726483963,0.00013574928726483963,exponencial,Euler,0.01,,,
5.2700000000000005,0.0050089598771259842,0.0051436105730303791,-0.00013465069590439492,0.00013465069590439492,exponencial,Euler,0.01,,,
5.2800000000000002,0.0049588702783547253,0.0050924307926991904,-0.00013356051434446504,0.00013356051434446504,exponencial,Euler,0.01,,,
5.29,0.004909281575571179,0.005041760259690979,-0.00013247868411979998,0.00013247868411979998,exponencial,Euler,0.01,,,
5.2999999999999998,0.004860188759815468,0.004991593906910217,-0.00013140514709474894,0.00013140514709474894,exponencial,Euler,0.01,,,
5.3100000000000005,0.0048115868722173102,0.0049419267176798176,-0.00013033984546250744,0.00013033984546250744,exponencial,Euler,0.01,,,
5.3200000000000003,0.0047634710034951382,0.0048927537252394758,-0.00012928272174433757,0.00012928272174433757,exponencial,Euler,0.01,,,
5.3300000000000001,0.0047158362934601877,0.0048440700122489673,-0.00012823371878877953,0.00012823371878877953,exponencial,Euler,0.01,,,
5.3399999999999999,0.0046686779305255867,0.0047958707102964213,-0.00012719277977083464,0.00012719277977083464,exponencial,Euler,0.01,,,
5.3500000000000005,0.0046219911512203277,0.0047481509994114733,-0.00012615984819114561,0.00012615984819114561,exponencial,Euler,0.01,,,
5.3600000000000003,0.0045757712397081251,0.004700906107583276,-0.00012513486787515092,0.00012513486787515092,exponencial,Euler,0.01,,,
5.3700000000000001,0.0045300135273110449,0.0046541313102832719,-0.00012411778297222696,0.00012411778297222696,exponencial,Euler,0.01,,,
5.3799999999999999,0.0044847133920379355,0.0046078219299927519,-0.00012310853795481635,0.00012310853795481635,exponencial,Euler,0.01,,,
5.3899999999999997,0.0044398662581175575,0.0045619733357350964,-0.0001221070776175389,0.0001221070776175389,exponencial,Euler,0.01,,,
5.4000000000000004,0.004395467595536379,0.0045165809426126659,-0.00012111334707628693,0.00012111334707628693,exponencial,Euler,0.01,,,
5.4100000000000001,0.0043515129195810165,0.0044716402113483319,-0.00012012729176731542,0.00012012729176731542,exponencial,Euler,0.01,,,
5.4199999999999999,0.004307997790385207,0.0044271466478315114,-0.00011914885744630441,0.00011914885744630441,exponencial,Euler,0.01,,,
5.4299999999999997,0.0042649178124813556,0.0043830958026687761,-0.00011817799018742046,0.00011817799018742046,exponencial,Euler,0.01,,,
5.4400000000000004,0.004222268634356539,0.0043394832707388947,-0.0001172146363823557,0.0001172146363823557,exponencial,Euler,0.01,,,
5.4500000000000002,0.0041800459480129748,0.0042963046907523398,-0.00011625874273936496,0.00011625874273936496,exponencial,Euler,0.01,,,
5.46,0.0041382454885328457,0.0042535557448151254,-0.00011531025628227966,0.00011531025628227966,exponencial,Euler,0.01,,,
5.4699999999999998,0.004096863033647518,0.0042112321579970352,-0.00011436912434951724,0.00011436912434951724,exponencial,Euler,0.01,,,
5.4800000000000004,0.0040558944033110399,0.0041693296979041115,-0.00011343529459307156,0.00011343529459307156,exponencial,Euler,0.01,,,
5.4900000000000002,0.00401533545927793,0.0041278441742554359,-0.0001125087149775059,0.0001125087149775059,exponencial,Euler,0.01,,,
5.5,0.0039751821046851519,0.0040867714384640666,-0.00011158933377891471,0.00011158933377891471,exponencial,Euler,0.01,,,
5.5099999999999998,0.0039354302836383014,0.0040461073832221989,-0.00011067709958389755,0.00011067709958389755,exponencial,Euler,0.01,,,
5.5200000000000005,0.0038960759808019155,0.0040058479420904168,-0.00010977196128850132,0.00010977196128850132,exponencial,Euler,0.01,,,
5.5300000000000002,0.0038571152209938972,0.0039659890890910649,-0.00010887386809716772,0.00010887386809716772,exponencial,Euler,0.01,,,
5.54,0.0038185440687839591,0.0039265268383056242,-0.0001079827695216651,0.0001079827695216651,exponencial,Euler,0.01,,,
5.5499999999999998,0.0037803586280961204,0.0038874572434761303,-0.00010709861538000989,0.00010709861538000989,exponencial,Euler,0.01,,,
5.5600000000000005,0.0037425550418151566,0.0038487763976105395,-0.00010622135579538283,0.00010622135579538283,exponencial,Euler,0.01,,,
5.5700000000000003,0.0037051294913970057,0.003810480432592037,-0.00010535094119503135,0.00010535094119503135,exponencial,Euler,0.01,,,
5.5800000000000001,0.0036680781964830364,0.0037725655187922052,-0.00010448732230916883,0.00010448732230916883,exponencial,Euler,0.01,,,
5.5899999999999999,0.0036313974145182068,0.0037350278646880674,-0.00010363045016986054,0.00010363045016986054,exponencial,Euler,0.01,,,
5.6000000000000005,0.0035950834403730221,0.003697863716482929,-0.00010278027610990687,0.00010278027610990687,exponencial,Euler,0.01,,,
5.6100000000000003,0.0035591326059692925,0.0036610693577310053,-0.00010193675176171273,0.00010193675176171273,exponencial,Euler,0.01,,,
5.6200000000000001,0.0035235412799096005,0.0036246411089657558,-0.00010109982905615522,0.00010109982905615522,exponencial,Euler,0.01,,,
5.6299999999999999,0.0034883058671105051,0.0035885753273319477,-0.00010026946022144261,0.00010026946022144261,exponencial,Euler,0.01,,,
5.6399999999999997,0.0034534228084394008,0.0035528684062213619,-9.9445597781961173e-05,9.9445597781961173e-05,exponencial,Euler,0.01,,,
5.6500000000000004,0.0034188885803550042,0.0035175167749121284,-9.8628194557124228e-05,9.8628194557124228e-05,exponencial,Euler,0.01,,,
5.6600000000000001,0.0033846996945514551,0.0034825168982116632,-9.7817203660208098e-05,9.7817203660208098e-05,exponencial,Euler,0.01,,,
5.6699999999999999,0.0033508526976059414,0.0034478652761031265,-9.7012578497185104e-05,9.7012578497185104e-05,exponencial,Euler,0.01,,,
5.6799999999999997,0.0033173441706298829,0.0034135584433954303,-9.621427276554741e-05,9.621427276554741e-05,exponencial,Euler,0.01,,,
5.6900000000000004,0.003284170728923582,0.0033795929693767124,-9.5422240453130452e-05,9.5422240453130452e-05,exponencial,Euler,0.01,,,
5.7000000000000002,0.0032513290216343469,0.003345965457471272,-9.4636435836925083e-05,9.4636435836925083e-05,exponencial,Euler,0.01,,,
5.71,0.0032188157314180042,0.0033126725448998926,-9.3856813481888422e-05,9.3856813481888422e-05,exponencial,Euler,0.01,,,
5.7199999999999998,0.0031866275741038248,0.003279710902343573,-9.3083328239748197e-05,9.3083328239748197e-05,exponencial,Euler,0.01,,,
5.7300000000000004,0.0031547612983627844,0.0032470772336105863,-9.2315935247801878e-05,9.2315935247801878e-05,exponencial,Euler,0.01,,,
5.7400000000000002,0.0031232136853791572,0.00321476827530687,-9.1554589927712784e-05,9.1554589927712784e-05,exponencial,Euler,0.01,,,
5.75,0.0030919815485253663,0.0031827807965096669,-9.0799247984300543e-05,9.0799247984300543e-05,exponencial,Euler,0.01,,,
5.7599999999999998,0.0030610617330401133,0.0031511115984444414,-9.0049865404328092e-05,9.0049865404328092e-05,exponencial,Euler,0.01,,,
5.7700000000000005,0.00303045111570971,0.0031197575141649922,-8.9306398455282158e-05,8.9306398455282158e-05,exponencial,Euler,0.01,,,
5.7800000000000002,0.0030001466045526137,0.0030887154082367687,-8.8568803684155057e-05,8.8568803684155057e-05,exponencial,Euler,0.01,,,
5.79,0.0029701451385070882,0.0030579821764233073,-8.7837037916219107e-05,8.7837037916219107e-05,exponencial,Euler,0.01,,,
5.7999999999999998,0.0029404436871220178,0.0030275547453758153,-8.7111058253797578e-05,8.7111058253797578e-05,exponencial,Euler,0.01,,,
5.8100000000000005,0.0029110392502507956,0.0029974300723258286,-8.6390822075033038e-05,8.6390822075033038e-05,exponencial,Euler,0.01,,,
5.8200000000000003,0.0028819288577482884,0.0029676051447809441,-8.5676287032655698e-05,8.5676287032655698e-05,exponencial,Euler,0.01,,,
5.8300000000000001,0.0028531095691708059,0.0029380769802235503,-8.4967411052744388e-05,8.4967411052744388e-05,exponencial,Euler,0.01,,,
5.8399999999999999,0.0028245784734790983,0.0029088426258125841,-8.4264152333485796e-05,8.4264152333485796e-05,exponencial,Euler,0.01,,,
5.8500000000000005,0.0027963326887443054,0.0028798991580882404,-8.3566469343935006e-05,8.3566469343935006e-05,exponencial,Euler,0.01,,,
5.8600000000000003,0.0027683693618568627,0.0028512436826796323,-8.2874320822769534e-05,8.2874320822769534e-05,exponencial,Euler,0.01,,,
5.8700000000000001,0.0027406856682382946,0.0028228733340153363,-8.2187665777041629e-05,8.2187665777041629e-05,exponencial,Euler,0.01,,,
5.8799999999999999,0.0027132788115559123,0.0027947852750368437,-8.1506463480931438e-05,8.1506463480931438e-05,exponencial,Euler,0.01,,,
5.8899999999999997,0.0026861460234403538,0.0027669766969148509,-8.0830673474497142e-05,8.0830673474497142e-05,exponencial,Euler,0.01,,,
5.9000000000000004,0.0026592845632059485,0.0027394448187683684,-8.0160255562419878e-05,8.0160255562419878e-05,exponencial,Euler,0.01,,,
5.9100000000000001,0.0026326917175738896,0.0027121868873866434,-7.9495169812753876e-05,7.9495169812753876e-05,exponencial,Euler,0.01,,,
5.9199999999999999,0.0026063648003981513,0.0026852001769538205,-7.8835376555669214e-05,7.8835376555669214e-05,exponencial,Euler,0.01,,,
5.9299999999999997,0.0025803011523941703,0.0026584819887763671,-7.818083638219675e-05,7.818083638219675e-05,exponencial,Euler,0.01,,,
5.9400000000000004,0.002554498140870227,0.0026320296510131984,-7.753151014297131e-05,7.753151014297131e-05,exponencial,Euler,0.01,,,
5.9500000000000002,0.0025289531594615252,0.0026058405184084983,-7.6887358946973149e-05,7.6887358946973149e-05,exponencial,Euler,0.01,,,
5.96,0.0025036636278669105,0.0025799119720271799,-7.6248344160269408e-05,7.6248344160269408e-05,exponencial,Euler,0.01,,,
5.9699999999999998,0.0024786269915882419,0.0025542414189929983,-7.5614427404756442e-05,7.5614427404756442e-05,exponencial,Euler,0.01,,,
5.9800000000000004,0.0024538407216723578,0.0025288262922292556,-7.4985570556897804e-05,7.4985570556897804e-05,exponencial,Euler,0.01,,,
5.9900000000000002,0.0024293023144556346,0.0025036640502020999,-7.4361735746465273e-05,7.4361735746465273e-05,exponencial,Euler,0.01,,,
6,0.0024050092913110786,0.0024787521766663585,-7.374288535527988e-05,7.374288535527988e-05,exponencial,Euler,0.01,,,
6.0099999999999998,0.0023809591983979684,0.002454088180413917,-7.3128982015948588e-05,7.3128982015948588e-05,exponencial,Euler,0.01,,,
6.0200000000000005,0.002357149606413987,0.0024296695950245953,-7.2519988610608363e-05,7.2519988610608363e-05,exponencial,Euler,0.01,,,
6.0300000000000002,0.0023335781103498475,0.0024054939786195095,-7.1915868269661985e-05,7.1915868269661985e-05,exponencial,Euler,0.01,,,
6.04,0.0023102423292463495,0.0023815589136168707,-7.1316584370521244e-05,7.1316584370521244e-05,exponencial,Euler,0.01,,,
6.0499999999999998,0.0022871399059538867,0.0023578620064902329,-7.0722100536346234e-05,7.0722100536346234e-05,exponencial,Euler,0.01,,,
6.0600000000000005,0.0022642685068943462,0.002334400887529133,-7.0132380634786804e-05,7.0132380634786804e-05,exponencial,Euler,0.01,,,
6.0700000000000003,0.0022416258218254034,0.0023111732106021292,-6.9547388776725755e-05,6.9547388776725755e-05,exponencial,Euler,0.01,,,
6.0800000000000001,0.0022192095636071499,0.0022881766529221693,-6.8967089315019429e-05,6.8967089315019429e-05,exponencial,Euler,0.01,,,
6.0899999999999999,0.0021970174679710789,0.002265408914814322,-6.8391446843243074e-05,6.8391446843243074e-05,exponencial,Euler,0.01,,,
6.1000000000000005,0.0021750472932913667,0.0022428677194858012,-6.7820426194434465e-05,6.7820426194434465e-05,exponencial,Euler,0.01,,,
6.1100000000000003,0.0021532968203584533,0.0022205508127982939,-6.7253992439840569e-05,6.7253992439840569e-05,exponencial,Euler,0.01,,,
6.1200000000000001,0.0021317638521548693,0.0021984559630425313,-6.669211088766204e-05,6.669211088766204e-05,exponencial,Euler,0.01,,,
6.1299999999999999,0.0021104462136333209,0.0021765809607151255,-6.6134747081804651e-05,6.6134747081804651e-05,exponencial,Euler,0.01,,,
6.1400000000000006,0.0020893417514969864,0.0021549236182976132,-6.5581866800626821e-05,6.5581866800626821e-05,exponencial,Euler,0.01,,,
6.1500000000000004,0.002068448333982017,0.0021334817700377081,-6.5033436055691052e-05,6.5033436055691052e-05,exponencial,Euler,0.01,,,
6.1600000000000001,0.0020477638506421975,0.0021122532717327142,-6.4489421090516662e-05,6.4489421090516662e-05,exponencial,Euler,0.01,,,
6.1699999999999999,0.0020272862121357761,0.0020912360005151103,-6.3949788379334249e-05,6.3949788379334249e-05,exponencial,Euler,0.01,,,
6.1799999999999997,0.0020070133500144187,0.0020704278546402606,-6.3414504625841899e-05,6.3414504625841899e-05,exponencial,Euler,0.01,,,
6.1900000000000004,0.0019869432165142732,0.002049826753276235,-6.2883536761961824e-05,6.2883536761961824e-05,exponencial,Euler,0.01,,,
6.2000000000000002,0.001967073784349131,0.002029430636295734,-6.2356851946603065e-05,6.2356851946603065e-05,exponencial,Euler,0.01,,,
6.21,0.0019474030465056402,0.0020092374640700602,-6.1834417564420084e-05,6.1834417564420084e-05,exponencial,Euler,0.01,,,
6.2199999999999998,0.0019279290160405841,0.0019892452172651635,-6.1316201224579378e-05,6.1316201224579378e-05,exponencial,Euler,0.01,,,
6.2300000000000004,0.001908649725880177,0.0019694518966397014,-6.0802170759524351e-05,6.0802170759524351e-05,exponencial,Euler,0.01,,,
6.2400000000000002,0.0018895632286213757,0.0019498555228451206,-6.0292294223744962e-05,6.0292294223744962e-05,exponencial,Euler,0.01,,,
6.25,0.0018706675963351624,0.0019304541362277093,-5.9786539892546942e-05,5.9786539892546942e-05,exponencial,Euler,0.01,,,
6.2599999999999998,0.001851960920371811,0.0019112457966326377,-5.9284876260826645e-05,5.9284876260826645e-05,exponencial,Euler,0.01,,,
6.2700000000000005,0.0018334413111680916,0.0018922285832099379,-5.878727204184633e-05,5.878727204184633e-05,exponencial,Euler,0.01,,,
6.2800000000000002,0.0018151068980564111,0.0018734005942224233,-5.8293696166012267e-05,5.8293696166012267e-05,exponencial,Euler,0.01,,,
6.29,0.0017969558290758473,0.0018547599468555032,-5.7804117779655878e-05,5.7804117779655878e-05,exponencial,Euler,0.01,,,
6.2999999999999998,0.0017789862707850892,0.0018363047770289071,-5.7318506243817912e-05,5.7318506243817912e-05,exponencial,Euler,0.01,,,
6.3100000000000005,0.0017611964080772372,0.0018180332392102713,-5.6836831133034137e-05,5.6836831133034137e-05,exponencial,Euler,0.01,,,
6.3200000000000003,0.0017435844439964651,0.0017999435062305911,-5.6359062234126022e-05,5.6359062234126022e-05,exponencial,Euler,0.01,,,
6.3300000000000001,0.0017261485995565008,0.0017820337691014916,-5.588516954499077e-05,5.588516954499077e-05,exponencial,Euler,0.01,,,
6.3399999999999999,0.0017088871135609361,0.0017643022368343355,-5.5415123273399366e-05,5.5415123273399366e-05,exponencial,Euler,0.01,,,
6.3500000000000005,0.0016917982424253257,0.0017467471362611182,-5.4948893835792467e-05,5.4948893835792467e-05,exponencial,Euler,0.01,,,
6.3600000000000003,0.0016748802600010729,0.0017293667118571557,-5.448645185608279e-05,5.448645185608279e-05,exponencial,Euler,0.01,,,
6.3700000000000001,0.0016581314574010625,0.0017121592255655228,-5.4027768164460321e-05,5.4027768164460321e-05,exponencial,Euler,0.01,,,
6.3799999999999999,0.0016415501428270524,0.0016951229566232505,-5.3572813796198175e-05,5.3572813796198175e-05,exponencial,Euler,0.01,,,
6.3900000000000006,0.0016251346413987807,0.0016782562013892464,-5.3121559990465615e-05,5.3121559990465615e-05,exponencial,Euler,0.01,,,
6.4000000000000004,0.0016088832949847933,0.0016615572731739339,-5.2673978189140625e-05,5.2673978189140625e-05,exponencial,Euler,0.01,,,
6.4100000000000001,0.0015927944620349457,0.0016450245020705747,-5.2230040035629007e-05,5.2230040035629007e-05,exponencial,Euler,0.01,,,
6.4199999999999999,0.0015768665174145965,0.0016286562347882806,-5.1789717373684112e-05,5.1789717373684112e-05,exponencial,Euler,0.01,,,
6.4299999999999997,0.001561097852240451,0.0016124508344866836,-5.1352982246232652e-05,5.1352982246232652e-05,exponencial,Euler,0.01,,,
6.4400000000000004,0.0015454868737180454,0.0015964066806122474,-5.0919806894202026e-05,5.0919806894202026e-05,exponencial,Euler,0.01,,,
6.4500000000000002,0.0015300320049808653,0.0015805221687362171,-5.0490163755351767e-05,5.0490163755351767e-05,exponencial,Euler,0.01,,,
6.46,0.001514731684931057,0.0015647957103941666,-5.006402546310954e-05,5.006402546310954e-05,exponencial,Euler,0.01,,,
6.4699999999999998,0.0014995843680817467,0.0015492257329271562,-4.9641364845409534e-05,4.9641364845409534e-05,exponencial,Euler,0.01,,,
6.4800000000000004,0.0014845885244009283,0.001533810679324463,-4.9222154923534746e-05,4.9222154923534746e-05,exponencial,Euler,0.01,,,
6.4900000000000002,0.0014697426391569192,0.0015185490080678835,-4.8806368910964256e-05,4.8806368910964256e-05,exponencial,Euler,0.01,,,
6.5,0.0014550452127653503,0.0015034391929775724,-4.8393980212222028e-05,4.8393980212222028e-05,exponencial,Euler,0.01,,,
6.5099999999999998,0.0014404947606376972,0.0014884797230594294,-4.79849624217322e-05,4.79849624217322e-05,exponencial,Euler,0.01,,,
6.5200000000000005,0.0014260898130313193,0.0014736691023539948,-4.7579289322675477e-05,4.7579289322675477e-05,exponencial,Euler,0.01,,,
6.5300000000000002,0.0014118289149010065,0.0014590058497868585,-4.7176934885852012e-05,4.7176934885852012e-05,exponencial,Euler,0.01,,,
6.54,0.0013977106257519968,0.0014444884990205433,-4.6777873268546467e-05,4.6777873268546467e-05,exponencial,Euler,0.01,,,
6.5499999999999998,0.0013837335194944772,0.0014301155983078744,-4.6382078813397192e-05,4.6382078813397192e-05,exponencial,Euler,0.01,,,
6.5600000000000005,0.0013698961842995316,0.0014158857103468022,-4.59895260472706e-05,4.59895260472706e-05,exponencial,Euler,0.01,,,
6.5700000000000003,0.0013561972224565367,0.0014017974121366744,-4.5600189680137723e-05,4.5600189680137723e-05,exponencial,Euler,0.01,,,
6.5800000000000001,0.0013426352502319717,0.0013878492948359289,-4.5214044603957265e-05,4.5214044603957265e-05,exponencial,Euler,0.01,,,
6.5899999999999999,0.0013292088977296522,0.0013740399636212118,-4.483106589155952e-05,4.483106589155952e-05,exponencial,Euler,0.01,,,
6.6000000000000005,0.0013159168087523549,0.0013603680375478928,-4.4451228795537893e-05,4.4451228795537893e-05,exponencial,Euler,0.01,,,
6.6100000000000003,0.0013027576406648316,0.0013468321494119735,-4.407450874714192e-05,4.407450874714192e-05,exponencial,Euler,0.01,,,
6.6200000000000001,0.0012897300642581836,0.0013334309456133593,-4.3700881355175723e-05,4.3700881355175723e-05,exponencial,Euler,0.01,,,
6.6299999999999999,0.0012768327636156021,0.0013201630860205026,-4.3330322404900581e-05,4.3330322404900581e-05,exponencial,Euler,0.01,,,
6.6400000000000006,0.0012640644359794451,0.0013070272438363863,-4.2962807856941187e-05,4.2962807856941187e-05,exponencial,Euler,0.01,,,
6.6500000000000004,0.0012514237916196509,0.001294022105465848,-4.2598313846197106e-05,4.2598313846197106e-05,exponencial,Euler,0.01,,,
6.6600000000000001,0.0012389095537034547,0.0012811463703842113,-4.2236816680756625e-05,4.2236816680756625e-05,exponencial,Euler,0.01,,,
6.6699999999999999,0.0012265204581664204,0.0012683987510072388,-4.1878292840818402e-05,4.1878292840818402e-05,exponencial,Euler,0.01,,,
6.6799999999999997,0.0012142552535847565,0.0012557779725623694,-4.1522718977612906e-05,4.1522718977612906e-05,exponencial,Euler,0.01,,,
6.6900000000000004,0.0012021127010489081,0.0012432827729612404,-4.1170071912332304e-05,4.1170071912332304e-05,exponencial,Euler,0.01,,,
6.7000000000000002,0.0011900915740384193,0.001230911902673481,-4.0820328635061661e-05,4.0820328635061661e-05,exponencial,Euler,0.01,,,
6.71,0.0011781906582980354,0.0012186641246017523,-4.0473466303716848e-05,4.0473466303716848e-05,exponencial,Euler,0.01,,,
6.7199999999999998,0.0011664087517150553,0.0012065382139580404,-4.0129462242985067e-05,4.0129462242985067e-05,exponencial,Euler,0.01,,,
6.7300000000000004,0.001154744664197904,0.0011945329581411752,-3.9788293943271219e-05,3.9788293943271219e-05,exponencial,Euler,0.01,,,
6.7400000000000002,0.0011431972175559252,0.0011826471566155727,-3.9449939059647528e-05,3.9449939059647528e-05,exponencial,Euler,0.01,,,
6.75,0.0011317652453803663,0.0011708796207911744,-3.9114375410808158e-05,3.9114375410808158e-05,exponencial,Euler,0.01,,,
6.7599999999999998,0.0011204475929265628,0.0011592291739045914,-3.8781580978028592e-05,3.8781580978028592e-05,exponencial,Euler,0.01,,,
6.7700000000000005,0.0011092431169972964,0.0011476946509014253,-3.8451533904128917e-05,3.8451533904128917e-05,exponencial,Euler,0.01,,,
6.7800000000000002,0.0010981506858273237,0.0011362748983197658,-3.8124212492442102e-05,3.8124212492442102e-05,exponencial,Euler,0.01,,,
6.79,0.0010871691789690508,0.0011249687741748374,-3.7799595205786603e-05,3.7799595205786603e-05,exponencial,Euler,0.01,,,
6.7999999999999998,0.0010762974871793606,0.0011137751478448032,-3.7477660665442662e-05,3.7477660665442662e-05,exponencial,Euler,0.01,,,
6.8100000000000005,0.0010655345123075663,0.0011026928999577018,-3.7158387650135542e-05,3.7158387650135542e-05,exponencial,Euler,0.01,,,
6.8200000000000003,0.001054879167184491,0.0010917209222795108,-3.6841755095019845e-05,3.6841755095019845e-05,exponencial,Euler,0.01,,,
6.8300000000000001,0.0010443303755126464,0.0010808581176033184,-3.6527742090672072e-05,3.6527742090672072e-05,exponencial,Euler,0.01,,,
6.8399999999999999,0.0010338870717575201,0.0010701033996396044,-3.621632788208427e-05,3.621632788208427e-05,exponencial,Euler,0.01,,,
6.8500000000000005,0.0010235482010399442,0.0010594556929076091,-3.5907491867664823e-05,3.5907491867664823e-05,exponencial,Euler,0.01,,,
6.8600000000000003,0.001013312719029545,0.0010489139326277882,-3.5601213598243165e-05,3.5601213598243165e-05,exponencial,Euler,0.01,,,
6.8700000000000001,0.0010031795918392498,0.0010384770646153282,-3.5297472776078375e-05,3.5297472776078375e-05,exponencial,Euler,0.01,,,
6.8799999999999999,0.00099314779592085743,0.0010281440451747298,-3.4996249253872345e-05,3.4996249253872345e-05,exponencial,Euler,0.01,,,
6.8900000000000006,0.00098321631796164819,0.0010179138409954376,-3.4697523033789439e-05,3.4697523033789439e-05,exponencial,Euler,0.01,,,
6.9000000000000004,0.00097338415478203191,0.0010077854290485105,-3.4401274266478545e-05,3.4401274266478545e-05,exponencial,Euler,0.01,,,
6.9100000000000001,0.00096365031323421182,0.00099775779648431204,-3.4107483250100218e-05,3.4107483250100218e-05,exponencial,Euler,0.01,,,
6.9199999999999999,0.00095401381010186989,0.00098782994053122947,-3.3816130429359576e-05,3.3816130429359576e-05,exponencial,Euler,0.01,,,
6.9299999999999997,0.00094447367200085138,0.00097800086839539458,-3.3527196394543199e-05,3.3527196394543199e-05,exponencial,Euler,0.01,,,
6.9400000000000004,0.00093502893528084221,0.00096826959716140172,-3.3240661880559502e-05,3.3240661880559502e-05,exponencial,Euler,0.01,,,
6.9500000000000002,0.00092567864592803402,0.00095863515369401986,-3.2956507765985834e-05,3.2956507765985834e-05,exponencial,Euler,0.01,,,
6.96,0.00091642185946875392,0.00094909657454087274,-3.267471507211882e-05,3.267471507211882e-05,exponencial,Euler,0.01,,,
6.9699999999999998,0.00090725764087406656,0.00093965290583609615,-3.2395264962029589e-05,3.2395264962029589e-05,exponencial,Euler,0.01,,,
6.9800000000000004,0.00089818506446532524,0.00093030320320494902,-3.2118138739623773e-05,3.2118138739623773e-05,exponencial,Euler,0.01,,,
6.9900000000000002,0.00088920321382067219,0.00092104653166937846,-3.1843317848706271e-05,3.1843317848706271e-05,exponencial,Euler,0.01,,,
7,0.00088031118168246567,0.00091188196555451624,-3.1570783872050573e-05,3.1570783872050573e-05,exponencial,Euler,0.01,,,
7.0099999999999998,0.00087150806986564116,0.00090280858839611358,-3.1300518530472414e-05,3.1300518530472414e-05,exponencial,Euler,0.01,,,
7.0200000000000005,0.00086279298916698414,0.00089382549284889267,-3.1032503681908529e-05,3.1032503681908529e-05,exponencial,Euler,0.01,,,
7.0300000000000002,0.00085416505927531452,0.00088493178059581459,-3.0766721320500071e-05,3.0766721320500071e-05,exponencial,Euler,0.01,,,
7.04,0.00084562340868256152,0.00087612656225824167,-3.0503153575680143e-05,3.0503153575680143e-05,exponencial,Euler,0.01,,,
7.0499999999999998,0.00083716717459573608,0.00086740895730700251,-3.024178271126643e-05,3.024178271126643e-05,exponencial,Euler,0.01,,,
7.0600000000000005,0.0008287955028497781,0.00085877809397433649,-2.9982591124558386e-05,2.9982591124558386e-05,exponencial,Euler,0.01,,,
7.0700000000000003,0.00082050754782128047,0.00085023310916671944,-2.9725561345438968e-05,2.9725561345438968e-05,exponencial,Euler,0.01,,,
7.0800000000000001,0.00081230247234306786,0.00084177314837854901,-2.947067603548115e-05,2.947067603548115e-05,exponencial,Euler,0.01,,,
7.0899999999999999,0.00080417944761963735,0.00083339736560669644,-2.9217917987059091e-05,2.9217917987059091e-05,exponencial,Euler,0.01,,,
7.1000000000000005,0.00079613765314344041,0.00082510492326590384,-2.8967270122463428e-05,2.8967270122463428e-05,exponencial,Euler,0.01,,,
7.1100000000000003,0.00078817627661200622,0.00081689499210502831,-2.8718715493022094e-05,2.8718715493022094e-05,exponencial,Euler,0.01,,,
7.1200000000000001,0.00078029451384588637,0.00080876675112411141,-2.8472237278225044e-05,2.8472237278225044e-05,exponencial,Euler,0.01,,,
7.1299999999999999,0.00077249156870742765,0.0008007193874922814,-2.8227818784853746e-05,2.8227818784853746e-05,exponencial,Euler,0.01,,,
7.1400000000000006,0.00076476665302035291,0.00079275209646646836,-2.7985443446115451e-05,2.7985443446115451e-05,exponencial,Euler,0.01,,,
7.1500000000000004,0.00075711898649014953,0.00078486408131093165,-2.7745094820782112e-05,2.7745094820782112e-05,exponencial,Euler,0.01,,,
7.1600000000000001,0.00074954779662524823,0.00077705455321758156,-2.750675659233333e-05,2.750675659233333e-05,exponencial,Euler,0.01,,,
7.1699999999999999,0.00074205231865899588,0.00076932273122710081,-2.7270412568104925e-05,2.7270412568104925e-05,exponencial,Euler,0.01,,,
7.1799999999999997,0.00073463179547240607,0.00076166784215084726,-2.7036046678441199e-05,2.7036046678441199e-05,exponencial,Euler,0.01,,,
7.1900000000000004,0.00072728547751768147,0.00075408912049353333,-2.6803642975851863e-05,2.6803642975851863e-05,exponencial,Euler,0.01,,,
7.2000000000000002,0.00072001262274250482,0.0007465858083766792,-2.6573185634174378e-05,2.6573185634174378e-05,exponencial,Euler,0.01,,,
7.21,0.00071281249651507998,0.00073915715546281964,-2.6344658947739666e-05,2.6344658947739666e-05,exponencial,Euler,0.01,,,
7.2199999999999998,0.00070568437154992932,0.00073180241888047277,-2.6118047330543452e-05,2.6118047330543452e-05,exponencial,Euler,0.01,,,
7.2300000000000004,0.00069862752783442954,0.00072452086314985062,-2.5893335315421077e-05,2.5893335315421077e-05,exponencial,Euler,0.01,,,
7.2400000000000002,0.00069164125255608542,0.00071731176010931348,-2.567050755322806e-05,2.567050755322806e-05,exponencial,Euler,0.01,,,
7.25,0.00068472484003052469,0.00071017438884254903,-2.5449548812024343e-05,2.5449548812024343e-05,exponencial,Euler,0.01,,,
7.2599999999999998,0.00067787759163021955,0.00070310803560648285,-2.5230443976263306e-05,2.5230443976263306e-05,exponencial,Euler,0.01,,,
7.2700000000000005,0.00067109881571391695,0.00069611199375990208,-2.5013178045985127e-05,2.5013178045985127e-05,exponencial,Euler,0.01,,,
7.2800000000000002,0.00066438782755677789,0.00068918556369279311,-2.4797736136015222e-05,2.4797736136015222e-05,exponencial,Euler,0.01,,,
7.29,0.0006577439492812103,0.00068232805275637658,-2.4584103475166282e-05,2.4584103475166282e-05,exponencial,Euler,0.01,,,
7.2999999999999998,0.00065116650978839835,0.00067553877519384439,-2.4372265405446037e-05,2.4372265405446037e-05,exponencial,Euler,0.01,,,
7.3100000000000005,0.00064465484469051397,0.00066881705207178172,-2.4162207381267747e-05,2.4162207381267747e-05,exponencial,Euler,0.01,,,
7.3200000000000003,0.00063820829624360899,0.00066216221121227639,-2.3953914968667406e-05,2.3953914968667406e-05,exponencial,Euler,0.01,,,
7.3300000000000001,0.00063182621328117304,0.00065557358712569583,-2.3747373844522791e-05,2.3747373844522791e-05,exponencial,Euler,0.01,,,
7.3399999999999999,0.00062550795114836143,0.0006490505209441411,-2.3542569795779664e-05,2.3542569795779664e-05,exponencial,Euler,0.01,,,
7.3500000000000005,0.00061925287163687741,0.00064259236035555734,-2.3339488718679934e-05,2.3339488718679934e-05,exponencial,Euler,0.01,,,
7.3600000000000003,0.00061306034292050874,0.00063619845953850516,-2.3138116617996423e-05,2.3138116617996423e-05,exponencial,Euler,0.01,,,
7.3700000000000001,0.00060692973949130378,0.00062986817909757402,-2.2938439606270239e-05,2.2938439606270239e-05,exponencial,Euler,0.01,,,
7.3799999999999999,0.0006008604420963909,0.00062360088599944447,-2.2740443903053573e-05,2.2740443903053573e-05,exponencial,Euler,0.01,,,
7.3900000000000006,0.00059485183767542661,0.00061739595350958343,-2.2544115834156821e-05,2.2544115834156821e-05,exponencial,Euler,0.01,,,
7.4000000000000004,0.00058890331929867246,0.0006112527611295723,-2.2349441830899841e-05,2.2349441830899841e-05,exponencial,Euler,0.01,,,
7.4100000000000001,0.00058301428610568588,0.0006051706945350532,-2.2156408429367322e-05,2.2156408429367322e-05,exponencial,Euler,0.01,,,
7.4199999999999999,0.00057718414324462917,0.00059914914551429809,-2.196500226966892e-05,2.196500226966892e-05,exponencial,Euler,0.01,,,
7.4299999999999997,0.00057141230181218298,0.00059318751190738704,-2.1775210095204066e-05,2.1775210095204066e-05,exponencial,Euler,0.01,,,
7.4400000000000004,0.00056569817879406072,0.00058728519754599074,-2.1587018751930017e-05,2.1587018751930017e-05,exponencial,Euler,0.01,,,
7.4500000000000002,0.00056004119700612024,0.00058144161219375557,-2.1400415187635335e-05,2.1400415187635335e-05,exponencial,Euler,0.01,,,
7.46,0.00055444078503605917,0.00057565617148727611,-2.121538645121694e-05,2.121538645121694e-05,exponencial,Euler,0.01,,,
7.4699999999999998,0.00054889637718569869,0.0005699282968776604,-2.1031919691961716e-05,2.1031919691961716e-05,exponencial,Euler,0.01,,,
7.4800000000000004,0.00054340741341384134,0.0005642574155726738,-2.0850002158832458e-05,2.0850002158832458e-05,exponencial,Euler,0.01,,,
7.4900000000000002,0.00053797333927970304,0.00055864296047946108,-2.0669621199758043e-05,2.0669621199758043e-05,exponencial,Euler,0.01,,,
7.5,0.00053259360588690612,0.00055308437014783363,-2.0490764260927509e-05,2.0490764260927509e-05,exponencial,Euler,0.01,,,
7.5099999999999998,0.00052726766982803721,0.00054758108871412611,-2.0313418886088895e-05,2.0313418886088895e-05,exponencial,Euler,0.01,,,
7.5200000000000005,0.00052199499312975651,0.00054213256584560862,-2.0137572715852106e-05,2.0137572715852106e-05,exponencial,Euler,0.01,,,
7.5300000000000002,0.00051677504319845905,0.00053673825668545483,-1.996321348699578e-05,1.996321348699578e-05,exponencial,Euler,0.01,,,
7.54,0.00051160729276647455,0.00053139762179825294,-1.9790329031778384e-05,1.9790329031778384e-05,exponencial,Euler,0.01,,,
7.5499999999999998,0.00050649121983880989,0.00052611012711606376,-1.9618907277253869e-05,1.9618907277253869e-05,exponencial,Euler,0.01,,,
7.5600000000000005,0.0005014263076404214,0.00052087524388501219,-1.9448936244590787e-05,1.9448936244590787e-05,exponencial,Euler,0.01,,,
7.5700000000000003,0.0004964120445640173,0.00051569244861241381,-1.9280404048396512e-05,1.9280404048396512e-05,exponencial,Euler,0.01,,,
7.5800000000000001,0.0004914479241183772,0.0005105612230144218,-1.9113298896044598e-05,1.9113298896044598e-05,exponencial,Euler,0.01,,,
7.5899999999999999,0.00048653344487719355,0.0005054810539642003,-1.8947609087006749e-05,1.8947609087006749e-05,exponencial,Euler,0.01,,,
7.6000000000000005,0.00048166811042842127,0.0005004514334406104,-1.8783323012189126e-05,1.8783323012189126e-05,exponencial,Euler,0.01,,,
7.6100000000000003,0.00047685142932413715,0.00049547185847740932,-1.8620429153272172e-05,1.8620429153272172e-05,exponencial,Euler,0.01,,,
7.6200000000000001,0.00047208291503089586,0.00049054183111295053,-1.8458916082054674e-05,1.8458916082054674e-05,exponencial,Euler,0.01,,,
7.6299999999999999,0.00046736208588058701,0.00048566085834038923,-1.8298772459802212e-05,1.8298772459802212e-05,exponencial,Euler,0.01,,,
7.6400000000000006,0.00046268846502178085,0.0004808284520583803,-1.813998703659945e-05,1.813998703659945e-05,exponencial,Euler,0.01,,,
7.6500000000000004,0.00045806158037156315,0.00047604412902226933,-1.7982548650706184e-05,1.7982548650706184e-05,exponencial,Euler,0.01,,,
7.6600000000000001,0.00045348096456784761,0.00047130741079576537,-1.7826446227917764e-05,1.7826446227917764e-05,exponencial,Euler,0.01,,,
7.6699999999999999,0.0004489461549221692,0.00046661782370309841,-1.767166878092921e-05,1.767166878092921e-05,exponencial,Euler,0.01,,,
7.6799999999999997,0.00044445669337294763,0.0004619748987816513,-1.7518205408703668e-05,1.7518205408703668e-05,exponencial,Euler,0.01,,,
7.6900000000000004,0.00044001212643921786,0.0004573781717350623,-1.7366045295844437e-05,1.7366045295844437e-05,exponencial,Euler,0.01,,,
7.7000000000000002,0.00043561200517482578,0.00045282718288679695,-1.7215177711971173e-05,1.7215177711971173e-05,exponencial,Euler,0.01,,,
7.71,0.00043125588512307761,0.00044832147713417755,-1.7065592011099946e-05,1.7065592011099946e-05,exponencial,Euler,0.01,,,
7.7199999999999998,0.00042694332627184694,0.00044386060390287402,-1.6917277631027083e-05,1.6917277631027083e-05,exponencial,Euler,0.01,,,
7.7300000000000004,0.00042267389300912816,0.00043944411710184546,-1.67702240927173e-05,1.67702240927173e-05,exponencial,Euler,0.01,,,
7.7400000000000002,0.00041844715407903698,0.00043507157507873212,-1.6624420999695143e-05,1.6624420999695143e-05,exponencial,Euler,0.01,,,
7.75,0.00041426268253824672,0.00043074254057568753,-1.6479858037440811e-05,1.6479858037440811e-05,exponencial,Euler,0.01,,,
7.7599999999999998,0.00041012005571286432,0.00042645658068565383,-1.6336524972789511e-05,1.6336524972789511e-05,exponencial,Euler,0.01,,,
7.7700000000000005,0.00040601885515573541,0.00042221326680906996,-1.6194411653334549e-05,1.6194411653334549e-05,exponencial,Euler,0.01,,,
7.7800000000000002,0.00040195866660417816,0.00041801217461101293,-1.6053508006834763e-05,1.6053508006834763e-05,exponencial,Euler,0.01,,,
7.79,0.00039793907993813645,0.00041385288397876164,-1.5913804040625199e-05,1.5913804040625199e-05,exponencial,Euler,0.01,,,
7.7999999999999998,0.00039395968913875516,0.00040973497897978681,-1.5775289841031645e-05,1.5775289841031645e-05,exponencial,Euler,0.01,,,
7.8100000000000005,0.00039002009224736733,0.00040565804782015651,-1.5637955572789177e-05,1.5637955572789177e-05,exponencial,Euler,0.01,,,
7.8200000000000003,0.00038611989132489376,0.00040162168280335808,-1.5501791478464324e-05,1.5501791478464324e-05,exponencial,Euler,0.01,,,
7.8300000000000001,0.0003822586924116449,0.00039762548028952584,-1.536678787788094e-05,1.536678787788094e-05,exponencial,Euler,0.01,,,
7.8399999999999999,0.00037843610548752855,0.00039366904065507829,-1.5232935167549741e-05,1.5232935167549741e-05,exponencial,Euler,0.01,,,
7.8500000000000005,0.00037465174443265299,0.00038975196825275448,-1.5100223820101492e-05,1.5100223820101492e-05,exponencial,Euler,0.01,,,
7.8600000000000003,0.00037090522698832656,0.00038587387137205064,-1.4968644383724083e-05,1.4968644383724083e-05,exponencial,Euler,0.01,,,
7.8700000000000001,0.00036719617471844335,0.00038203436220004671,-1.4838187481603358e-05,1.4838187481603358e-05,exponencial,Euler,0.01,,,
7.8799999999999999,0.00036352421297125901,0.00037823305678262576,-1.4708843811366749e-05,1.4708843811366749e-05,exponencial,Euler,0.01,,,
7.8900000000000006,0.00035988897084154615,0.00037446957498607801,-1.4580604144531859e-05,1.4580604144531859e-05,exponencial,Euler,0.01,,,
7.9000000000000004,0.00035629008113313075,0.00037074354045908822,-1.4453459325957469e-05,1.4453459325957469e-05,exponencial,Euler,0.01,,,
7.9100000000000001,0.00035272718032179954,0.00036705458059509838,-1.4327400273298841e-05,1.4327400273298841e-05,exponencial,Euler,0.01,,,
7.9199999999999999,0.00034919990851858162,0.00036340232649504782,-1.4202417976466207e-05,1.4202417976466207e-05,exponencial,Euler,0.01,,,
7.9300000000000006,0.00034570790943339556,0.00035978641293048274,-1.4078503497087173e-05,1.4078503497087173e-05,exponencial,Euler,0.01,,,
7.9400000000000004,0.00034225083033906167,0.00035620647830703403,-1.3955647967972367e-05,1.3955647967972367e-05,exponencial,Euler,0.01,,,
7.9500000000000002,0.00033882832203567114,0.00035266216462825575,-1.3833842592584614e-05,1.3833842592584614e-05,exponencial,Euler,0.01,,,
7.96,0.00033544003881531452,0.00034915311745982642,-1.3713078644511905e-05,1.3713078644511905e-05,exponencial,Euler,0.01,,,
7.9699999999999998,0.00033208563842716143,0.00034567898589410494,-1.3593347466943513e-05,1.3593347466943513e-05,exponencial,Euler,0.01,,,
7.9800000000000004,0.00032876478204288959,0.00034223942251503938,-1.3474640472149789e-05,1.3474640472149789e-05,exponencial,Euler,0.01,,,
7.9900000000000002,0.00032547713422246074,0.00033883408336342612,-1.3356949140965379e-05,1.3356949140965379e-05,exponencial,Euler,0.01,,,
8,0.00032222236288023621,0.00033546262790251185,-1.3240265022275639e-05,1.3240265022275639e-05,exponencial,Euler,0.01,,,
8.0099999999999998,0.0003190001392514339,0.00033212471898394095,-1.3124579732507055e-05,1.3124579732507055e-05,exponencial,Euler,0.01,,,
8.0199999999999996,0.00031581013785891962,0.00032882002281403995,-1.300988495512033e-05,1.300988495512033e-05,exponencial,Euler,0.01,,,
8.0299999999999994,0.00031265203648033049,0.00032554820892043796,-1.2896172440107474e-05,1.2896172440107474e-05,exponencial,Euler,0.01,,,
8.0400000000000009,0.00030952551611552667,0.00032230895011901855,-1.278343400349188e-05,1.278343400349188e-05,exponencial,Euler,0.01,,,
8.0500000000000007,0.00030643026095437145,0.00031910192248120326,-1.2671661526831809e-05,1.2671661526831809e-05,exponencial,Euler,0.01,,,
8.0600000000000005,0.0003033659583448278,0.00031592680530155527,-1.2560846956727464e-05,1.2560846956727464e-05,exponencial,Euler,0.01,,,
8.0700000000000003,0.00030033229876137957,0.00031278328106571065,-1.2450982304331088e-05,1.2450982304331088e-05,exponencial,Euler,0.01,,,
8.0800000000000001,0.00029732897577376585,0.00030967103541862623,-1.2342059644860378e-05,1.2342059644860378e-05,exponencial,Euler,0.01,,,
8.0899999999999999,0.00029435568601602827,0.00030658975713314368,-1.2234071117115416e-05,1.2234071117115416e-05,exponencial,Euler,0.01,,,
8.0999999999999996,0.00029141212915586803,0.00030353913807886678,-1.2127008922998748e-05,1.2127008922998748e-05,exponencial,Euler,0.01,,,
8.1099999999999994,0.0002884980078643094,0.00030051887319134789,-1.2020865327038496e-05,1.2020865327038496e-05,exponencial,Euler,0.01,,,
8.120000000000001,0.00028561302778566585,0.00029752866044158079,-1.1915632655914944e-05,1.1915632655914944e-05,exponencial,Euler,0.01,,,
8.1300000000000008,0.00028275689750780923,0.00029456820080579982,-1.181130329799059e-05,1.181130329799059e-05,exponencial,Euler,0.01,,,
8.1400000000000006,0.00027992932853273118,0.00029163719823557371,-1.1707869702842527e-05,1.1707869702842527e-05,exponencial,Euler,0.01,,,
8.1500000000000004,0.00027713003524740395,0.00028873535962820301,-1.1605324380799058e-05,1.1605324380799058e-05,exponencial,Euler,0.01,,,
8.1600000000000001,0.00027435873489492995,0.00028586239479740869,-1.1503659902478746e-05,1.1503659902478746e-05,exponencial,Euler,0.01,,,
8.1699999999999999,0.0002716151475459807,0.00028301801644431358,-1.1402868898332879e-05,1.1402868898332879e-05,exponencial,Euler,0.01,,,
8.1799999999999997,0.00026889899607052093,0.00028020194012871202,-1.1302944058191086e-05,1.1302944058191086e-05,exponencial,Euler,0.01,,,
8.1899999999999995,0.00026621000610981579,0.00027741388424062572,-1.1203878130809923e-05,1.1203878130809923e-05,exponencial,Euler,0.01,,,
8.1999999999999993,0.0002635479060487177,0.00027465356997214254,-1.1105663923424833e-05,1.1105663923424833e-05,exponencial,Euler,0.01,,,
8.2100000000000009,0.00026091242698823012,0.00027192072128953476,-1.100829430130464e-05,1.100829430130464e-05,exponencial,Euler,0.01,,,
8.2200000000000006,0.00025830330271834788,0.00026921506490565784,-1.0911762187309961e-05,1.0911762187309961e-05,exponencial,Euler,0.01,,,
8.2300000000000004,0.00025572026969116445,0.00026653633025261806,-1.0816060561453611e-05,1.0816060561453611e-05,exponencial,Euler,0.01,,,
8.2400000000000002,0.00025316306699425285,0.00026388424945471793,-1.072118246046508e-05,1.072118246046508e-05,exponencial,Euler,0.01,,,
8.25,0.00025063143632431036,0.00026125855730166754,-1.0627120977357179e-05,1.0627120977357179e-05,exponencial,Euler,0.01,,,
8.2599999999999998,0.0002481251219610673,0.00025865899122206351,-1.0533869260996207e-05,1.0533869260996207e-05,exponencial,Euler,0.01,,,
8.2699999999999996,0.00024564387074145667,0.00025608529125713156,-1.0441420515674884e-05,1.0441420515674884e-05,exponencial,Euler,0.01,,,
8.2799999999999994,0.00024318743203404216,0.00025353720003473039,-1.0349768000688238e-05,1.0349768000688238e-05,exponencial,Euler,0.01,,,
8.2900000000000009,0.00024075555771370136,0.00025101446274361402,-1.0258905029912662e-05,1.0258905029912662e-05,exponencial,Euler,0.01,,,
8.3000000000000007,0.00023834800213656441,0.00024851682710795185,-1.0168824971387442e-05,1.0168824971387442e-05,exponencial,Euler,0.01,,,
8.3100000000000005,0.00023596452211519881,0.00024604404336209853,-1.0079521246899724e-05,1.0079521246899724e-05,exponencial,Euler,0.01,,,
8.3200000000000003,0.00023360487689404687,0.00024359586422561879,-9.9909873315719188e-06,9.9909873315719188e-06,exponencial,Euler,0.01,,,
8.3300000000000001,0.00023126882812510646,0.00024117204487855885,-9.9032167534523889e-06,9.9032167534523889e-06,exponencial,Euler,0.01,,,
8.3399999999999999,0.00022895613984385546,0.00023877234293696414,-9.8162030931086847e-06,9.8162030931086847e-06,exponencial,Euler,0.01,,,
8.3499999999999996,0.00022666657844541696,0.00023639651842864072,-9.7299399832237595e-06,9.7299399832237595e-06,exponencial,Euler,0.01,,,
8.3599999999999994,0.00022439991266096283,0.00023404433376915794,-9.6444211081951126e-06,9.6444211081951126e-06,exponencial,Euler,0.01,,,
8.370000000000001,0.00022215591353435285,0.00023171555373808925,-9.5596402037363996e-06,9.5596402037363996e-06,exponencial,Euler,0.01,,,
8.3800000000000008,0.00021993435439900938,0.00022940994545549173,-9.475591056482349e-06,9.475591056482349e-06,exponencial,Euler,0.01,,,
8.3900000000000006,0.00021773501085501932,0.00022712727835861536,-9.392267503596037e-06,9.392267503596037e-06,exponencial,Euler,0.01,,,
8.4000000000000004,0.00021555766074646916,0.00022486732417884819,-9.3096634323790357e-06,9.3096634323790357e-06,exponencial,Euler,0.01,,,
8.4100000000000001,0.00021340208413900451,0.00022262985691888897,-9.2277727798844612e-06,9.2277727798844612e-06,exponencial,Euler,0.01,,,
8.4199999999999999,0.00021126806329761452,0.00022041465283014714,-9.146589532532624e-06,9.146589532532624e-06,exponencial,Euler,0.01,,,
8.4299999999999997,0.00020915538266463841,0.00021822149039036782,-9.0661077257294168e-06,9.0661077257294168e-06,exponencial,Euler,0.01,,,
8.4399999999999995,0.00020706382883799206,0.00021605015028147939,-8.9863214434873317e-06,8.9863214434873317e-06,exponencial,Euler,0.01,,,
8.4499999999999993,0.00020499319054961219,0.00021390041536766149,-8.9072248180492965e-06,8.9072248180492965e-06,exponencial,Euler,0.01,,,
8.4600000000000009,0.00020294325864411575,0.00021177207067363092,-8.8288120295151667e-06,8.8288120295151667e-06,exponencial,Euler,0.01,,,
8.4700000000000006,0.00020091382605767465,0.00020966490336314539,-8.7510773054707387e-06,8.7510773054707387e-06,exponencial,Euler,0.01,,,
8.4800000000000004,0.00019890468779709794,0.00020757870271771752,-8.6740149206195819e-06,8.6740149206195819e-06,exponencial,Euler,0.01,,,
8.4900000000000002,0.000196915640919127,0.00020551326011554428,-8.5976191964172834e-06,8.5976191964172834e-06,exponencial,Euler,0.01,,,
8.5,0.00019494648450993577,0.00020346836901064417,-8.5218845007084022e-06,8.5218845007084022e-06,exponencial,Euler,0.01,,,
8.5099999999999998,0.00019299701966483645,0.00020144382491220269,-8.4468052473662437e-06,8.4468052473662437e-06,exponencial,Euler,0.01,,,
8.5199999999999996,0.00019106704946818812,0.00019943942536412282,-8.3723758959346932e-06,8.3723758959346932e-06,exponencial,Euler,0.01,,,
8.5299999999999994,0.00018915637897350628,0.00019745496992477945,-8.2985909512731668e-06,8.2985909512731668e-06,exponencial,Euler,0.01,,,
8.5400000000000009,0.00018726481518377091,0.00019549026014697459,-8.2254449632036765e-06,8.2254449632036765e-06,exponencial,Euler,0.01,,,
8.5500000000000007,0.00018539216703193325,0.00019354509955809383,-8.1529325261605788e-06,8.1529325261605788e-06,exponencial,Euler,0.01,,,
8.5600000000000005,0.00018353824536161396,0.00019161929364045703,-8.0810482788430606e-06,8.0810482788430606e-06,exponencial,Euler,0.01,,,
8.5700000000000003,0.00018170286290799785,0.00018971264981186754,-8.0097869038696856e-06,8.0097869038696856e-06,exponencial,Euler,0.01,,,
8.5800000000000001,0.00017988583427891791,0.00018782497740635362,-7.9391431274357046e-06,7.9391431274357046e-06,exponencial,Euler,0.01,,,
8.5899999999999999,0.00017808697593612877,0.00018595608765510169,-7.8691117189729149e-06,7.8691117189729149e-06,exponencial,Euler,0.01,,,
8.5999999999999996,0.00017630610617676754,0.00018410579366757919,-7.7996874908116594e-06,7.7996874908116594e-06,exponencial,Euler,0.01,,,
8.6099999999999994,0.00017454304511499991,0.00018227391041284545,-7.7308652978455377e-06,7.7308652978455377e-06,exponencial,Euler,0.01,,,
8.620000000000001,0.00017279761466384964,0.00018046025470104811,-7.6626400371984746e-06,7.6626400371984746e-06,exponencial,Euler,0.01,,,
8.6300000000000008,0.00017106963851721118,0.00017866464516510524,-7.5950066478940655e-06,7.5950066478940655e-06,exponencial,Euler,0.01,,,
8.6400000000000006,0.00016935894213203909,0.00017688690224256659,-7.5279601105274967e-06,7.5279601105274967e-06,exponencial,Euler,0.01,,,
8.6500000000000004,0.00016766535271071873,0.00017512684815765842,-7.4614954469396884e-06,7.4614954469396884e-06,exponencial,Euler,0.01,,,
8.6600000000000001,0.00016598869918361159,0.00017338430690350557,-7.3956077198939862e-06,7.3956077198939862e-06,exponencial,Euler,0.01,,,
8.6699999999999999,0.00016432881219177549,0.00017165910422453046,-7.3302920327549654e-06,7.3302920327549654e-06,exponencial,Euler,0.01,,,
8.6799999999999997,0.00016268552406985777,0.0001699510675990275,-7.2655435291697301e-06,7.2655435291697301e-06,exponencial,Euler,0.01,,,
8.6899999999999995,0.00016105866882915924,0.00016826002622191084,-7.2013573927515975e-06,7.2013573927515975e-06,exponencial,Euler,0.01,,,
8.7000000000000011,0.0001594480821408674,0.00016658581098763324,-7.1377288467658416e-06,7.1377288467658416e-06,exponencial,Euler,0.01,,,
8.7100000000000009,0.00015785360131945875,0.00016492825447327666,-7.0746531538179035e-06,7.0746531538179035e-06,exponencial,Euler,0.01,,,
8.7200000000000006,0.00015627506530626421,0.00016328719092180806,-7.0121256155438523e-06,7.0121256155438523e-06,exponencial,Euler,0.01,,,
8.7300000000000004,0.0001547123146532016,0.00016166245622550477,-6.9501415723031762e-06,6.9501415723031762e-06,exponencial,Euler,0.01,,,
8.7400000000000002,0.00015316519150666963,0.00016005388790954321,-6.888696402873579e-06,6.888696402873579e-06,exponencial,Euler,0.01,,,
8.75,0.00015163353959160296,0.00015846132511575126,-6.827785524148299e-06,6.827785524148299e-06,exponencial,Euler,0.01,,,
8.7599999999999998,0.00015011720419568696,0.00015688460858652242,-6.7674043908354589e-06,6.7674043908354589e-06,exponencial,Euler,0.01,,,
8.7699999999999996,0.00014861603215373011,0.00015532358064888985,-6.7075484951597479e-06,6.7075484951597479e-06,exponencial,Euler,0.01,,,
8.7799999999999994,0.00014712987183219283,0.00015377808519875894,-6.6482133665661091e-06,6.6482133665661091e-06,exponencial,Euler,0.01,,,
8.7900000000000009,0.00014565857311387069,0.00015224796768529644,-6.5893945714257584e-06,6.5893945714257584e-06,exponencial,Euler,0.01,,,
8.8000000000000007,0.000144201987382732,0.0001507330750954765,-6.5310877127445067e-06,6.5310877127445067e-06,exponencial,Euler,0.01,,,
8.8100000000000005,0.0001427599675089047,0.00014923325593877739,-6.4732884298726817e-06,6.4732884298726817e-06,exponencial,Euler,0.01,,,
8.8200000000000003,0.00014133236783381569,0.00014774836023203364,-6.4159923982179499e-06,6.4159923982179499e-06,exponencial,Euler,0.01,,,
8.8300000000000001,0.00013991904415547757,0.00014627823948443712,-6.3591953289595477e-06,6.3591953289595477e-06,exponencial,Euler,0.01,,,
8.8399999999999999,0.00013851985371392283,0.000144822746682688,-6.3028929687651699e-06,6.3028929687651699e-06,exponencial,Euler,0.01,,,
8.8499999999999996,0.00013713465517678364,0.00014338173627629318,-6.2470810995095369e-06,6.2470810995095369e-06,exponencial,Euler,0.01,,,
8.8599999999999994,0.00013576330862501582,0.00014195506416301115,-6.1917555379953219e-06,6.1917555379953219e-06,exponencial,Euler,0.01,,,
8.870000000000001,0.00013440567553876545,0.00014054258767444143,-6.1369121356759739e-06,6.1369121356759739e-06,exponencial,Euler,0.01,,,
8.8800000000000008,0.00013306161878337783,0.00013914416556175865,-6.0825467783808191e-06,6.0825467783808191e-06,exponencial,Euler,0.01,,,
8.8900000000000006,0.00013173100259554409,0.0001377596579815859,-6.0286553860418139e-06,6.0286553860418139e-06,exponencial,Euler,0.01,,,
8.9000000000000004,0.00013041369256958869,0.0001363889264820114,-5.975233912422712e-06,5.975233912422712e-06,exponencial,Euler,0.01,,,
8.9100000000000001,0.00012910955564389282,0.00013503183398874292,-5.9222783448501003e-06,5.9222783448501003e-06,exponencial,Euler,0.01,,,
8.9199999999999999,0.00012781846008745392,0.00013368824479140023,-5.8697847039463063e-06,5.8697847039463063e-06,exponencial,Euler,0.01,,,
8.9299999999999997,0.00012654027548657942,0.00013235802452994389,-5.8177490433644727e-06,5.8177490433644727e-06,exponencial,Euler,0.01,,,
8.9399999999999995,0.00012527487273171365,0.00013104104018123928,-5.7661674495256389e-06,5.7661674495256389e-06,exponencial,Euler,0.01,,,
8.9500000000000011,0.00012402212400439632,0.0001297371600457538,-5.7150360413574751e-06,5.7150360413574751e-06,exponencial,Euler,0.01,,,
8.9600000000000009,0.0001227819027643524,0.0001284462537343878,-5.6643509700354019e-06,5.6643509700354019e-06,exponencial,Euler,0.01,,,
8.9700000000000006,0.0001215540837367089,0.0001271681921554341,-5.6141084187252008e-06,5.6141084187252008e-06,exponencial,Euler,0.01,,,
8.9800000000000004,0.00012033854289934184,0.00012590284750166984,-5.5643046023279964e-06,5.5643046023279964e-06,exponencial,Euler,0.01,,,
8.9900000000000002,0.00011913515747034845,0.0001246500932375751,-5.5149357672266476e-06,5.5149357672266476e-06,exponencial,Euler,0.01,,,
9,0.000117943805895645,0.00012340980408667956,-5.4659981910345655e-06,5.4659981910345655e-06,exponencial,Euler,0.01,,,
9.0099999999999998,0.00011676436783668857,0.00012218185601903451,-5.41748818234594e-06,5.41748818234594e-06,exponencial,Euler,0.01,,,
9.0199999999999996,0.00011559672415832171,0.00012096612623880994,-5.3694020804882303e-06,5.3694020804882303e-06,exponencial,Euler,0.01,,,
9.0299999999999994,0.00011444075691673851,0.00011976249317201468,-5.3217362552761727e-06,5.3217362552761727e-06,exponencial,Euler,0.01,,,
9.0400000000000009,0.00011329634934757095,0.00011857083645433882,-5.2744871067678621e-06,5.2744871067678621e-06,exponencial,Euler,0.01,,,
9.0500000000000007,0.00011216338585409527,0.00011739103691911796,-5.2276510650226909e-06,5.2276510650226909e-06,exponencial,Euler,0.01,,,
9.0600000000000005,0.00011104175199555435,0.00011622297658541522,-5.1812245898608724e-06,5.1812245898608724e-06,exponencial,Euler,0.01,,,
9.0700000000000003,0.00010993133447559883,0.00011506653864622381,-5.1352041706249842e-06,5.1352041706249842e-06,exponencial,Euler,0.01,,,
9.0800000000000001,0.00010883202113084286,0.00011392160745678613,-5.0895863259432735e-06,5.0895863259432735e-06,exponencial,Euler,0.01,,,
9.0899999999999999,0.00010774370091953445,0.00011278806852302912,-5.0443676034946696e-06,5.0443676034946696e-06,exponencial,Euler,0.01,,,
9.0999999999999996,0.00010666626391033912,0.00011166580849011478,-4.9995445797756537e-06,4.9995445797756537e-06,exponencial,Euler,0.01,,,
9.1099999999999994,0.00010559960127123575,0.0001105547151311046,-4.9551138598688489e-06,4.9551138598688489e-06,exponencial,Euler,0.01,,,
9.120000000000001,0.00010454360525852322,0.00010945467733573657,-4.9110720772133461e-06,4.9110720772133461e-06,exponencial,Euler,0.01,,,
9.1300000000000008,0.00010349816920593802,0.00010836558509931485,-4.8674158933768315e-06,4.8674158933768315e-06,exponencial,Euler,0.01,,,
9.1400000000000006,0.00010246318751387866,0.000107287329511708,-4.8241419978293409e-06,4.8241419978293409e-06,exponencial,Euler,0.01,,,
9.1500000000000004,0.00010143855563873989,0.00010621980274645875,-4.7812471077188565e-06,4.7812471077188565e-06,exponencial,Euler,0.01,,,
9.1600000000000001,0.00010042417008235251,0.00010516289805000093,-4.7387279676484227e-06,4.7387279676484227e-06,exponencial,Euler,0.01,,,
9.1699999999999999,9.9419928381529006e-05,0.00010411650973098415,-4.6965813494551447e-06,4.6965813494551447e-06,exponencial,Euler,0.01,,,
9.1799999999999997,9.8425729097713742e-05,0.00010308053314970452,-4.654804051990773e-06,4.654804051990773e-06,exponencial,Euler,0.01,,,
9.1899999999999995,9.7441471806736628e-05,0.00010205486470764058,-4.6133929009039551e-06,4.6133929009039551e-06,exponencial,Euler,0.01,,,
9.2000000000000011,9.6467057088669116e-05,0.00010103940183709324,-4.5723447484241267e-06,4.5723447484241267e-06,exponencial,Euler,0.01,,,
9.2100000000000009,9.5502386517782442e-05,0.00010003404299092957,-4.5316564731471247e-06,4.5316564731471247e-06,exponencial,Euler,0.01,,,
9.2200000000000006,9.4547362652604644e-05,9.9038687632426974e-05,-4.4913249798223307e-06,4.4913249798223307e-06,exponencial,Euler,0.01,,,
9.2300000000000004,9.3601889026078612e-05,9.8053236225220135e-05,-4.451347199141523e-06,4.451347199141523e-06,exponencial,Euler,0.01,,,
9.2400000000000002,9.2665870135817845e-05,9.7077590223347118e-05,-4.4117200875292729e-06,4.4117200875292729e-06,exponencial,Euler,0.01,,,
9.25,9.1739211434459686e-05,9.6111652061394695e-05,-4.3724406269350088e-06,4.3724406269350088e-06,exponencial,Euler,0.01,,,
9.2599999999999998,9.0821819320115107e-05,9.5155325144741717e-05,-4.3335058246266105e-06,4.3335058246266105e-06,exponencial,Euler,0.01,,,
9.2699999999999996,8.9913601126913971e-05,9.4208513839899588e-05,-4.2949127129856174e-06,4.2949127129856174e-06,exponencial,Euler,0.01,,,
9.2799999999999994,8.901446511564485e-05,9.3271123464948804e-05,-4.2566583493039542e-06,4.2566583493039542e-06,exponencial,Euler,0.01,,,
9.2900000000000009,8.8124320464488264e-05,9.2343060280070547e-05,-4.2187398155822827e-06,4.2187398155822827e-06,exponencial,Euler,0.01,,,
9.3000000000000007,8.7243077259843398e-05,9.142423147817327e-05,-4.1811542183298715e-06,4.1811542183298715e-06,exponencial,Euler,0.01,,,
9.3100000000000005,8.6370646487244978e-05,9.0514545175610921e-05,-4.1438986883659434e-06,4.1438986883659434e-06,exponencial,Euler,0.01,,,
9.3200000000000003,8.5506940022372541e-05,8.9613910402995176e-05,-4.1069703806226348e-06,4.1069703806226348e-06,exponencial,Euler,0.01,,,
9.3300000000000001,8.4651870622148837e-05,8.8722237096098229e-05,-4.0703664739493925e-06,4.0703664739493925e-06,exponencial,Euler,0.01,,,
9.3399999999999999,8.3805351915927363e-05,8.7839436086846345e-05,-4.0340841709189825e-06,4.0340841709189825e-06,exponencial,Euler,0.01,,,
9.3499999999999996,8.2967298396768104e-05,8.6965419094402918e-05,-3.9981206976348138e-06,3.9981206976348138e-06,exponencial,Euler,0.01,,,
9.3599999999999994,8.2137625412800436e-05,8.6100098716340351e-05,-3.9624733035399157e-06,3.9624733035399157e-06,exponencial,Euler,0.01,,,
9.370000000000001,8.1316249158672297e-05,8.5243388419899594e-05,-3.9271392612272971e-06,3.9271392612272971e-06,exponencial,Euler,0.01,,,
9.3800000000000008,8.0503086667085589e-05,8.4395202533337358e-05,-3.8921158662517697e-06,3.8921158662517697e-06,exponencial,Euler,0.01,,,
9.3900000000000006,7.9698055800414753e-05,8.3555456237358042e-05,-3.8574004369432889e-06,3.8574004369432889e-06,exponencial,Euler,0.01,,,
9.4000000000000004,7.8901075242410618e-05,8.2724065556632228e-05,-3.82299031422161e-06,3.82299031422161e-06,exponencial,Euler,0.01,,,
9.4100000000000001,7.8112064489986526e-05,8.1900947351399041e-05,-3.788882861412515e-06,3.788882861412515e-06,exponencial,Euler,0.01,,,
9.4199999999999999,7.7330943845086675e-05,8.1086019309152004e-05,-3.7550754640653289e-06,3.7550754640653289e-06,exponencial,Euler,0.01,,,
9.4299999999999997,7.6557634406635819e-05,8.0279199936407784e-05,-3.7215655297719654e-06,3.7215655297719654e-06,exponencial,Euler,0.01,,,
9.4399999999999995,7.5792058062569478e-05,7.9480408550556766e-05,-3.6883504879872887e-06,3.6883504879872887e-06,exponencial,Euler,0.01,,,
9.4500000000000011,7.5034137481943663e-05,7.868956527179456e-05,-3.6554277898508976e-06,3.6554277898508976e-06,exponencial,Euler,0.01,,,
9.4600000000000009,7.4283796107124241e-05,7.7906591015134533e-05,-3.6227949080102923e-06,3.6227949080102923e-06,exponencial,Euler,0.01,,,
9.4700000000000006,7.3540958146053008e-05,7.713140748249839e-05,-3.5904493364453824e-06,3.5904493364453824e-06,exponencial,Euler,0.01,,,
9.4800000000000004,7.2805548564592492e-05,7.6363937154886883e-05,-3.5583885902943914e-06,3.5583885902943914e-06,exponencial,Euler,0.01,,,
9.4900000000000002,7.2077493078946577e-05,7.5604103284627693e-05,-3.526610205681116e-06,3.526610205681116e-06,exponencial,Euler,0.01,,,
9.5,7.1356718148157125e-05,7.4851829887700598e-05,-3.4951117395434734e-06,3.4951117395434734e-06,exponencial,Euler,0.01,,,
9.5099999999999998,7.064315096667557e-05,7.4107041736139e-05,-3.4638907694634302e-06,3.4638907694634302e-06,exponencial,Euler,0.01,,,
9.5199999999999996,6.9936719457008823e-05,7.3369664350507083e-05,-3.4329448934982602e-06,3.4329448934982602e-06,exponencial,Euler,0.01,,,
9.5299999999999994,6.9237352262438743e-05,7.2639623992451819e-05,-3.4022717300130758e-06,3.4022717300130758e-06,exponencial,Euler,0.01,,,
9.5400000000000009,6.8544978739814251e-05,7.1916847657328884e-05,-3.3718689175146332e-06,3.3718689175146332e-06,exponencial,Euler,0.01,,,
9.5500000000000007,6.7859528952416117e-05,7.1201263066902732e-05,-3.3417341144866149e-06,3.3417341144866149e-06,exponencial,Euler,0.01,,,
9.5600000000000005,6.7180933662891972e-05,7.0492798662117833e-05,-3.3118649992258615e-06,3.3118649992258615e-06,exponencial,Euler,0.01,,,
9.5700000000000003,6.6509124326263067e-05,6.9791383595943363e-05,-3.2822592696802965e-06,3.2822592696802965e-06,exponencial,Euler,0.01,,,
9.5800000000000001,6.5844033083000452e-05,6.9096947726288158e-05,-3.2529146432877054e-06,3.2529146432877054e-06,exponencial,Euler,0.01,,,
9.5899999999999999,6.5185592752170461e-05,6.8409421608986548e-05,-3.2238288568160875e-06,3.2238288568160875e-06,exponencial,Euler,0.01,,,
9.5999999999999996,6.4533736824648767e-05,6.7728736490853898e-05,-3.1949996662051312e-06,3.1949996662051312e-06,exponencial,Euler,0.01,,,
9.6099999999999994,6.3888399456402291e-05,6.705482430281112e-05,-3.1664248464088293e-06,3.1664248464088293e-06,exponencial,Euler,0.01,,,
9.620000000000001,6.3249515461838175e-05,6.6387617653077731e-05,-3.1381021912395567e-06,3.1381021912395567e-06,exponencial,Euler,0.01,,,
9.6300000000000008,6.26170203072198e-05,6.5727049820432952e-05,-3.1100295132131513e-06,3.1100295132131513e-06,exponencial,Euler,0.01,,,
9.6400000000000006,6.199085010414762e-05,6.5073054747542944e-05,-3.0822046433953237e-06,3.0822046433953237e-06,exponencial,Euler,0.01,,,
9.6500000000000004,6.1370941603106159e-05,6.4425567034355417e-05,-3.0546254312492589e-06,3.0546254312492589e-06,exponencial,Euler,0.01,,,
9.6600000000000001,6.075723218707511e-05,6.3784521931559479e-05,-3.0272897444843697e-06,3.0272897444843697e-06,exponencial,Euler,0.01,,,
9.6699999999999999,6.0149659865204371e-05,6.3149855334110628e-05,-3.0001954689062572e-06,3.0001954689062572e-06,exponencial,Euler,0.01,,,
9.6799999999999997,5.9548163266552343e-05,6.252150377482026e-05,-2.9733405082679173e-06,2.9733405082679173e-06,exponencial,Euler,0.01,,,
9.6899999999999995,5.8952681633886834e-05,6.1899404418008791e-05,-2.9467227841219572e-06,2.9467227841219572e-06,exponencial,Euler,0.01,,,
9.7000000000000011,5.8363154817547871e-05,6.1283495053222024e-05,-2.9203402356741537e-06,2.9203402356741537e-06,exponencial,Euler,0.01,,,
9.7100000000000009,5.7779523269372402e-05,6.0673714089010444e-05,-2.8941908196380411e-06,2.8941908196380411e-06,exponencial,Euler,0.01,,,
9.7200000000000006,5.720172803667869e-05,6.0070000546769362e-05,-2.8682725100906721e-06,2.8682725100906721e-06,exponencial,Euler,0.01,,,
9.7300000000000004,5.6629710756311915e-05,5.9472294054641452e-05,-2.8425832983295363e-06,2.8425832983295363e-06,exponencial,Euler,0.01,,,
9.7400000000000002,5.6063413648748807e-05,5.8880534841479419e-05,-2.817121192730612e-06,2.817121192730612e-06,exponencial,Euler,0.01,,,
9.75,5.5502779512261331e-05,5.8294663730868811e-05,-2.7918842186074798e-06,2.7918842186074798e-06,exponencial,Euler,0.01,,,
9.7599999999999998,5.4947751717138732e-05,5.7714622135210329e-05,-2.7668704180715969e-06,2.7668704180715969e-06,exponencial,Euler,0.01,,,
9.7699999999999996,5.4398274199967355e-05,5.7140352049861057e-05,-2.7420778498937019e-06,2.7420778498937019e-06,exponencial,Euler,0.01,,,
9.7799999999999994,5.3854291457967695e-05,5.6571796047333883e-05,-2.7175045893661887e-06,2.7175045893661887e-06,exponencial,Euler,0.01,,,
9.7900000000000009,5.3315748543387932e-05,5.6008897271554667e-05,-2.6931487281667345e-06,2.6931487281667345e-06,exponencial,Euler,0.01,,,
9.8000000000000007,5.2782591057954063e-05,5.5451599432176945e-05,-2.6690083742228826e-06,2.6690083742228826e-06,exponencial,Euler,0.01,,,
9.8100000000000005,5.2254765147374535e-05,5.4899846798952252e-05,-2.645081651577717e-06,2.645081651577717e-06,exponencial,Euler,0.01,,,
9.8200000000000003,5.1732217495900798e-05,5.4353584196157486e-05,-2.6213667002566882e-06,2.6213667002566882e-06,exponencial,Euler,0.01,,,
9.8300000000000001,5.1214895320941803e-05,5.3812756997077143e-05,-2.5978616761353402e-06,2.5978616761353402e-06,exponencial,Euler,0.01,,,
9.8399999999999999,5.0702746367732399e-05,5.3277311118540617e-05,-2.5745647508082178e-06,2.5745647508082178e-06,exponencial,Euler,0.01,,,
9.8499999999999996,5.0195718904055084e-05,5.2747193015513852e-05,-2.5514741114587681e-06,2.5514741114587681e-06,exponencial,Euler,0.01,,,
9.8599999999999994,4.9693761715014543e-05,5.2222349675744776e-05,-2.5285879607302332e-06,2.5285879607302332e-06,exponencial,Euler,0.01,,,
9.870000000000001,4.9196824097864318e-05,5.1702728614461958e-05,-2.5059045165976392e-06,2.5059045165976392e-06,exponencial,Euler,0.01,,,
9.8800000000000008,4.8704855856885687e-05,5.1188277869126422e-05,-2.4834220122407348e-06,2.4834220122407348e-06,exponencial,Euler,0.01,,,
9.8900000000000006,4.8217807298316842e-05,5.0678945994234842e-05,-2.4611386959180002e-06,2.4611386959180002e-06,exponencial,Euler,0.01,,,
9.9000000000000004,4.7735629225333685e-05,5.0174682056175283e-05,-2.4390528308415978e-06,2.4390528308415978e-06,exponencial,Euler,0.01,,,
9.9100000000000001,4.7258272933080359e-05,4.9675435628133719e-05,-2.4171626950533599e-06,2.4171626950533599e-06,exponencial,Euler,0.01,,,
9.9199999999999999,4.6785690203749568e-05,4.9181156785051293e-05,-2.395466581301725e-06,2.395466581301725e-06,exponencial,Euler,0.01,,,
9.9299999999999997,4.6317833301712081e-05,4.8691796098631812e-05,-2.373962796919731e-06,2.373962796919731e-06,exponencial,Euler,0.01,,,
9.9399999999999995,4.5854654968694974e-05,4.820730463239883e-05,-2.352649663703856e-06,2.352649663703856e-06,exponencial,Euler,0.01,,,
9.9500000000000011,4.5396108419007954e-05,4.7727633936801882e-05,-2.3315255177939288e-06,2.3315255177939288e-06,exponencial,Euler,0.01,,,
9.9600000000000009,4.4942147334817887e-05,4.7252736044371869e-05,-2.3105887095539824e-06,2.3105887095539824e-06,exponencial,Euler,0.01,,,
9.9700000000000006,4.4492725861469719e-05,4.67825634649237e-05,-2.2898376034539807e-06,2.2898376034539807e-06,exponencial,Euler,0.01,,,
9.9800000000000004,4.4047798602855029e-05,4.6317069180807618e-05,-2.2692705779525893e-06,2.2692705779525893e-06,exponencial,Euler,0.01,,,
9.9900000000000002,4.3607320616826488e-05,4.5856206642207309e-05,-2.2488860253808203e-06,2.2488860253808203e-06,exponencial,Euler,0.01,,,
10,4.3171247410658235e-05,4.5399929762484854e-05,-2.228682351826619e-06,2.228682351826619e-06,exponencial,Euler,0.01,,,
0,1,1,0,0,comparacion,Euler,1,,,
1,0,0.36787944117144233,-0.36787944117144233,0.36787944117144233,comparacion,Euler,1,,,
2,0,0.1353352832366127,-0.1353352832366127,0.1353352832366127,comparacion,Euler,1,,,
3,0,0.049787068367863944,-0.049787068367863944,0.049787068367863944,comparacion,Euler,1,,,
4,0,0.018315638888734179,-0.018315638888734179,0.018315638888734179,comparacion,Euler,1,,,
5,0,0.006737946999085467,-0.006737946999085467,0.006737946999085467,comparacion,Euler,1,,,
6,0,0.0024787521766663585,-0.0024787521766663585,0.0024787521766663585,comparacion,Euler,1,,,
7,0,0.00091188196555451624,-0.00091188196555451624,0.00091188196555451624,comparacion,Euler,1,,,
8,0,0.00033546262790251185,-0.00033546262790251185,0.00033546262790251185,comparacion,Euler,1,,,
9,0,0.00012340980408667956,-0.00012340980408667956,0.00012340980408667956,comparacion,Euler,1,,,
10,0,4.5399929762484854e-05,-4.5399929762484854e-05,4.5399929762484854e-05,comparacion,Euler,1,,,
0,1,1,0,0,comparacion,Euler,0.5,,,
0.5,0.5,0.60653065971263342,-0.10653065971263342,0.10653065971263342,comparacion,Euler,0.5,,,
1,0.25,0.36787944117144233,-0.11787944117144233,0.11787944117144233,comparacion,Euler,0.5,,,
1.5,0.125,0.22313016014842982,-0.098130160148429818,0.098130160148429818,comparacion,Euler,0.5,,,
2,0.0625,0.1353352832366127,-0.072835283236612702,0.072835283236612702,comparacion,Euler,0.5,,,
2.5,0.03125,0.0820849986238988,-0.0508349986238988,0.0508349986238988,comparacion,Euler,0.5,,,
3,0.015625,0.049787068367863944,-0.034162068367863944,0.034162068367863944,comparacion,Euler,0.5,,,
3.5,0.0078125,0.030197383422318501,-0.022384883422318501,0.022384883422318501,comparacion,Euler,0.5,,,
4,0.00390625,0.018315638888734179,-0.014409388888734179,0.014409388888734179,comparacion,Euler,0.5,,,
4.5,0.001953125,0.011108996538242306,-0.0091558715382423061,0.0091558715382423061,comparacion,Euler,0.5,,,
5,0.0009765625,0.006737946999085467,-0.005761384499085467,0.005761384499085467,comparacion,Euler,0.5,,,
5.5,0.00048828125,0.0040867714384640666,-0.0035984901884640666,0.0035984901884640666,comparacion,Euler,0.5,,,
6,0.000244140625,0.0024787521766663585,-0.0022346115516663585,0.0022346115516663585,comparacion,Euler,0.5,,,
6.5,0.0001220703125,0.0015034391929775724,-0.0013813688804775724,0.0013813688804775724,comparacion,Euler,0.5,,,
7,6.103515625e-05,0.00091188196555451624,-0.00085084680930451624,0.00085084680930451624,comparacion,Euler,0.5,,,
7.5,3.0517578125e-05,0.00055308437014783363,-0.00052256679202283363,0.00052256679202283363,comparacion,Euler,0.5,,,
8,1.52587890625e-05,0.00033546262790251185,-0.00032020383884001185,0.00032020383884001185,comparacion,Euler,0.5,,,
8.5,7.62939453125e-06,0.00020346836901064417,-0.00019583897447939417,0.00019583897447939417,comparacion,Euler,0.5,,,
9,3.814697265625e-06,0.00012340980408667956,-0.00011959510682105456,0.00011959510682105456,comparacion,Euler,0.5,,,
9.5,1.9073486328125e-06,7.4851829887700598e-05,-7.2944481254888098e-05,7.2944481254888098e-05,comparacion,Euler,0.5,,,
10,9.5367431640625e-07,4.5399929762484854e-05,-4.4446255446078604e-05,4.4446255446078604e-05,comparacion,Euler,0.5,,,
0,1,1,0,0,comparacion,Euler,0.10000000000000001,,,
0.10000000000000001,0.90000000000000002,0.90483741803595952,-0.0048374180359594954,0.0048374180359594954,comparacion,Euler,0.10000000000000001,,,
0.20000000000000001,0.81000000000000005,0.81873075307798182,-0.0087307530779817677,0.0087307530779817677,comparacion,Euler,0.10000000000000001,,,
0.30000000000000004,0.72899999999999998,0.74081822068171788,-0.011818220681717895,0.011818220681717895,comparacion,Euler,0.10000000000000001,,,
0.40000000000000002,0.65610000000000002,0.67032004603563933,-0.014220046035639311,0.014220046035639311,comparacion,Euler,0.10000000000000001,,,
0.5,0.59049000000000007,0.60653065971263342,-0.016040659712633354,0.016040659712633354,comparacion,Euler,0.10000000000000001,,,
0.60000000000000009,0.53144100000000005,0.54881163609402639,-0.017370636094026337,0.017370636094026337,comparacion,Euler,0.10000000000000001,,,
0.70000000000000007,0.47829690000000008,0.49658530379140947,-0.018288403791409391,0.018288403791409391,comparacion,Euler,0.10000000000000001,,,
0.80000000000000004,0.4304672100000001,0.44932896411722156,-0.018861754117221463,0.018861754117221463,comparacion,Euler,0.10000000000000001,,,
0.90000000000000002,0.38742048900000009,0.40656965974059911,-0.01914917074059902,0.01914917074059902,comparacion,Euler,0.10000000000000001,,,
1,0.3486784401000001,0.36787944117144233,-0.019201001071442236,0.019201001071442236,comparacion,Euler,0.10000000000000001,,,
1.1000000000000001,0.31381059609000006,0.33287108369807955,-0.01906048760807949,0.01906048760807949,comparacion,Euler,0.10000000000000001,,,
1.2000000000000002,0.282429536481,0.30119421191220203,-0.018764675431202027,0.018764675431202027,comparacion,Euler,0.10000000000000001,,,
1.3,0.25418658283290002,0.27253179303401259,-0.018345210201112572,0.018345210201112572,comparacion,Euler,0.10000000000000001,,,
1.4000000000000001,0.22876792454961001,0.24659696394160643,-0.017829039391996426,0.017829039391996426,comparacion,Euler,0.10000000000000001,,,
1.5,0.20589113209464904,0.22313016014842982,-0.017239028053780775,0.017239028053780775,comparacion,Euler,0.10000000000000001,,,
1.6000000000000001,0.18530201888518411,0.20189651799465538,-0.016594499109471278,0.016594499109471278,comparacion,Euler,0.10000000000000001,,,
1.7000000000000002,0.16677181699666568,0.18268352405273461,-0.015911707056068924,0.015911707056068924,comparacion,Euler,0.10000000000000001,,,
1.8,0.15009463529699912,0.16529888822158653,-0.015204252924587408,0.015204252924587408,comparacion,Euler,0.10000000000000001,,,
1.9000000000000001,0.1350851717672992,0.14956861922263504,-0.014483447455335835,0.014483447455335835,comparacion,Euler,0.10000000000000001,,,
2,0.12157665459056929,0.1353352832366127,-0.013758628646043408,0.013758628646043408,comparacion,Euler,0.10000000000000001,,,
2.1000000000000001,0.10941898913151235,0.12245642825298191,-0.013037439121469555,0.013037439121469555,comparacion,Euler,0.10000000000000001,,,
2.2000000000000002,0.09847709021836111,0.11080315836233387,-0.01232606814397276,0.01232606814397276,comparacion,Euler,0.10000000000000001,,,
2.3000000000000003,0.088629381196524998,0.10025884372280371,-0.011629462526278708,0.011629462526278708,comparacion,Euler,0.10000000000000001,,,
2.4000000000000004,0.079766443076872487,0.09071795328941247,-0.010951510212539983,0.010951510212539983,comparacion,Euler,0.10000000000000001,,,
2.5,0.071789798769185259,0.0820849986238988,-0.010295199854713541,0.010295199854713541,comparacion,Euler,0.10000000000000001,,,
2.6000000000000001,0.064610818892266733,0.074273578214333877,-0.0096627593220671437,0.0096627593220671437,comparacion,Euler,0.10000000000000001,,,
2.7000000000000002,0.058149737003040054,0.067205512739749756,-0.0090557757367097022,0.0090557757367097022,comparacion,Euler,0.10000000000000001,,,
2.8000000000000003,0.052334763302736044,0.060810062625217952,-0.0084752993224819079,0.0084752993224819079,comparacion,Euler,0.10000000000000001,,,
2.9000000000000004,0.047101286972462436,0.05502322005640721,-0.0079219330839447738,0.0079219330839447738,comparacion,Euler,0.10000000000000001,,,
3,0.042391158275216209,0.049787068367863944,-0.0073959100926477353,0.0073959100926477353,comparacion,Euler,0.10000000000000001,,,
3.1000000000000001,0.038152042447694587,0.045049202393557801,-0.0068971599458632141,0.0068971599458632141,comparacion,Euler,0.10000000000000001,,,
3.2000000000000002,0.034336838202925123,0.040762203978366211,-0.0064253657754410887,0.0064253657754410887,comparacion,Euler,0.10000000000000001,,,
3.3000000000000003,0.030903154382632608,0.036883167401239994,-0.0059800130186073858,0.0059800130186073858,comparacion,Euler,0.10000000000000001,,,
3.4000000000000004,0.027812838944369346,0.033373269960326066,-0.0055604310159567197,0.0055604310159567197,comparacion,Euler,0.10000000000000001,,,
3.5,0.025031555049932423,0.030197383422318501,-0.0051658283723860776,0.0051658283723860776,comparacion,Euler,0.10000000000000001,,,
3.6000000000000001,0.022528399544939178,0.027323722447292559,-0.0047953229023533807,0.0047953229023533807,comparacion,Euler,0.10000000000000001,,,
3.7000000000000002,0.020275559590445257,0.024723526470339388,-0.0044479668798941309,0.0044479668798941309,comparacion,Euler,0.10000000000000001,,,
3.8000000000000003,0.018248003631400729,0.022370771856165591,-0.0041227682247648618,0.0041227682247648618,comparacion,Euler,0.10000000000000001,,,
3.9000000000000004,0.016423203268260654,0.020241911445804381,-0.0038187081775437268,0.0038187081775437268,comparacion,Euler,0.10000000000000001,,,
4,0.014780882941434594,0.018315638888734179,-0.0035347559472995848,0.0035347559472995848,comparacion,Euler,0.10000000000000001,,,
4.1000000000000005,0.013302794647291127,0.016572675401761237,-0.0032698807544701107,0.0032698807544701107,comparacion,Euler,0.10000000000000001,,,
4.2000000000000002,0.011972515182562019,0.014995576820477703,-0.0030230616379156843,0.0030230616379156843,comparacion,Euler,0.10000000000000001,,,
4.2999999999999998,0.010775263664305821,0.013568559012200934,-0.0027932953478951132,0.0027932953478951132,comparacion,Euler,0.10000000000000001,,,
4.4000000000000004,0.0096977372978752328,0.012277339903068436,-0.0025796026051932031,0.0025796026051932031,comparacion,Euler,0.10000000000000001,,,
4.5,0.0087279635680877123,0.011108996538242306,-0.0023810329701545938,0.0023810329701545938,comparacion,Euler,0.10000000000000001,,,
4.6000000000000005,0.0078551672112789368,0.010051835744633576,-0.0021966685333546388,0.0021966685333546388,comparacion,Euler,0.10000000000000001,,,
4.7000000000000002,0.0070696504901510459,0.0090952771016958155,-0.0020256266115447697,0.0020256266115447697,comparacion,Euler,0.10000000000000001,,,
4.8000000000000007,0.0063626854411359375,0.0082297470490200232,-0.0018670616078840857,0.0018670616078840857,comparacion,Euler,0.10000000000000001,,,
4.9000000000000004,0.005726416897022346,0.0074465830709243381,-0.0017201661739019922,0.0017201661739019922,comparacion,Euler,0.10000000000000001,,,
5,0.0051537752073201135,0.006737946999085467,-0.0015841717917653535,0.0015841717917653535,comparacion,Euler,0.10000000000000001,,,
5.1000000000000005,0.0046383976865880996,0.0060967465655156327,-0.0014583488789275331,0.0014583488789275331,comparacion,Euler,0.10000000000000001,,,
5.2000000000000002,0.0041745579179292914,0.0055165644207607716,-0.0013420065028314802,0.0013420065028314802,comparacion,Euler,0.10000000000000001,,,
5.3000000000000007,0.00375710212613636,0.0049915939069102126,-0.0012344917807738526,0.0012344917807738526,comparacion,Euler,0.10000000000000001,,,
5.4000000000000004,0.0033813919135227254,0.0045165809426126659,-0.0011351890290899405,0.0011351890290899405,comparacion,Euler,0.10000000000000001,,,
5.5,0.0030432527221704543,0.0040867714384640666,-0.0010435187162936123,0.0010435187162936123,comparacion,Euler,0.10000000000000001,,,
5.6000000000000005,0.0027389274499534074,0.003697863716482929,-0.00095893626652952162,0.00095893626652952162,comparacion,Euler,0.10000000000000001,,,
5.7000000000000002,0.0024650347049580677,0.003345965457471272,-0.00088093075251320435,0.00088093075251320435,comparacion,Euler,0.10000000000000001,,,
5.8000000000000007,0.0022185312344622597,0.0030275547453758127,-0.00080902351091355308,0.00080902351091355308,comparacion,Euler,0.10000000000000001,,,
5.9000000000000004,0.0019966781110160345,0.0027394448187683684,-0.00074276670775233391,0.00074276670775233391,comparacion,Euler,0.10000000000000001,,,
6,0.0017970102999144318,0.0024787521766663585,-0.00068174187675192673,0.00068174187675192673,comparacion,Euler,0.10000000000000001,,,
6.1000000000000005,0.0016173092699229875,0.0022428677194858012,-0.00062555844956281364,0.00062555844956281364,comparacion,Euler,0.10000000000000001,,,
6.2000000000000002,0.0014555783429306894,0.002029430636295734,-0.00057385229336504463,0.00057385229336504463,comparacion,Euler,0.10000000000000001,,,
6.3000000000000007,0.0013100205086376197,0.0018363047770289056,-0.00052628426839128589,0.00052628426839128589,comparacion,Euler,0.10000000000000001,,,
6.4000000000000004,0.0011790184577738583,0.0016615572731739339,-0.00048253881540007561,0.00048253881540007561,comparacion,Euler,0.10000000000000001,,,
6.5,0.001061116611996473,0.0015034391929775724,-0.00044232258098109937,0.00044232258098109937,comparacion,Euler,0.10000000000000001,,,
6.6000000000000005,0.00095500495079682514,0.0013603680375478928,-0.00040536308675106765,0.00040536308675106765,comparacion,Euler,0.10000000000000001,,,
6.7000000000000002,0.00085950445571714293,0.001230911902673481,-0.00037140744695633807,0.00037140744695633807,comparacion,Euler,0.10000000000000001,,,
6.8000000000000007,0.0007735540101454282,0.0011137751478448024,-0.00034022113769937418,0.00034022113769937418,comparacion,Euler,0.10000000000000001,,,
6.9000000000000004,0.00069619860913088568,0.0010077854290485105,-0.00031158681991762477,0.00031158681991762477,comparacion,Euler,0.10000000000000001,,,
7,0.00062657874821779732,0.00091188196555451624,-0.00028530321733671892,0.00028530321733671892,comparacion,Euler,0.10000000000000001,,,
7.1000000000000005,0.00056392087339601727,0.00082510492326590384,-0.00026118404986988657,0.00026118404986988657,comparacion,Euler,0.10000000000000001,,,
7.2000000000000002,0.00050752878605641574,0.0007465858083766792,-0.00023905702232026346,0.00023905702232026346,comparacion,Euler,0.10000000000000001,,,
7.3000000000000007,0.0004567759074507739,0.00067553877519384374,-0.00021876286774306984,0.00021876286774306984,comparacion,Euler,0.10000000000000001,,,
7.4000000000000004,0.00041109831670569665,0.0006112527611295723,-0.00020015444442387565,0.00020015444442387565,comparacion,Euler,0.10000000000000001,,,
7.5,0.0003699884850351271,0.00055308437014783363,-0.00018309588511270652,0.00018309588511270652,comparacion,Euler,0.10000000000000001,,,
7.6000000000000005,0.00033298963653161421,0.0005004514334406104,-0.00016746179690899619,0.00016746179690899619,comparacion,Euler,0.10000000000000001,,,
7.7000000000000002,0.00029969067287845291,0.00045282718288679695,-0.00015313651000834405,0.00015313651000834405,comparacion,Euler,0.10000000000000001,,,
7.8000000000000007,0.00026972160559060745,0.00040973497897978643,-0.00014001337338917898,0.00014001337338917898,comparacion,Euler,0.10000000000000001,,,
7.9000000000000004,0.0002427494450315468,0.00037074354045908822,-0.00012799409542754142,0.00012799409542754142,comparacion,Euler,0.10000000000000001,,,
8,0.00021847450052839219,0.00033546262790251185,-0.00011698812737411966,0.00011698812737411966,comparacion,Euler,0.10000000000000001,,,
8.0999999999999996,0.00019662705047555304,0.00030353913807886678,-0.00010691208760331373,0.00010691208760331373,comparacion,Euler,0.10000000000000001,,,
8.2000000000000011,0.00017696434542799745,0.00027465356997214205,-9.7689224544144596e-05,9.7689224544144596e-05,comparacion,Euler,0.10000000000000001,,,
8.3000000000000007,0.00015926791088519777,0.00024851682710795185,-8.9248916222754075e-05,8.9248916222754075e-05,comparacion,Euler,0.10000000000000001,,,
8.4000000000000004,0.00014334111979667807,0.00022486732417884819,-8.1526204382170129e-05,8.1526204382170129e-05,comparacion,Euler,0.10000000000000001,,,
8.5,0.00012900700781701032,0.00020346836901064417,-7.4461361193633844e-05,7.4461361193633844e-05,comparacion,Euler,0.10000000000000001,,,
8.5999999999999996,0.00011610630703530934,0.00018410579366757919,-6.7999486632269851e-05,6.7999486632269851e-05,comparacion,Euler,0.10000000000000001,,,
8.7000000000000011,0.00010449567633177824,0.00016658581098763324,-6.2090134655854999e-05,6.2090134655854999e-05,comparacion,Euler,0.10000000000000001,,,
8.8000000000000007,9.4046108698600455e-05,0.0001507330750954765,-5.6686966396876049e-05,5.6686966396876049e-05,comparacion,Euler,0.10000000000000001,,,
8.9000000000000004,8.4641497828740449e-05,0.0001363889264820114,-5.1747428653270951e-05,5.1747428653270951e-05,comparacion,Euler,0.10000000000000001,,,
9,7.6177348045866432e-05,0.00012340980408667956,-4.7232456040813129e-05,4.7232456040813129e-05,comparacion,Euler,0.10000000000000001,,,
9.0999999999999996,6.8559613241279811e-05,0.00011166580849011478,-4.3106195248834967e-05,4.3106195248834967e-05,comparacion,Euler,0.10000000000000001,,,
9.2000000000000011,6.1703651917151733e-05,0.00010103940183709324,-3.9335749919941509e-05,3.9335749919941509e-05,comparacion,Euler,0.10000000000000001,,,
9.3000000000000007,5.5533286725436584e-05,9.142423147817327e-05,-3.5890944752736685e-05,3.5890944752736685e-05,comparacion,Euler,0.10000000000000001,,,
9.4000000000000004,4.9979958052892943e-05,8.2724065556632228e-05,-3.2744107503739286e-05,3.2744107503739286e-05,comparacion,Euler,0.10000000000000001,,,
9.5,4.4981962247603668e-05,7.4851829887700598e-05,-2.986986764009693e-05,2.986986764009693e-05,comparacion,Euler,0.10000000000000001,,,
9.6000000000000014,4.0483766022843239e-05,6.7728736490853776e-05,-2.7244970468010537e-05,2.7244970468010537e-05,comparacion,Euler,0.10000000000000001,,,
9.7000000000000011,3.6435389420558929e-05,6.1283495053222024e-05,-2.4848105632663095e-05,2.4848105632663095e-05,comparacion,Euler,0.10000000000000001,,,
9.8000000000000007,3.2791850478503051e-05,5.5451599432176945e-05,-2.2659748953673894e-05,2.2659748953673894e-05,comparacion,Euler,0.10000000000000001,,,
9.9000000000000004,2.9512665430652757e-05,5.0174682056175283e-05,-2.0662016625522525e-05,2.0662016625522525e-05,comparacion,Euler,0.10000000000000001,,,
10,2.6561398887587493e-05,4.5399929762484854e-05,-1.8838530874897361e-05,1.8838530874897361e-05,comparacion,Euler,0.10000000000000001,,,
0,1,1,0,0,comparacion,Heun,1,,,
1,0.5,0.36787944117144233,0.13212055882855767,0.13212055882855767,comparacion,Heun,1,,,
2,0.25,0.1353352832366127,0.1146647167633873,0.1146647167633873,comparacion,Heun,1,,,
3,0.125,0.049787068367863944,0.075212931632136049,0.075212931632136049,comparacion,Heun,1,,,
4,0.0625,0.018315638888734179,0.044184361111265821,0.044184361111265821,comparacion,Heun,1,,,
5,0.03125,0.006737946999085467,0.024512053000914531,0.024512053000914531,comparacion,Heun,1,,,
6,0.015625,0.0024787521766663585,0.013146247823333641,0.013146247823333641,comparacion,Heun,1,,,
7,0.0078125,0.00091188196555451624,0.0069006180344454836,0.0069006180344454836,comparacion,Heun,1,,,
8,0.00390625,0.00033546262790251185,0.003570787372097488,0.003570787372097488,comparacion,Heun,1,,,
9,0.001953125,0.00012340980408667956,0.0018297151959133205,0.0018297151959133205,comparacion,Heun,1,,,
10,0.0009765625,4.5399929762484854e-05,0.00093116257023751511,0.00093116257023751511,comparacion,Heun,1,,,
0,1,1,0,0,comparacion,Heun,0.5,,,
0.5,0.625,0.60653065971263342,0.018469340287366576,0.018469340287366576,comparacion,Heun,0.5,,,
1,0.390625,0.36787944117144233,0.022745558828557666,0.022745558828557666,comparacion,Heun,0.5,,,
1.5,0.244140625,0.22313016014842982,0.021010464851570182,0.021010464851570182,comparacion,Heun,0.5,,,
2,0.152587890625,0.1353352832366127,0.017252607388387298,0.017252607388387298,comparacion,Heun,0.5,,,
2.5,0.095367431640625,0.0820849986238988,0.0132824330167262,0.0132824330167262,comparacion,Heun,0.5,,,
3,0.059604644775390625,0.049787068367863944,0.0098175764075266805,0.0098175764075266805,comparacion,Heun,0.5,,,
3.5,0.037252902984619141,0.030197383422318501,0.0070555195623006398,0.0070555195623006398,comparacion,Heun,0.5,,,
4,0.023283064365386963,0.018315638888734179,0.0049674254766527842,0.0049674254766527842,comparacion,Heun,0.5,,,
4.5,0.014551915228366852,0.011108996538242306,0.0034429186901245457,0.0034429186901245457,comparacion,Heun,0.5,,,
5,0.0090949470177292824,0.006737946999085467,0.0023570000186438154,0.0023570000186438154,comparacion,Heun,0.5,,,
5.5,0.0056843418860808015,0.0040867714384640666,0.0015975704476167349,0.0015975704476167349,comparacion,Heun,0.5,,,
6,0.0035527136788005009,0.0024787521766663585,0.0010739615021341424,0.0010739615021341424,comparacion,Heun,0.5,,,
6.5,0.0022204460492503131,0.0015034391929775724,0.00071700685627274071,0.00071700685627274071,comparacion,Heun,0.5,,,
7,0.0013877787807814457,0.00091188196555451624,0.00047589681522692943,0.00047589681522692943,comparacion,Heun,0.5,,,
7.5,0.00086736173798840355,0.00055308437014783363,0.00031427736784056992,0.00031427736784056992,comparacion,Heun,0.5,,,
8,0.00054210108624275222,0.00033546262790251185,0.00020663845834024036,0.00020663845834024036,comparacion,Heun,0.5,,,
8.5,0.00033881317890172014,0.00020346836901064417,0.00013534480989107597,0.00013534480989107597,comparacion,Heun,0.5,,,
9,0.00021175823681357508,0.00012340980408667956,8.8348432726895524e-05,8.8348432726895524e-05,comparacion,Heun,0.5,,,
9.5,0.00013234889800848443,7.4851829887700598e-05,5.749706812078383e-05,5.749706812078383e-05,comparacion,Heun,0.5,,,
10,8.2718061255302767e-05,4.5399929762484854e-05,3.7318131492817913e-05,3.7318131492817913e-05,comparacion,Heun,0.5,,,
0,1,1,0,0,comparacion,Heun,0.10000000000000001,,,
0.10000000000000001,0.90500000000000003,0.90483741803595952,0.00016258196404050906,0.00016258196404050906,comparacion,Heun,0.10000000000000001,,,
0.20000000000000001,0.819025,0.81873075307798182,0.00029424692201818203,0.00029424692201818203,comparacion,Heun,0.10000000000000001,,,
0.30000000000000004,0.74121762499999999,0.74081822068171788,0.00039940431828211498,0.00039940431828211498,comparacion,Heun,0.10000000000000001,,,
0.40000000000000002,0.67080195062500003,0.67032004603563933,0.00048190458936070435,0.00048190458936070435,comparacion,Heun,0.10000000000000001,,,
0.5,0.60707576531562502,0.60653065971263342,0.00054510560299159128,0.00054510560299159128,comparacion,Heun,0.10000000000000001,,,
0.60000000000000009,0.54940356761064058,0.54881163609402639,0.00059193151661418586,0.00059193151661418586,comparacion,Heun,0.10000000000000001,,,
0.70000000000000007,0.49721022868762971,0.49658530379140947,0.00062492489622023584,0.00062492489622023584,comparacion,Heun,0.10000000000000001,,,
0.80000000000000004,0.44997525696230489,0.44932896411722156,0.0006462928450833294,0.0006462928450833294,comparacion,Heun,0.10000000000000001,,,
0.90000000000000002,0.40722760755088594,0.40656965974059911,0.00065794781028682969,0.00065794781028682969,comparacion,Heun,0.10000000000000001,,,
1,0.3685409848335518,0.36787944117144233,0.00066154366210946502,0.00066154366210946502,comparacion,Heun,0.10000000000000001,,,
1.1000000000000001,0.33352959127436432,0.33287108369807955,0.00065850757628477252,0.00065850757628477252,comparacion,Heun,0.10000000000000001,,,
1.2000000000000002,0.30184428010329967,0.30119421191220203,0.00065006819109764136,0.00065006819109764136,comparacion,Heun,0.10000000000000001,,,
1.3,0.27316907349348624,0.27253179303401259,0.00063728045947364365,0.00063728045947364365,comparacion,Heun,0.10000000000000001,,,
1.4000000000000001,0.24721801151160502,0.24659696394160643,0.00062104756999858957,0.00062104756999858957,comparacion,Heun,0.10000000000000001,,,
1.5,0.22373230041800257,0.22313016014842982,0.00060214026957275402,0.00060214026957275402,comparacion,Heun,0.10000000000000001,,,
1.6000000000000001,0.20247773187829232,0.20189651799465538,0.00058121388363693849,0.00058121388363693849,comparacion,Heun,0.10000000000000001,,,
1.7000000000000002,0.18324234734985453,0.18268352405273461,0.00055882329711992584,0.00055882329711992584,comparacion,Heun,0.10000000000000001,,,
1.8,0.16583432435161838,0.16529888822158653,0.00053543613003184665,0.00053543613003184665,comparacion,Heun,0.10000000000000001,,,
1.9000000000000001,0.15008006353821463,0.14956861922263504,0.00051144431557959003,0.00051144431557959003,comparacion,Heun,0.10000000000000001,,,
2,0.13582245750208424,0.1353352832366127,0.00048717426547154052,0.00048717426547154052,comparacion,Heun,0.10000000000000001,,,
2.1000000000000001,0.12291932403938623,0.12245642825298191,0.0004628957864043215,0.0004628957864043215,comparacion,Heun,0.10000000000000001,,,
2.2000000000000002,0.11124198825564452,0.11080315836233387,0.00043882989331064937,0.00043882989331064937,comparacion,Heun,0.10000000000000001,,,
2.3000000000000003,0.10067399937135828,0.10025884372280371,0.00041515564855457154,0.00041515564855457154,comparacion,Heun,0.10000000000000001,,,
2.4000000000000004,0.091109969431079227,0.09071795328941247,0.00039201614166675669,0.00039201614166675669,comparacion,Heun,0.10000000000000001,,,
2.5,0.082454522335126734,0.0820849986238988,0.00036952371122793426,0.00036952371122793426,comparacion,Heun,0.10000000000000001,,,
2.6000000000000001,0.074621342713289684,0.074273578214333877,0.00034776449895580763,0.00034776449895580763,comparacion,Heun,0.10000000000000001,,,
2.7000000000000002,0.067532315155527156,0.067205512739749756,0.00032680241577739966,0.00032680241577739966,comparacion,Heun,0.10000000000000001,,,
2.8000000000000003,0.061116745215752069,0.060810062625217952,0.00030668259053411723,0.00030668259053411723,comparacion,Heun,0.10000000000000001,,,
2.9000000000000004,0.055310654420255616,0.05502322005640721,0.00028743436384840587,0.00028743436384840587,comparacion,Heun,0.10000000000000001,,,
3,0.050056142250331351,0.049787068367863944,0.00026907388246740632,0.00026907388246740632,comparacion,Heun,0.10000000000000001,,,
3.1000000000000001,0.045300808736549868,0.045049202393557801,0.00025160634299206674,0.00025160634299206674,comparacion,Heun,0.10000000000000001,,,
3.2000000000000002,0.040997231906577628,0.040762203978366211,0.00023502792821141621,0.00023502792821141621,comparacion,Heun,0.10000000000000001,,,
3.3000000000000003,0.037102494875452752,0.036883167401239994,0.00021932747421275767,0.00021932747421275767,comparacion,Heun,0.10000000000000001,,,
3.4000000000000004,0.033577757862284736,0.033373269960326066,0.00020448790195867067,0.00020448790195867067,comparacion,Heun,0.10000000000000001,,,
3.5,0.030387870865367698,0.030197383422318501,0.00019048744304919762,0.00019048744304919762,comparacion,Heun,0.10000000000000001,,,
3.6000000000000001,0.027501023133157766,0.027323722447292559,0.00017730068586520667,0.00017730068586520667,comparacion,Heun,0.10000000000000001,,,
3.7000000000000002,0.024888425935507774,0.024723526470339388,0.00016489946516838605,0.00016489946516838605,comparacion,Heun,0.10000000000000001,,,
3.8000000000000003,0.022524025471634533,0.022370771856165591,0.0001532536154689422,0.0001532536154689422,comparacion,Heun,0.10000000000000001,,,
3.9000000000000004,0.020384243051829253,0.020241911445804381,0.00014233160602487166,0.00014233160602487166,comparacion,Heun,0.10000000000000001,,,
4,0.01844773996190548,0.018315638888734179,0.0001321010731713014,0.0001321010731713014,comparacion,Heun,0.10000000000000001,,,
4.1000000000000005,0.01669520466552445,0.016572675401761237,0.00012252926376321235,0.00012252926376321235,comparacion,Heun,0.10000000000000001,,,
4.2000000000000002,0.015109160222299632,0.014995576820477703,0.0001135834018219286,0.0001135834018219286,comparacion,Heun,0.10000000000000001,,,
4.2999999999999998,0.013673790001181171,0.013568559012200934,0.00010523098898023754,0.00010523098898023754,comparacion,Heun,0.10000000000000001,,,
4.4000000000000004,0.012374779951068953,0.012277339903068436,9.7440048000517476e-05,9.7440048000517476e-05,comparacion,Heun,0.10000000000000001,,,
4.5,0.011199175855717407,0.011108996538242306,9.0179317475101023e-05,9.0179317475101023e-05,comparacion,Heun,0.10000000000000001,,,
4.6000000000000005,0.010135254149424247,0.010051835744633576,8.3418404790671502e-05,8.3418404790671502e-05,comparacion,Heun,0.10000000000000001,,,
4.7000000000000002,0.0091724050052289473,0.0090952771016958155,7.7127903533131745e-05,7.7127903533131745e-05,comparacion,Heun,0.10000000000000001,,,
4.8000000000000007,0.0083010265297321934,0.0082297470490200232,7.1279480712170204e-05,7.1279480712170204e-05,comparacion,Heun,0.10000000000000001,,,
4.9000000000000004,0.007512429009407638,0.0074465830709243381,6.5845938483299893e-05,6.5845938483299893e-05,comparacion,Heun,0.10000000000000001,,,
5,0.006798748253513915,0.006737946999085467,6.0801254428448012e-05,6.0801254428448012e-05,comparacion,Heun,0.10000000000000001,,,
5.1000000000000005,0.00615286716943009,0.0060967465655156327,5.6120603914457286e-05,5.6120603914457286e-05,comparacion,Heun,0.10000000000000001,,,
5.2000000000000002,0.0055683447883342332,0.0055165644207607716,5.1780367573461654e-05,5.1780367573461654e-05,comparacion,Heun,0.10000000000000001,,,
5.3000000000000007,0.0050393520334424784,0.0049915939069102126,4.7758126532265743e-05,4.7758126532265743e-05,comparacion,Heun,0.10000000000000001,,,
5.4000000000000004,0.0045606135902654448,0.0045165809426126659,4.4032647652778902e-05,4.4032647652778902e-05,comparacion,Heun,0.10000000000000001,,,
5.5,0.0041273552991902291,0.0040867714384640666,4.0583860726162505e-05,4.0583860726162505e-05,comparacion,Heun,0.10000000000000001,,,
5.6000000000000005,0.0037352565457671556,0.003697863716482929,3.73928292842266e-05,3.73928292842266e-05,comparacion,Heun,0.10000000000000001,,,
5.7000000000000002,0.0033804071739192772,0.003345965457471272,3.4441716448005161e-05,3.4441716448005161e-05,comparacion,Heun,0.10000000000000001,,,
5.8000000000000007,0.0030592684923969444,0.0030275547453758127,3.1713747021131639e-05,3.1713747021131639e-05,comparacion,Heun,0.10000000000000001,,,
5.9000000000000004,0.0027686379856192355,0.0027394448187683684,2.9193166850867164e-05,2.9193166850867164e-05,comparacion,Heun,0.10000000000000001,,,
6,0.0025056173769854089,0.0024787521766663585,2.6865200319050458e-05,2.6865200319050458e-05,comparacion,Heun,0.10000000000000001,,,
6.1000000000000005,0.0022675837261717938,0.0022428677194858012,2.4716006685992619e-05,2.4716006685992619e-05,comparacion,Heun,0.10000000000000001,,,
6.2000000000000002,0.0020521632721854743,0.002029430636295734,2.2732635889740303e-05,2.2732635889740303e-05,comparacion,Heun,0.10000000000000001,,,
6.3000000000000007,0.0018572077613278532,0.0018363047770289056,2.090298429894763e-05,2.090298429894763e-05,comparacion,Heun,0.10000000000000001,,,
6.4000000000000004,0.0016807730240017077,0.0016615572731739339,1.9215750827773813e-05,1.9215750827773813e-05,comparacion,Heun,0.10000000000000001,,,
6.5,0.0015210995867215461,0.0015034391929775724,1.7660393743973695e-05,1.7660393743973695e-05,comparacion,Heun,0.10000000000000001,,,
6.6000000000000005,0.0013765951259829985,0.0013603680375478928,1.6227088435105761e-05,1.6227088435105761e-05,comparacion,Heun,0.10000000000000001,,,
6.7000000000000002,0.0012458185890146141,0.001230911902673481,1.4906686341133093e-05,1.4906686341133093e-05,comparacion,Heun,0.10000000000000001,,,
6.8000000000000007,0.0011274658230582251,0.0011137751478448024,1.369067521342273e-05,1.369067521342273e-05,comparacion,Heun,0.10000000000000001,,,
6.9000000000000004,0.0010203565698676941,0.0010077854290485105,1.2571140819183637e-05,1.2571140819183637e-05,comparacion,Heun,0.10000000000000001,,,
7,0.00092342269573026346,0.00091188196555451624,1.1540730175747219e-05,1.1540730175747219e-05,comparacion,Heun,0.10000000000000001,,,
7.1000000000000005,0.000835697539635888,0.00082510492326590384,1.0592616369984155e-05,1.0592616369984155e-05,comparacion,Heun,0.10000000000000001,,,
7.2000000000000002,0.00075630627337047892,0.0007465858083766792,9.7204649937997125e-06,9.7204649937997125e-06,comparacion,Heun,0.10000000000000001,,,
7.3000000000000007,0.00068445717740028302,0.00067553877519384374,8.9184022064392812e-06,8.9184022064392812e-06,comparacion,Heun,0.10000000000000001,,,
7.4000000000000004,0.00061943374554725638,0.0006112527611295723,8.1809844176840806e-06,8.1809844176840806e-06,comparacion,Heun,0.10000000000000001,,,
7.5,0.00056058753972026726,0.00055308437014783363,7.5031695724336357e-06,7.5031695724336357e-06,comparacion,Heun,0.10000000000000001,,,
7.6000000000000005,0.00050733172344684158,0.0005004514334406104,6.880290006231176e-06,6.880290006231176e-06,comparacion,Heun,0.10000000000000001,,,
7.7000000000000002,0.00045913520971939176,0.00045282718288679695,6.3080268325948021e-06,6.3080268325948021e-06,comparacion,Heun,0.10000000000000001,,,
7.8000000000000007,0.00041551736479604934,0.00040973497897978643,5.7823858162629098e-06,5.7823858162629098e-06,comparacion,Heun,0.10000000000000001,,,
7.9000000000000004,0.00037604321514042479,0.00037074354045908822,5.2996746813365738e-06,5.2996746813365738e-06,comparacion,Heun,0.10000000000000001,,,
8,0.00034031910970208455,0.00033546262790251185,4.8564817995726999e-06,4.8564817995726999e-06,comparacion,Heun,0.10000000000000001,,,
8.0999999999999996,0.00030798879428038661,0.00030353913807886678,4.4496562015198366e-06,4.4496562015198366e-06,comparacion,Heun,0.10000000000000001,,,
8.2000000000000011,0.0002787298588237495,0.00027465356997214205,4.0762888516074477e-06,4.0762888516074477e-06,comparacion,Heun,0.10000000000000001,,,
8.3000000000000007,0.00025225052223549338,0.00024851682710795185,3.7336951275415329e-06,3.7336951275415329e-06,comparacion,Heun,0.10000000000000001,,,
8.4000000000000004,0.00022828672262312159,0.00022486732417884819,3.4193984442733999e-06,3.4193984442733999e-06,comparacion,Heun,0.10000000000000001,,,
8.5,0.00020659948397392511,0.00020346836901064417,3.1311149632809411e-06,3.1311149632809411e-06,comparacion,Heun,0.10000000000000001,,,
8.5999999999999996,0.00018697253299640229,0.00018410579366757919,2.8667393288230936e-06,2.8667393288230936e-06,comparacion,Heun,0.10000000000000001,,,
8.7000000000000011,0.00016921014236174383,0.00016658581098763324,2.6243313741105862e-06,2.6243313741105862e-06,comparacion,Heun,0.10000000000000001,,,
8.8000000000000007,0.00015313517883737822,0.0001507330750954765,2.402103741901715e-06,2.402103741901715e-06,comparacion,Heun,0.10000000000000001,,,
8.9000000000000004,0.00013858733684782735,0.0001363889264820114,2.1984103658159487e-06,2.1984103658159487e-06,comparacion,Heun,0.10000000000000001,,,
9,0.00012542153984728378,0.00012340980408667956,2.0117357606042215e-06,2.0117357606042215e-06,comparacion,Heun,0.10000000000000001,,,
9.0999999999999996,0.00011350649356179187,0.00011166580849011478,1.8406850716770899e-06,1.8406850716770899e-06,comparacion,Heun,0.10000000000000001,,,
9.2000000000000011,0.0001027233766734215,0.00010103940183709324,1.683974836328255e-06,1.683974836328255e-06,comparacion,Heun,0.10000000000000001,,,
9.3000000000000007,9.2964655889446487e-05,9.142423147817327e-05,1.5404244112732175e-06,1.5404244112732175e-06,comparacion,Heun,0.10000000000000001,,,
9.4000000000000004,8.4133013579949098e-05,8.2724065556632228e-05,1.4089480233168695e-06,1.4089480233168695e-06,comparacion,Heun,0.10000000000000001,,,
9.5,7.6140377289853967e-05,7.4851829887700598e-05,1.2885474021533691e-06,1.2885474021533691e-06,comparacion,Heun,0.10000000000000001,,,
9.6000000000000014,6.8907041447317742e-05,6.7728736490853776e-05,1.1783049564639657e-06,1.1783049564639657e-06,comparacion,Heun,0.10000000000000001,,,
9.7000000000000011,6.2360872509822576e-05,6.1283495053222024e-05,1.0773774566005519e-06,1.0773774566005519e-06,comparacion,Heun,0.10000000000000001,,,
9.8000000000000007,5.6436589621389453e-05,5.5451599432176945e-05,9.8499018921250763e-07,9.8499018921250763e-07,comparacion,Heun,0.10000000000000001,,,
9.9000000000000004,5.1075113607357471e-05,5.0174682056175283e-05,9.0043155118218798e-07,9.0043155118218798e-07,comparacion,Heun,0.10000000000000001,,,
10,4.6222977814658526e-05,4.5399929762484854e-05,8.2304805217367206e-07,8.2304805217367206e-07,comparacion,Heun,0.10000000000000001,,,
0,1000,1000,0,0,vulnerabilidades,Euler,1,A,0.10000000000000001,
1,900,904.83741803595956,-4.8374180359595584,4.8374180359595584,vulnerabilidades,Euler,1,A,0.10000000000000001,
2,810,818.73075307798183,-8.7307530779818308,8.7307530779818308,vulnerabilidades,Euler,1,A,0.10000000000000001,
3,729,740.81822068171789,-11.818220681717889,11.818220681717889,vulnerabilidades,Euler,1,A,0.10000000000000001,
4,656.10000000000002,670.32004603563928,-14.220046035639257,14.220046035639257,vulnerabilidades,Euler,1,A,0.10000000000000001,
5,590.49000000000001,606.53065971263345,-16.040659712633442,16.040659712633442,vulnerabilidades,Euler,1,A,0.10000000000000001,
6,531.44100000000003,548.81163609402643,-17.370636094026395,17.370636094026395,vulnerabilidades,Euler,1,A,0.10000000000000001,
7,478.29690000000005,496.58530379140944,-18.288403791409394,18.288403791409394,vulnerabilidades,Euler,1,A,0.10000000000000001,
8,430.46721000000002,449.32896411722157,-18.861754117221551,18.861754117221551,vulnerabilidades,Euler,1,A,0.10000000000000001,
9,387.42048900000003,406.56965974059909,-19.149170740599061,19.149170740599061,vulnerabilidades,Euler,1,A,0.10000000000000001,
10,348.67844010000005,367.87944117144235,-19.201001071442306,19.201001071442306,vulnerabilidades,Euler,1,A,0.10000000000000001,
11,313.81059609000005,332.87108369807953,-19.060487608079484,19.060487608079484,vulnerabilidades,Euler,1,A,0.10000000000000001,
12,282.42953648100001,301.19421191220204,-18.764675431202022,18.764675431202022,vulnerabilidades,Euler,1,A,0.10000000000000001,
13,254.1865828329,272.53179303401259,-18.345210201112593,18.345210201112593,vulnerabilidades,Euler,1,A,0.10000000000000001,
14,228.76792454961,246.59696394160645,-17.829039391996446,17.829039391996446,vulnerabilidades,Euler,1,A,0.10000000000000001,
15,205.89113209464901,223.13016014842981,-17.2390280537808,17.2390280537808,vulnerabilidades,Euler,1,A,0.10000000000000001,
16,185.30201888518411,201.8965179946554,-16.594499109471286,16.594499109471286,vulnerabilidades,Euler,1,A,0.10000000000000001,
17,166.77181699666571,182.68352405273461,-15.911707056068906,15.911707056068906,vulnerabilidades,Euler,1,A,0.10000000000000001,
18,150.09463529699914,165.29888822158654,-15.204252924587394,15.204252924587394,vulnerabilidades,Euler,1,A,0.10000000000000001,
19,135.08517176729924,149.56861922263502,-14.483447455335778,14.483447455335778,vulnerabilidades,Euler,1,A,0.10000000000000001,
20,121.57665459056932,135.3352832366127,-13.758628646043377,13.758628646043377,vulnerabilidades,Euler,1,A,0.10000000000000001,
0,1000,1000,0,0,vulnerabilidades,Euler,0.5,A,0.10000000000000001,
0.5,950,951.229424500714,-1.2294245007140034,1.2294245007140034,vulnerabilidades,Euler,0.5,A,0.10000000000000001,
1,902.5,904.83741803595956,-2.3374180359595584,2.3374180359595584,vulnerabilidades,Euler,0.5,A,0.10000000000000001,
1.5,857.375,860.70797642505784,-3.3329764250578364,3.3329764250578364,vulnerabilidades,Euler,0.5,A,0.10000000000000001,
2,814.50625000000002,818.73075307798183,-4.224503077981808,4.224503077981808,vulnerabilidades,Euler,0.5,A,0.10000000000000001,
2.5,773.78093750000005,778.80078307140491,-5.0198455714048578,5.0198455714048578,vulnerabilidades,Euler,0.5,A,0.10000000000000001,
3,735.09189062500002,740.81822068171789,-5.7263300567178703,5.7263300567178703,vulnerabilidades,Euler,0.5,A,0.10000000000000001,
3.5,698.33729609375007,704.6880897187134,-6.3507936249633303,6.3507936249633303,vulnerabilidades,Euler,0.5,A,0.10000000000000001,
4,663.42043128906255,670.32004603563928,-6.8996147465767308,6.8996147465767308,vulnerabilidades,Euler,0.5,A,0.10000000000000001,
4.5,630.24940972460945,637.62815162177333,-7.3787418971638772,7.3787418971638772,vulnerabilidades,Euler,0.5,A,0.10000000000000001,
5,598.73693923837902,606.53065971263345,-7.7937204742544282,7.7937204742544282,vulnerabilidades,Euler,0.5,A,0.10000000000000001,
5.5,568.80009227646008,576.94981038048661,-8.1497181040265332,8.1497181040265332,vulnerabilidades,Euler,0.5,A,0.10000000000000001,
6,540.36008766263706,548.81163609402643,-8.4515484313893694,8.4515484313893694,vulnerabilidades,Euler,0.5,A,0.10000000000000001,
6.5,513.34208327950523,522.0457767610161,-8.703693481510868,8.703693481510868,vulnerabilidades,Euler,0.5,A,0.10000000000000001,
7,487.67497911552999,496.58530379140944,-8.9103246758794512,8.9103246758794512,vulnerabilidades,Euler,0.5,A,0.10000000000000001,
7.5,463.29123015975347,472.36655274101469,-9.0753225812612186,9.0753225812612186,vulnerabilidades,Euler,0.5,A,0.10000000000000001,
8,440.12666865176578,449.32896411722157,-9.2022954654557907,9.2022954654557907,vulnerabilidades,Euler,0.5,A,0.10000000000000001,
8.5,418.12033521917749,427.41493194872663,-9.2945967295491414,9.2945967295491414,vulnerabilidades,Euler,0.5,A,0.10000000000000001,
9,397.2143184582186,406.56965974059909,-9.3553412823804933,9.3553412823804933,vulnerabilidades,Euler,0.5,A,0.10000000000000001,
9.5,377.35360253530769,386.7410234545012,-9.3874209191935165,9.3874209191935165,vulnerabilidades,Euler,0.5,A,0.10000000000000001,
10,358.48592240854231,367.87944117144235,-9.3935187629000438,9.3935187629000438,vulnerabilidades,Euler,0.5,A,0.10000000000000001,
10.5,340.56162628811518,349.93774911115531,-9.3761228230401343,9.3761228230401343,vulnerabilidades,Euler,0.5,A,0.10000000000000001,
11,323.53354497370941,332.87108369807953,-9.3375387243701198,9.3375387243701198,vulnerabilidades,Euler,0.5,A,0.10000000000000001,
11.5,307.35686772502396,316.63676937905313,-9.2799016540291746,9.2799016540291746,vulnerabilidades,Euler,0.5,A,0.10000000000000001,
12,291.98902433877277,301.19421191220204,-9.2051875734292707,9.2051875734292707,vulnerabilidades,Euler,0.5,A,0.10000000000000001,
12.5,277.38957312183413,286.50479686019008,-9.1152237383559509,9.1152237383559509,vulnerabilidades,Euler,0.5,A,0.10000000000000001,
13,263.52009446574243,272.53179303401259,-9.0116985682701625,9.0116985682701625,vulnerabilidades,Euler,0.5,A,0.10000000000000001,
13.5,250.34408974245531,259.24026064589151,-8.8961709034362002,8.8961709034362002,vulnerabilidades,Euler,0.5,A,0.10000000000000001,
14,237.82688525533254,246.59696394160645,-8.7700786862739051,8.7700786862739051,vulnerabilidades,Euler,0.5,A,0.10000000000000001,
14.5,225.9355409925659,234.57028809379761,-8.6347471012317101,8.6347471012317101,vulnerabilidades,Euler,0.5,A,0.10000000000000001,
15,214.6387639429376,223.13016014842981,-8.4913962054922081,8.4913962054922081,vulnerabilidades,Euler,0.5,A,0.10000000000000001,
15.5,203.90682574579071,212.24797382674305,-8.3411480809523368,8.3411480809523368,vulnerabilidades,Euler,0.5,A,0.10000000000000001,
16,193.71148445850116,201.8965179946554,-8.1850335361542363,8.1850335361542363,vulnerabilidades,Euler,0.5,A,0.10000000000000001,
16.5,184.02591023557611,192.04990862075408,-8.0239983851779755,8.0239983851779755,vulnerabilidades,Euler,0.5,A,0.10000000000000001,
17,174.82461472379731,182.68352405273461,-7.8589093289373011,7.8589093289373011,vulnerabilidades,Euler,0.5,A,0.10000000000000001,
17.5,166.08338398760745,173.77394345044513,-7.6905594628376832,7.6905594628376832,vulnerabilidades,Euler,0.5,A,0.10000000000000001,
18,157.77921478822708,165.29888822158654,-7.5196734333594577,7.5196734333594577,vulnerabilidades,Euler,0.5,A,0.10000000000000001,
18.5,149.89025404881573,157.2371663136276,-7.3469122648118628,7.3469122648118628,vulnerabilidades,Euler,0.5,A,0.10000000000000001,
19,142.39574134637496,149.56861922263502,-7.1728778762600598,7.1728778762600598,vulnerabilidades,Euler,0.5,A,0.10000000000000001,
19.5,135.27595427905621,142.27407158651354,-6.9981173074573348,6.9981173074573348,vulnerabilidades,Euler,0.5,A,0.10000000000000001,
20,128.5121565651034,135.3352832366127,-6.8231266715093,6.8231266715093,vulnerabilidades,Euler,0.5,A,0.10000000000000001,
0,1000,1000,0,0,vulnerabilidades,Euler,0.10000000000000001,A,0.10000000000000001,
0.10000000000000001,990,990.0498337491681,-0.049833749168101349,0.049833749168101349,vulnerabilidades,Euler,0.10000000000000001,A,0.10000000000000001,
0.20000000000000001,980.10000000000002,980.19867330675527,-0.098673306755244994,0.098673306755244994,vulnerabilidades,Euler,0.10000000000000001,A,0.10000000000000001,
0.30000000000000004,970.29899999999998,970.44553354850814,-0.14653354850815958,0.14653354850815958,vulnerabilidades,Euler,0.10000000000000001,A,0.10000000000000001,
0.40000000000000002,960.59600999999998,960.78943915232321,-0.19342915232323321,0.19342915232323321,vulnerabilidades,Euler,0.10000000000000001,A,0.10000000000000001,
0.5,950.99004990000003,951.229424500714,-0.23937460071397254,0.23937460071397254,vulnerabilidades,Euler,0.10000000000000001,A,0.10000000000000001,
0.60000000000000009,941.48014940100006,941.76453358424874,-0.28438418324867598,0.28438418324867598,vulnerabilidades,Euler,0.10000000000000001,A,0.10000000000000001,
0.70000000000000007,932.06534790699004,932.39381990594825,-0.32847199895820722,0.32847199895820722,vulnerabilidades,Euler,0.10000000000000001,A,0.10000000000000001,
0.80000000000000004,922.74469442792019,923.11634638663577,-0.37165195871557444,0.37165195871557444,vulnerabilidades,Euler,0.10000000000000001,A,0.10000000000000001,
0.90000000000000002,913.51724748364097,913.93118527122817,-0.41393778758720146,0.41393778758720146,vulnerabilidades,Euler,0.10000000000000001,A,0.10000000000000001,
1,904.38207500880458,904.83741803595956,-0.45534302715498143,0.45534302715498143,vulnerabilidades,Euler,0.10000000000000001,A,0.10000000000000001,
1.1000000000000001,895.33825425871657,895.83413529652819,-0.49588103781161408,0.49588103781161408,vulnerabilidades,Euler,0.10000000000000001,A,0.10000000000000001,
1.2000000000000002,886.3848717161294,886.92043671715749,-0.53556500102808968,0.53556500102808968,vulnerabilidades,Euler,0.10000000000000001,A,0.10000000000000001,
1.3,877.52102299896808,878.09543092056128,-0.57440792159320608,0.57440792159320608,vulnerabilidades,Euler,0.10000000000000001,A,0.10000000000000001,
1.4000000000000001,868.74581276897834,869.35823539880585,-0.61242262982750617,0.61242262982750617,vulnerabilidades,Euler,0.10000000000000001,A,0.10000000000000001,
1.5,860.05835464128859,860.70797642505784,-0.6496217837692484,0.6496217837692484,vulnerabilidades,Euler,0.10000000000000001,A,0.10000000000000001,
1.6000000000000001,851.45777109487574,852.14378896621133,-0.68601787133559355,0.68601787133559355,vulnerabilidades,Euler,0.10000000000000001,A,0.10000000000000001,
1.7000000000000002,842.943193383927,843.66481659638362,-0.72162321245662042,0.72162321245662042,vulnerabilidades,Euler,0.10000000000000001,A,0.10000000000000001,
1.8,834.51376145008771,835.27021141127204,-0.75644996118433028,0.75644996118433028,vulnerabilidades,Euler,0.10000000000000001,A,0.10000000000000001,
1.9000000000000001,826.1686238355868,826.9591339433623,-0.79051010777550346,0.79051010777550346,vulnerabilidades,Euler,0.10000000000000001,A,0.10000000000000001,
2,817.90693759723092,818.73075307798183,-0.82381548075090905,0.82381548075090905,vulnerabilidades,Euler,0.10000000000000001,A,0.10000000000000001,
2.1000000000000001,809.72786822125863,810.58424597018711,-0.85637774892848029,0.85637774892848029,vulnerabilidades,Euler,0.10000000000000001,A,0.10000000000000001,
2.2000000000000002,801.63058953904601,802.51879796247852,-0.88820842343250206,0.88820842343250206,vulnerabilidades,Euler,0.10000000000000001,A,0.10000000000000001,
2.3000000000000003,793.61428364365554,794.5336025033339,-0.91931885967835569,0.91931885967835569,vulnerabilidades,Euler,0.10000000000000001,A,0.10000000000000001,
2.4000000000000004,785.67814080721894,786.62786106655335,-0.94972025933441273,0.94972025933441273,vulnerabilidades,Euler,0.10000000000000001,A,0.10000000000000001,
2.5,777.82135939914679,778.80078307140491,-0.97942367225812177,0.97942367225812177,vulnerabilidades,Euler,0.10000000000000001,A,0.10000000000000001,
2.6000000000000001,770.04314580515529,771.05158580356624,-1.0084399984109496,1.0084399984109496,vulnerabilidades,Euler,0.10000000000000001,A,0.10000000000000001,
2.7000000000000002,762.34271434710377,763.3794943368531,-1.0367799897493342,1.0367799897493342,vulnerabilidades,Euler,0.10000000000000001,A,0.10000000000000001,
2.8000000000000003,754.71928720363269,755.78374145572548,-1.0644542520927871,1.0644542520927871,vulnerabilidades,Euler,0.10000000000000001,A,0.10000000000000001,
2.9000000000000004,747.17209433159633,748.26356757856513,-1.0914732469688033,1.0914732469688033,vulnerabilidades,Euler,0.10000000000000001,A,0.10000000000000001,
3,739.70037338828035,740.81822068171789,-1.117847293437535,1.117847293437535,vulnerabilidades,Euler,0.10000000000000001,A,0.10000000000000001,
3.1000000000000001,732.30336965439756,733.44695622428924,-1.1435865698916814,1.1435865698916814,vulnerabilidades,Euler,0.10000000000000001,A,0.10000000000000001,
3.2000000000000002,724.98033595785353,726.14903707369081,-1.1687011158372798,1.1687011158372798,vulnerabilidades,Euler,0.10000000000000001,A,0.10000000000000001,
3.3000000000000003,717.73053259827498,718.92373343192617,-1.1932008336511899,1.1932008336511899,vulnerabilidades,Euler,0.10000000000000001,A,0.10000000000000001,
3.4000000000000004,710.55322727229225,711.77032276260968,-1.2170954903174334,1.2170954903174334,vulnerabilidades,Euler,0.10000000000000001,A,0.10000000000000001,
3.5,703.44769499956931,704.6880897187134,-1.2403947191440921,1.2403947191440921,vulnerabilidades,Euler,0.10000000000000001,A,0.10000000000000001,
3.6000000000000001,696.41321804957363,697.67632607103099,-1.2631080214573558,1.2631080214573558,vulnerabilidades,Euler,0.10000000000000001,A,0.10000000000000001,
3.7000000000000002,689.44908586907786,690.73433063735467,-1.2852447682768116,1.2852447682768116,vulnerabilidades,Euler,0.10000000000000001,A,0.10000000000000001,
3.8000000000000003,682.55459501038706,683.86140921235585,-1.3068142019687912,1.3068142019687912,vulnerabilidades,Euler,0.10000000000000001,A,0.10000000000000001,
3.9000000000000004,675.72904906028316,677.05687449816469,-1.3278254378815291,1.3278254378815291,vulnerabilidades,Euler,0.10000000000000001,A,0.10000000000000001,
4,668.97175856968033,670.32004603563928,-1.348287465958947,1.348287465958947,vulnerabilidades,Euler,0.10000000000000001,A,0.10000000000000001,
4.1000000000000005,662.28204098398351,663.6502501363193,-1.368209152335794,1.368209152335794,vulnerabilidades,Euler,0.10000000000000001,A,0.10000000000000001,
4.2000000000000002,655.65922057414366,657.04681981505678,-1.3875992409131186,1.3875992409131186,vulnerabilidades,Euler,0.10000000000000001,A,0.10000000000000001,
4.2999999999999998,649.10262836840229,650.50909472331648,-1.4064663549141869,1.4064663549141869,vulnerabilidades,Euler,0.10000000000000001,A,0.10000000000000001,
4.4000000000000004,642.61160208471824,644.03642108314125,-1.4248189984230066,1.4248189984230066,vulnerabilidades,Euler,0.10000000000000001,A,0.10000000000000001,
4.5,636.18548606387105,637.62815162177333,-1.4426655579022736,1.4426655579022736,vulnerabilidades,Euler,0.10000000000000001,A,0.10000000000000001,
4.6000000000000005,629.82363120323225,631.28364550692595,-1.460014303693697,1.460014303693697,vulnerabilidades,Euler,0.10000000000000001,A,0.10000000000000001,
4.7000000000000002,623.52539489119999,625.00226828270081,-1.476873391500817,1.476873391500817,vulnerabilidades,Euler,0.10000000000000001,A,0.10000000000000001,
4.8000000000000007,617.29014094228796,618.7833918061408,-1.4932508638528361,1.4932508638528361,vulnerabilidades,Euler,0.10000000000000001,A,0.10000000000000001,
4.9000000000000004,611.11723953286514,612.62639418441597,-1.5091546515508298,1.5091546515508298,vulnerabilidades,Euler,0.10000000000000001,A,0.10000000000000001,
5,605.00606713753655,606.53065971263345,-1.5245925750969036,1.5245925750969036,vulnerabilidades,Euler,0.10000000000000001,A,0.10000000000000001,
5.1000000000000005,598.95600646616117,600.49557881226588,-1.5395723461047055,1.5395723461047055,vulnerabilidades,Euler,0.10000000000000001,A,0.10000000000000001,
5.2000000000000002,592.96644640149952,594.52054797019434,-1.5541015686948185,1.5541015686948185,vulnerabilidades,Euler,0.10000000000000001,A,0.10000000000000001,
5.3000000000000007,587.03678193748453,588.60496967835502,-1.568187740870485,1.568187740870485,vulnerabilidades,Euler,0.10000000000000001,A,0.10000000000000001,
5.4000000000000004,581.16641411810974,582.74825237398966,-1.5818382558799158,1.5818382558799158,vulnerabilidades,Euler,0.10000000000000001,A,0.10000000000000001,
5.5,575.3547499769287,576.94981038048661,-1.595060403557909,1.595060403557909,vulnerabilidades,Euler,0.10000000000000001,A,0.10000000000000001,
5.6000000000000005,569.6012024771594,571.20906384881482,-1.6078613716554173,1.6078613716554173,vulnerabilidades,Euler,0.10000000000000001,A,0.10000000000000001,
5.7000000000000002,563.90519045238784,565.52543869953706,-1.6202482471492203,1.6202482471492203,vulnerabilidades,Euler,0.10000000000000001,A,0.10000000000000001,
5.8000000000000007,558.26613854786399,559.89836656540206,-1.6322280175380683,1.6322280175380683,vulnerabilidades,Euler,0.10000000000000001,A,0.10000000000000001,
5.9000000000000004,552.68347716238532,554.32728473450697,-1.6438075721216592,1.6438075721216592,vulnerabilidades,Euler,0.10000000000000001,A,0.10000000000000001,
6,547.15664239076148,548.81163609402643,-1.6549937032649495,1.6549937032649495,vulnerabilidades,Euler,0.10000000000000001,A,0.10000000000000001,
6.1000000000000005,541.68507596685379,543.35086907449966,-1.6657931076458681,1.6657931076458681,vulnerabilidades,Euler,0.10000000000000001,A,0.10000000000000001,
6.2000000000000002,536.26822520718531,537.94443759467447,-1.6762123874891586,1.6762123874891586,vulnerabilidades,Euler,0.10000000000000001,A,0.10000000000000001,
6.3000000000000007,530.90554295511345,532.59180100689719,-1.6862580517837387,1.6862580517837387,vulnerabilidades,Euler,0.10000000000000001,A,0.10000000000000001,
6.4000000000000004,525.59648752556234,527.29242404304853,-1.6959365174861887,1.6959365174861887,vulnerabilidades,Euler,0.10000000000000001,A,0.10000000000000001,
6.5,520.34052265030675,522.0457767610161,-1.7052541107093475,1.7052541107093475,vulnerabilidades,Euler,0.10000000000000001,A,0.10000000000000001,
6.6000000000000005,515.1371174238036,516.85133449169916,-1.7142170678955608,1.7142170678955608,vulnerabilidades,Euler,0.10000000000000001,A,0.10000000000000001,
6.7000000000000002,509.98574624956558,511.70857778654243,-1.7228315369768552,1.7228315369768552,vulnerabilidades,Euler,0.10000000000000001,A,0.10000000000000001,
6.8000000000000007,504.88588878706992,506.61699236558957,-1.7311035785196509,1.7311035785196509,vulnerabilidades,Euler,0.10000000000000001,A,0.10000000000000001,
6.9000000000000004,499.83702989919925,501.57606906605542,-1.7390391668561733,1.7390391668561733,vulnerabilidades,Euler,0.10000000000000001,A,0.10000000000000001,
7,494.83865960020728,496.58530379140944,-1.7466441912021651,1.7466441912021651,vulnerabilidades,Euler,0.10000000000000001,A,0.10000000000000001,
7.1000000000000005,489.8902730042052,491.64419746096507,-1.7539244567598757,1.7539244567598757,vulnerabilidades,Euler,0.10000000000000001,A,0.10000000000000001,
7.2000000000000002,484.99137027416316,486.75225595997165,-1.7608856858084891,1.7608856858084891,vulnerabilidades,Euler,0.10000000000000001,A,0.10000000000000001,
7.3000000000000007,480.14145657142149,481.90899009020239,-1.7675335187809083,1.7675335187809083,vulnerabilidades,Euler,0.10000000000000001,A,0.10000000000000001,
7.4000000000000004,475.34004200570729,477.1139155210343,-1.7738735153270113,1.7738735153270113,vulnerabilidades,Euler,0.10000000000000001,A,0.10000000000000001,
7.5,470.58664158565023,472.36655274101469,-1.7799111553644593,1.7799111553644593,vulnerabilidades,Euler,0.10000000000000001,A,0.10000000000000001,
7.6000000000000005,465.88077516979371,467.66642700990917,-1.7856518401154631,1.7856518401154631,vulnerabilidades,Euler,0.10000000000000001,A,0.10000000000000001,
7.7000000000000002,461.2219674180958,463.0130683112281,-1.7911008931322954,1.7911008931322954,vulnerabilidades,Euler,0.10000000000000001,A,0.10000000000000001,
7.8000000000000007,456.6097477439148,458.40601130522344,-1.7962635613086491,1.7962635613086491,vulnerabilidades,Euler,0.10000000000000001,A,0.10000000000000001,
7.9000000000000004,452.04365026647565,453.84479528235585,-1.8011450158801949,1.8011450158801949,vulnerabilidades,Euler,0.10000000000000001,A,0.10000000000000001,
8,447.52321376381093,449.32896411722157,-1.8057503534106445,1.8057503534106445,vulnerabilidades,Euler,0.10000000000000001,A,0.10000000000000001,
8.0999999999999996,443.04798162617283,444.85806622294109,-1.8100845967682631,1.8100845967682631,vulnerabilidades,Euler,0.10000000000000001,A,0.10000000000000001,
8.2000000000000011,438.61750180991106,440.43165450599918,-1.8141526960881151,1.8141526960881151,vulnerabilidades,Euler,0.10000000000000001,A,0.10000000000000001,
8.3000000000000007,434.23132679181197,436.04928632153553,-1.8179595297235664,1.8179595297235664,vulnerabilidades,Euler,0.10000000000000001,A,0.10000000000000001,
8.4000000000000004,429.88901352389388,431.71052342907967,-1.8215099051857919,1.8215099051857919,vulnerabilidades,Euler,0.10000000000000001,A,0.10000000000000001,
8.5,425.59012338865494,427.41493194872663,-1.8248085600716877,1.8248085600716877,vulnerabilidades,Euler,0.10000000000000001,A,0.10000000000000001,
8.5999999999999996,421.33422215476838,423.1620823177488,-1.8278601629804143,1.8278601629804143,vulnerabilidades,Euler,0.10000000000000001,A,0.10000000000000001,
8.7000000000000011,417.12087993322064,418.95154924763892,-1.8306693144182873,1.8306693144182873,vulnerabilidades,Euler,0.10000000000000001,A,0.10000000000000001,
8.8000000000000007,412.94967113388844,414.78291168158131,-1.833240547692867,1.833240547692867,vulnerabilidades,Euler,0.10000000000000001,A,0.10000000000000001,
8.9000000000000004,408.8201744225496,410.65575275234545,-1.835578329795851,1.835578329795851,vulnerabilidades,Euler,0.10000000000000001,A,0.10000000000000001,
9,404.7319726783241,406.56965974059909,-1.8376870622749948,1.8376870622749948,vulnerabilidades,Euler,0.10000000000000001,A,0.10000000000000001,
9.0999999999999996,400.6846529515409,402.52422403363596,-1.8395710820950626,1.8395710820950626,vulnerabilidades,Euler,0.10000000000000001,A,0.10000000000000001,
9.2000000000000011,396.67780642202541,398.51904108451413,-1.8412346624887164,1.8412346624887164,vulnerabilidades,Euler,0.10000000000000001,A,0.10000000000000001,
9.3000000000000007,392.71102835780516,394.55371037160108,-1.8426820137959226,1.8426820137959226,vulnerabilidades,Euler,0.10000000000000001,A,0.10000000000000001,
9.4000000000000004,388.78391807422713,390.62783535852105,-1.8439172842939229,1.8439172842939229,vulnerabilidades,Euler,0.10000000000000001,A,0.10000000000000001,
9.5,384.89607889348486,386.7410234545012,-1.844944561016348,1.844944561016348,vulnerabilidades,Euler,0.10000000000000001,A,0.10000000000000001,
9.6000000000000014,381.04711810454995,382.89288597511194,-1.8457678705619855,1.8457678705619855,vulnerabilidades,Euler,0.10000000000000001,A,0.10000000000000001,
9.7000000000000011,377.23664692350445,379.08303810339874,-1.8463911798942831,1.8463911798942831,vulnerabilidades,Euler,0.10000000000000001,A,0.10000000000000001,
9.8000000000000007,373.46428045426944,375.31109885139949,-1.8468183971300505,1.8468183971300505,vulnerabilidades,Euler,0.10000000000000001,A,0.10000000000000001,
9.9000000000000004,369.72963764972678,371.57669102204568,-1.8470533723188964,1.8470533723188964,vulnerabilidades,Euler,0.10000000000000001,A,0.10000000000000001,
10,366.03234127322952,367.87944117144235,-1.8470998982128322,1.8470998982128322,vulnerabilidades,Euler,0.10000000000000001,A,0.10000000000000001,
10.100000000000001,362.37201786049718,364.21897957152322,-1.8469617110260401,1.8469617110260401,vulnerabilidades,Euler,0.10000000000000001,A,0.10000000000000001,
10.200000000000001,358.74829768189221,360.59494017307821,-1.8466424911860031,1.8466424911860031,vulnerabilidades,Euler,0.10000000000000001,A,0.10000000000000001,
10.300000000000001,355.16081470507328,357.0069605691474,-1.8461458640741171,1.8461458640741171,vulnerabilidades,Euler,0.10000000000000001,A,0.10000000000000001,
10.4,351.60920655802255,353.45468195878016,-1.8454754007576071,1.8454754007576071,vulnerabilidades,Euler,0.10000000000000001,A,0.10000000000000001,
10.5,348.09311449244234,349.93774911115531,-1.8446346187129734,1.8446346187129734,vulnerabilidades,Euler,0.10000000000000001,A,0.10000000000000001,
10.600000000000001,344.61218334751788,346.45581033005732,-1.8436269825394334,1.8436269825394334,vulnerabilidades,Euler,0.10000000000000001,A,0.10000000000000001,
10.700000000000001,341.16606151404272,343.00851741870662,-1.8424559046638933,1.8424559046638933,vulnerabilidades,Euler,0.10000000000000001,A,0.10000000000000001,
10.800000000000001,337.7544008989023,339.59552564493913,-1.8411247460368259,1.8411247460368259,vulnerabilidades,Euler,0.10000000000000001,A,0.10000000000000001,
10.9,334.37685688991331,336.21649370673333,-1.8396368168200183,1.8396368168200183,vulnerabilidades,Euler,0.10000000000000001,A,0.10000000000000001,
11,331.03308832101419,332.87108369807953,-1.8379953770653401,1.8379953770653401,vulnerabilidades,Euler,0.10000000000000001,A,0.10000000000000001,
11.100000000000001,327.72275743780398,329.55896107518907,-1.836203637385097,1.836203637385097,vulnerabilidades,Euler,0.10000000000000001,A,0.10000000000000001,
11.200000000000001,324.44552986342597,326.27979462303949,-1.834264759613518,1.834264759613518,vulnerabilidades,Euler,0.10000000000000001,A,0.10000000000000001,
11.300000000000001,321.20107456479172,323.03325642225286,-1.832181857461137,1.832181857461137,vulnerabilidades,Euler,0.10000000000000001,A,0.10000000000000001,
11.4,317.98906381914384,319.81902181630386,-1.8299579971600224,1.8299579971600224,vulnerabilidades,Euler,0.10000000000000001,A,0.10000000000000001,
11.5,314.80917318095243,316.63676937905313,-1.8275961981007072,1.8275961981007072,vulnerabilidades,Euler,0.10000000000000001,A,0.10000000000000001,
11.600000000000001,311.66108144914284,313.48618088260525,-1.8250994334624124,1.8250994334624124,vulnerabilidades,Euler,0.10000000000000001,A,0.10000000000000001,
11.700000000000001,308.54447063465142,310.36694126548497,-1.8224706308335499,1.8224706308335499,vulnerabilidades,Euler,0.10000000000000001,A,0.10000000000000001,
11.800000000000001,305.45902592830492,307.27873860113118,-1.819712672826256,1.819712672826256,vulnerabilidades,Euler,0.10000000000000001,A,0.10000000000000001,
11.9,302.40443566902189,304.22126406670401,-1.8168283976821158,1.8168283976821158,vulnerabilidades,Euler,0.10000000000000001,A,0.10000000000000001,
12,299.38039131233171,301.19421191220204,-1.8138205998703256,1.8138205998703256,vulnerabilidades,Euler,0.10000000000000001,A,0.10000000000000001,
12.100000000000001,296.38658739920834,298.19727942988732,-1.8106920306789789,1.8106920306789789,vulnerabilidades,Euler,0.10000000000000001,A,0.10000000000000001,
12.200000000000001,293.42272152521628,295.23016692401416,-1.8074453987978814,1.8074453987978814,vulnerabilidades,Euler,0.10000000000000001,A,0.10000000000000001,
12.300000000000001,290.4884943099641,292.29257768085938,-1.8040833708952846,1.8040833708952846,vulnerabilidades,Euler,0.10000000000000001,A,0.10000000000000001,
12.4,287.58360936686449,289.38421793905059,-1.8006085721860927,1.8006085721860927,vulnerabilidades,Euler,0.10000000000000001,A,0.10000000000000001,
12.5,284.70777327319587,286.50479686019008,-1.7970235869942144,1.7970235869942144,vulnerabilidades,Euler,0.10000000000000001,A,0.10000000000000001,
12.600000000000001,281.86069554046389,283.65402649977028,-1.7933309593063882,1.7933309593063882,vulnerabilidades,Euler,0.10000000000000001,A,0.10000000000000001,
12.700000000000001,279.04208858505928,280.83162177837971,-1.7895331933204375,1.7895331933204375,vulnerabilidades,Euler,0.10000000000000001,A,0.10000000000000001,
12.800000000000001,276.25166769920867,278.03730045319406,-1.7856327539853964,1.7856327539853964,vulnerabilidades,Euler,0.10000000000000001,A,0.10000000000000001,
12.9,273.48915102221662,275.27078308975234,-1.7816320675357247,1.7816320675357247,vulnerabilidades,Euler,0.10000000000000001,A,0.10000000000000001,
13,270.75425951199446,272.53179303401259,-1.7775335220181319,1.7775335220181319,vulnerabilidades,Euler,0.10000000000000001,A,0.10000000000000001,
13.100000000000001,268.04671691687446,269.82005638468678,-1.7733394678123204,1.7733394678123204,vulnerabilidades,Euler,0.10000000000000001,A,0.10000000000000001,
13.200000000000001,265.36624974770575,267.13530196585026,-1.769052218144509,1.769052218144509,vulnerabilidades,Euler,0.10000000000000001,A,0.10000000000000001,
13.300000000000001,262.71258725022869,264.47726129982397,-1.7646740495952713,1.7646740495952713,vulnerabilidades,Euler,0.10000000000000001,A,0.10000000000000001,
13.4,260.0854613777264,261.84566858032599,-1.7602072025995881,1.7602072025995881,vulnerabilidades,Euler,0.10000000000000001,A,0.10000000000000001,
13.5,257.48460676394916,259.24026064589151,-1.7556538819423508,1.7556538819423508,vulnerabilidades,Euler,0.10000000000000001,A,0.10000000000000001,
13.600000000000001,254.90976069630963,256.6607769535558,-1.7510162572461638,1.7510162572461638,vulnerabilidades,Euler,0.10000000000000001,A,0.10000000000000001,
13.700000000000001,252.36066308934653,254.10695955280028,-1.7462964634537457,1.7462964634537457,vulnerabilidades,Euler,0.10000000000000001,A,0.10000000000000001,
13.800000000000001,249.83705645845308,251.57855305975647,-1.7414966013033961,1.7414966013033961,vulnerabilidades,Euler,0.10000000000000001,A,0.10000000000000001,
13.9,247.33868589386856,249.07530463166816,-1.7366187377996027,1.7366187377996027,vulnerabilidades,Euler,0.10000000000000001,A,0.10000000000000001,
14,244.86529903492988,246.59696394160645,-1.7316649066765706,1.7316649066765706,vulnerabilidades,Euler,0.10000000000000001,A,0.10000000000000001,
14.100000000000001,242.41664604458055,244.14328315343707,-1.7266371088565222,1.7266371088565222,vulnerabilidades,Euler,0.10000000000000001,A,0.10000000000000001,
14.200000000000001,239.99247958413474,241.71401689703643,-1.7215373129016882,1.7215373129016882,vulnerabilidades,Euler,0.10000000000000001,A,0.10000000000000001,
14.300000000000001,237.5925547882934,239.30892224375449,-1.7163674554610964,1.7163674554610964,vulnerabilidades,Euler,0.10000000000000001,A,0.10000000000000001,
14.4,235.21662924041047,236.92775868212172,-1.7111294417112504,1.7111294417112504,vulnerabilidades,Euler,0.10000000000000001,A,0.10000000000000001,
14.5,232.86446294800638,234.57028809379761,-1.7058251457912377,1.7058251457912377,vulnerabilidades,Euler,0.10000000000000001,A,0.10000000000000001,
14.600000000000001,230.53581831852628,232.23627472975878,-1.7004564112324942,1.7004564112324942,vulnerabilidades,Euler,0.10000000000000001,A,0.10000000000000001,
14.700000000000001,228.23046013534102,229.92548518672379,-1.6950250513827712,1.6950250513827712,vulnerabilidades,Euler,0.10000000000000001,A,0.10000000000000001,
14.800000000000001,225.94815553398763,227.63768838381267,-1.6895328498250421,1.6895328498250421,vulnerabilidades,Euler,0.10000000000000001,A,0.10000000000000001,
14.9,223.68867397864776,225.37265553943865,-1.6839815607908974,1.6839815607908974,vulnerabilidades,Euler,0.10000000000000001,A,0.10000000000000001,
15,221.4517872388613,223.13016014842981,-1.6783729095685089,1.6783729095685089,vulnerabilidades,Euler,0.10000000000000001,A,0.10000000000000001,
15.100000000000001,219.23726936647265,220.90997795937815,-1.6727085929055079,1.6727085929055079,vulnerabilidades,Euler,0.10000000000000001,A,0.10000000000000001,
15.200000000000001,217.04489667280794,218.71188695221471,-1.6669902794067752,1.6669902794067752,vulnerabilidades,Euler,0.10000000000000001,A,0.10000000000000001,
15.300000000000001,214.87444770607988,216.53566731600702,-1.6612196099271443,1.6612196099271443,vulnerabilidades,Euler,0.10000000000000001,A,0.10000000000000001,
15.4,212.72570322901908,214.38110142697795,-1.6553981979588741,1.6553981979588741,vulnerabilidades,Euler,0.10000000000000001,A,0.10000000000000001,
15.5,210.5984461967289,212.24797382674305,-1.6495276300141484,1.6495276300141484,vulnerabilidades,Euler,0.10000000000000001,A,0.10000000000000001,
15.600000000000001,208.49246173476158,210.13607120076469,-1.6436094660031131,1.6436094660031131,vulnerabilidades,Euler,0.10000000000000001,A,0.10000000000000001,
15.700000000000001,206.40753711741397,208.04518235702039,-1.637645239606428,1.637645239606428,vulnerabilidades,Euler,0.10000000000000001,A,0.10000000000000001,
15.800000000000001,204.34346174623983,205.97509820488344,-1.6316364586436123,1.6316364586436123,vulnerabilidades,Euler,0.10000000000000001,A,0.10000000000000001,
15.9,202.30002712877743,203.92561173421342,-1.6255846054359893,1.6255846054359893,vulnerabilidades,Euler,0.10000000000000001,A,0.10000000000000001,
16,200.27702685748966,201.8965179946554,-1.6194911371657383,1.6194911371657383,vulnerabilidades,Euler,0.10000000000000001,A,0.10000000000000001,
16.100000000000001,198.27425658891474,199.88761407514443,-1.6133574862296882,1.6133574862296882,vulnerabilidades,Euler,0.10000000000000001,A,0.10000000000000001,
16.199999999999999,196.29151402302563,197.89869908361464,-1.6071850605890177,1.6071850605890177,vulnerabilidades,Euler,0.10000000000000001,A,0.10000000000000001,
16.300000000000001,194.32859888279535,195.92957412690933,-1.6009752441139824,1.6009752441139824,vulnerabilidades,Euler,0.10000000000000001,A,0.10000000000000001,
16.400000000000002,192.38531289396735,193.98004229089182,-1.594729396924464,1.594729396924464,vulnerabilidades,Euler,0.10000000000000001,A,0.10000000000000001,
16.5,190.46145976502771,192.04990862075408,-1.5884488557263694,1.5884488557263694,vulnerabilidades,Euler,0.10000000000000001,A,0.10000000000000001,
16.600000000000001,188.55684516737742,190.1389801015205,-1.5821349341430846,1.5821349341430846,vulnerabilidades,Euler,0.10000000000000001,A,0.10000000000000001,
16.699999999999999,186.6712767157037,188.24706563874679,-1.5757889230430919,1.5757889230430919,vulnerabilidades,Euler,0.10000000000000001,A,0.10000000000000001,
16.800000000000001,184.80456394854664,186.37397603940994,-1.5694120908632954,1.5694120908632954,vulnerabilidades,Euler,0.10000000000000001,A,0.10000000000000001,
16.900000000000002,182.95651830906115,184.51952399298918,-1.5630056839280257,1.5630056839280257,vulnerabilidades,Euler,0.10000000000000001,A,0.10000000000000001,
17,181.12695312597057,182.68352405273461,-1.5565709267640386,1.5565709267640386,vulnerabilidades,Euler,0.10000000000000001,A,0.10000000000000001,
17.100000000000001,179.31568359471083,180.86579261712205,-1.5501090224112204,1.5501090224112204,vulnerabilidades,Euler,0.10000000000000001,A,0.10000000000000001,
17.199999999999999,177.52252675876377,179.06614791149323,-1.5436211527294574,1.5436211527294574,vulnerabilidades,Euler,0.10000000000000001,A,0.10000000000000001,
17.300000000000001,175.7473014911761,177.28440996987777,-1.5371084787016684,1.5371084787016684,vulnerabilidades,Euler,0.10000000000000001,A,0.10000000000000001,
17.400000000000002,173.98982847626431,175.52040061699682,-1.5305721407325166,1.5305721407325166,vulnerabilidades,Euler,0.10000000000000001,A,0.10000000000000001,
17.5,172.2499301915017,173.77394345044513,-1.5240132589434268,1.5240132589434268,vulnerabilidades,Euler,0.10000000000000001,A,0.10000000000000001,
17.600000000000001,170.52743088958667,172.04486382305049,-1.517432933463823,1.517432933463823,vulnerabilidades,Euler,0.10000000000000001,A,0.10000000000000001,
17.699999999999999,168.82215658069083,170.33298882540942,-1.5108322447185856,1.5108322447185856,vulnerabilidades,Euler,0.10000000000000001,A,0.10000000000000001,
17.800000000000001,167.13393501488389,168.63814726859547,-1.5042122537115858,1.5042122537115858,vulnerabilidades,Euler,0.10000000000000001,A,0.10000000000000001,
17.900000000000002,165.46259566473503,166.96016966704067,-1.4975740023056403,1.4975740023056403,vulnerabilidades,Euler,0.10000000000000001,A,0.10000000000000001,
18,163.80796970808771,165.29888822158654,-1.4909185134988263,1.4909185134988263,vulnerabilidades,Euler,0.10000000000000001,A,0.10000000000000001,
18.100000000000001,162.1698900110068,163.65413680270402,-1.4842467916972168,1.4842467916972168,vulnerabilidades,Euler,0.10000000000000001,A,0.10000000000000001,
18.199999999999999,160.54819111089677,162.02575093388074,-1.4775598229839773,1.4775598229839773,vulnerabilidades,Euler,0.10000000000000001,A,0.10000000000000001,
18.300000000000001,158.94270919978777,160.41356777517274,-1.4708585753849661,1.4708585753849661,vulnerabilidades,Euler,0.10000000000000001,A,0.10000000000000001,
18.400000000000002,157.35328210778988,158.81742610692066,-1.4641439991307834,1.4641439991307834,vulnerabilidades,Euler,0.10000000000000001,A,0.10000000000000001,
18.5,155.77974928671202,157.2371663136276,-1.4574170269155786,1.4574170269155786,vulnerabilidades,Euler,0.10000000000000001,A,0.10000000000000001,
18.600000000000001,154.22195179384488,155.67263036799724,-1.4506785741523629,1.4506785741523629,vulnerabilidades,Euler,0.10000000000000001,A,0.10000000000000001,
18.699999999999999,152.67973227590647,154.12366181513141,-1.4439295392249392,1.4439295392249392,vulnerabilidades,Euler,0.10000000000000001,A,0.10000000000000001,
18.800000000000001,151.15293495314739,152.59010575688387,-1.4371708037364783,1.4371708037364783,vulnerabilidades,Euler,0.10000000000000001,A,0.10000000000000001,
18.900000000000002,149.64140560361591,151.07180883637079,-1.4304032327548839,1.4304032327548839,vulnerabilidades,Euler,0.10000000000000001,A,0.10000000000000001,
19,148.14499154757979,149.56861922263502,-1.4236276750552292,1.4236276750552292,vulnerabilidades,Euler,0.10000000000000001,A,0.10000000000000001,
19.100000000000001,146.66354163210397,148.08038659546244,-1.4168449633584714,1.4168449633584714,vulnerabilidades,Euler,0.10000000000000001,A,0.10000000000000001,
19.200000000000003,145.19690621578292,146.60696213035007,-1.4100559145671525,1.4100559145671525,vulnerabilidades,Euler,0.10000000000000001,A,0.10000000000000001,
19.300000000000001,143.74493715362513,145.1481984836237,-1.4032613299985712,1.4032613299985712,vulnerabilidades,Euler,0.10000000000000001,A,0.10000000000000001,
19.400000000000002,142.30748778208886,143.70394977770286,-1.3964619956140041,1.3964619956140041,vulnerabilidades,Euler,0.10000000000000001,A,0.10000000000000001,
19.5,140.884412904268,142.27407158651354,-1.389658682245539,1.389658682245539,vulnerabilidades,Euler,0.10000000000000001,A,0.10000000000000001,
19.600000000000001,139.4755687752253,140.85842092104497,-1.382852145819669,1.382852145819669,vulnerabilidades,Euler,0.10000000000000001,A,0.10000000000000001,
19.700000000000003,138.08081308747302,139.45685621505089,-1.3760431275778728,1.3760431275778728,vulnerabilidades,Euler,0.10000000000000001,A,0.10000000000000001,
19.800000000000001,136.70000495659832,138.06923731089279,-1.3692323542944678,1.3692323542944678,vulnerabilidades,Euler,0.10000000000000001,A,0.10000000000000001,
19.900000000000002,135.33300490703232,136.69542544552382,-1.3624205384915058,1.3624205384915058,vulnerabilidades,Euler,0.10000000000000001,A,0.10000000000000001,
20,133.97967485796201,135.3352832366127,-1.3556083786506861,1.3556083786506861,vulnerabilidades,Euler,0.10000000000000001,A,0.10000000000000001,
0,1000,1000,0,0,vulnerabilidades,Euler,1,B,0.29999999999999999,
1,700,740.81822068171789,-40.818220681717889,40.818220681717889,vulnerabilidades,Euler,1,B,0.29999999999999999,
2,490,548.81163609402654,-58.811636094026539,58.811636094026539,vulnerabilidades,Euler,1,B,0.29999999999999999,
3,343,406.56965974059915,-63.56965974059915,63.56965974059915,vulnerabilidades,Euler,1,B,0.29999999999999999,
4,240.10000000000002,301.19421191220215,-61.094211912202127,61.094211912202127,vulnerabilidades,Euler,1,B,0.29999999999999999,
5,168.07000000000002,223.13016014842981,-55.060160148429787,55.060160148429787,vulnerabilidades,Euler,1,B,0.29999999999999999,
6,117.64900000000002,165.29888822158657,-47.649888221586551,47.649888221586551,vulnerabilidades,Euler,1,B,0.29999999999999999,
7,82.354300000000009,122.45642825298191,-40.102128252981899,40.102128252981899,vulnerabilidades,Euler,1,B,0.29999999999999999,
8,57.648010000000006,90.717953289412506,-33.0699432894125,33.0699432894125,vulnerabilidades,Euler,1,B,0.29999999999999999,
9,40.353607000000004,67.205512739749778,-26.851905739749775,26.851905739749775,vulnerabilidades,Euler,1,B,0.29999999999999999,
10,28.247524900000002,49.787068367863945,-21.539543467863943,21.539543467863943,vulnerabilidades,Euler,1,B,0.29999999999999999,
11,19.773267430000004,36.883167401240016,-17.109899971240011,17.109899971240011,vulnerabilidades,Euler,1,B,0.29999999999999999,
12,13.841287201000004,27.323722447292567,-13.482435246292564,13.482435246292564,vulnerabilidades,Euler,1,B,0.29999999999999999,
13,9.6889010407000029,20.241911445804391,-10.553010405104388,10.553010405104388,vulnerabilidades,Euler,1,B,0.29999999999999999,
14,6.7822307284900027,14.995576820477703,-8.2133460919877006,8.2133460919877006,vulnerabilidades,Euler,1,B,0.29999999999999999,
15,4.7475615099430026,11.108996538242305,-6.3614350282993026,6.3614350282993026,vulnerabilidades,Euler,1,B,0.29999999999999999,
16,3.323293056960102,8.2297470490200304,-4.9064539920599284,4.9064539920599284,vulnerabilidades,Euler,1,B,0.29999999999999999,
17,2.3263051398720713,6.0967465655156383,-3.770441425643567,3.770441425643567,vulnerabilidades,Euler,1,B,0.29999999999999999,
18,1.6284135979104499,4.51658094261267,-2.8881673447022198,2.8881673447022198,vulnerabilidades,Euler,1,B,0.29999999999999999,
19,1.139889518537315,3.3459654574712721,-2.206075938933957,2.206075938933957,vulnerabilidades,Euler,1,B,0.29999999999999999,
20,0.79792266297612047,2.4787521766663585,-1.680829513690238,1.680829513690238,vulnerabilidades,Euler,1,B,0.29999999999999999,
0,1000,1000,0,0,vulnerabilidades,Euler,0.5,B,0.29999999999999999,
0.5,850,860.70797642505784,-10.707976425057836,10.707976425057836,vulnerabilidades,Euler,0.5,B,0.29999999999999999,
1,722.5,740.81822068171789,-18.318220681717889,18.318220681717889,vulnerabilidades,Euler,0.5,B,0.29999999999999999,
1.5,614.125,637.62815162177333,-23.503151621773327,23.503151621773327,vulnerabilidades,Euler,0.5,B,0.29999999999999999,
2,522.00625000000002,548.81163609402654,-26.805386094026517,26.805386094026517,vulnerabilidades,Euler,0.5,B,0.29999999999999999,
2.5,443.70531249999999,472.36655274101469,-28.661240241014696,28.661240241014696,vulnerabilidades,Euler,0.5,B,0.29999999999999999,
3,377.14951562499999,406.56965974059915,-29.420144115599157,29.420144115599157,vulnerabilidades,Euler,0.5,B,0.29999999999999999,
3.5,320.57708828124998,349.93774911115531,-29.360660829905328,29.360660829905328,vulnerabilidades,Euler,0.5,B,0.29999999999999999,
4,272.4905250390625,301.19421191220215,-28.703686873139645,28.703686873139645,vulnerabilidades,Euler,0.5,B,0.29999999999999999,
4.5,231.61694628320313,259.24026064589157,-27.623314362688433,27.623314362688433,vulnerabilidades,Euler,0.5,B,0.29999999999999999,
5,196.87440434072266,223.13016014842981,-26.255755807707146,26.255755807707146,vulnerabilidades,Euler,0.5,B,0.29999999999999999,
5.5,167.34324368961427,192.04990862075414,-24.706664931139869,24.706664931139869,vulnerabilidades,Euler,0.5,B,0.29999999999999999,
6,142.24175713617214,165.29888822158657,-23.057131085414426,23.057131085414426,vulnerabilidades,Euler,0.5,B,0.29999999999999999,
6.5,120.90549356574633,142.2740715865136,-21.368578020767274,21.368578020767274,vulnerabilidades,Euler,0.5,B,0.29999999999999999,
7,102.76966953088439,122.45642825298191,-19.686758722097522,19.686758722097522,vulnerabilidades,Euler,0.5,B,0.29999999999999999,
7.5,87.354219101251729,105.39922456186433,-18.0450054606126,18.0450054606126,vulnerabilidades,Euler,0.5,B,0.29999999999999999,
8,74.251086236063969,90.717953289412506,-16.466867053348537,16.466867053348537,vulnerabilidades,Euler,0.5,B,0.29999999999999999,
8.5,63.113423300654375,78.081666001153167,-14.968242700498791,14.968242700498791,vulnerabilidades,Euler,0.5,B,0.29999999999999999,
9,53.646409805556218,67.205512739749778,-13.559102934193561,13.559102934193561,vulnerabilidades,Euler,0.5,B,0.29999999999999999,
9.5,45.599448334722787,57.844320874838459,-12.244872540115672,12.244872540115672,vulnerabilidades,Euler,0.5,B,0.29999999999999999,
10,38.759531084514371,49.787068367863945,-11.027537283349574,11.027537283349574,vulnerabilidades,Euler,0.5,B,0.29999999999999999,
10.5,32.945601421837218,42.852126867040184,-9.9065254452029663,9.9065254452029663,vulnerabilidades,Euler,0.5,B,0.29999999999999999,
11,28.003761208561635,36.883167401240016,-8.8794061926783812,8.8794061926783812,vulnerabilidades,Euler,0.5,B,0.29999999999999999,
11.5,23.803197027277388,31.745636378067953,-7.9424393507905648,7.9424393507905648,vulnerabilidades,Euler,0.5,B,0.29999999999999999,
12,20.23271747318578,27.323722447292567,-7.091004974106788,7.091004974106788,vulnerabilidades,Euler,0.5,B,0.29999999999999999,
12.5,17.197809852207911,23.517745856009107,-6.319936003801196,6.319936003801196,vulnerabilidades,Euler,0.5,B,0.29999999999999999,
13,14.618138374376723,20.241911445804391,-5.6237730714276672,5.6237730714276672,vulnerabilidades,Euler,0.5,B,0.29999999999999999,
13.5,12.425417618220216,17.422374639493516,-4.9969570212732997,4.9969570212732997,vulnerabilidades,Euler,0.5,B,0.29999999999999999,
14,10.561604975487183,14.995576820477703,-4.4339718449905199,4.4339718449905199,vulnerabilidades,Euler,0.5,B,0.29999999999999999,
14.5,8.977364229164106,12.906812580479873,-3.9294483513157665,3.9294483513157665,vulnerabilidades,Euler,0.5,B,0.29999999999999999,
15,7.63075959478949,11.108996538242305,-3.4782369434528153,3.4782369434528153,vulnerabilidades,Euler,0.5,B,0.29999999999999999,
15.5,6.4861456555710664,9.5616019305435138,-3.0754562749724474,3.0754562749724474,vulnerabilidades,Euler,0.5,B,0.29999999999999999,
16,5.5132238072354065,8.2297470490200304,-2.7165232417846239,2.7165232417846239,vulnerabilidades,Euler,0.5,B,0.29999999999999999,
16.5,4.6862402361500957,7.0834089290521183,-2.3971686929020226,2.3971686929020226,vulnerabilidades,Euler,0.5,B,0.29999999999999999,
17,3.9833042007275812,6.0967465655156383,-2.1134423647880571,2.1134423647880571,vulnerabilidades,Euler,0.5,B,0.29999999999999999,
17.5,3.385808570618444,5.2475183991813843,-1.8617098285629403,1.8617098285629403,vulnerabilidades,Euler,0.5,B,0.29999999999999999,
18,2.8779372850256775,4.51658094261267,-1.6386436575869925,1.6386436575869925,vulnerabilidades,Euler,0.5,B,0.29999999999999999,
18.5,2.446246692271826,3.8874572434761303,-1.4412105512043043,1.4412105512043043,vulnerabilidades,Euler,0.5,B,0.29999999999999999,
19,2.079309688431052,3.3459654574712721,-1.26665576904022,1.26665576904022,vulnerabilidades,Euler,0.5,B,0.29999999999999999,
19.5,1.7674132351663943,2.8798991580882429,-1.1124859229218487,1.1124859229218487,vulnerabilidades,Euler,0.5,B,0.29999999999999999,
20,1.5023012498914352,2.4787521766663585,-0.97645092677492329,0.97645092677492329,vulnerabilidades,Euler,0.5,B,0.29999999999999999,
0,1000,1000,0,0,vulnerabilidades,Euler,0.10000000000000001,B,0.29999999999999999,
0.10000000000000001,970,970.44553354850814,-0.44553354850813776,0.44553354850813776,vulnerabilidades,Euler,0.10000000000000001,B,0.29999999999999999,
0.20000000000000001,940.89999999999998,941.76453358424874,-0.86453358424876114,0.86453358424876114,vulnerabilidades,Euler,0.10000000000000001,B,0.29999999999999999,
0.30000000000000004,912.673,913.93118527122817,-1.2581852712281716,1.2581852712281716,vulnerabilidades,Euler,0.10000000000000001,B,0.29999999999999999,
0.40000000000000002,885.29281000000003,886.92043671715749,-1.6276267171574546,1.6276267171574546,vulnerabilidades,Euler,0.10000000000000001,B,0.29999999999999999,
0.5,858.73402570000007,860.70797642505784,-1.9739507250577617,1.9739507250577617,vulnerabilidades,Euler,0.10000000000000001,B,0.29999999999999999,
0.60000000000000009,832.97200492900004,835.27021141127204,-2.2982064822720076,2.2982064822720076,vulnerabilidades,Euler,0.10000000000000001,B,0.29999999999999999,
0.70000000000000007,807.9828447811301,810.58424597018711,-2.6014011890570146,2.6014011890570146,vulnerabilidades,Euler,0.10000000000000001,B,0.29999999999999999,
0.80000000000000004,783.7433594376962,786.62786106655346,-2.8845016288572651,2.8845016288572651,vulnerabilidades,Euler,0.10000000000000001,B,0.29999999999999999,
0.90000000000000002,760.23105865456535,763.3794943368531,-3.1484356822877544,3.1484356822877544,vulnerabilidades,Euler,0.10000000000000001,B,0.29999999999999999,
1,737.42412689492835,740.81822068171789,-3.39409378678954,3.39409378678954,vulnerabilidades,Euler,0.10000000000000001,B,0.29999999999999999,
1.1000000000000001,715.30140308808052,718.92373343192617,-3.6223303438456469,3.6223303438456469,vulnerabilidades,Euler,0.10000000000000001,B,0.29999999999999999,
1.2000000000000002,693.84236099543807,697.67632607103099,-3.8339650755929142,3.8339650755929142,vulnerabilidades,Euler,0.10000000000000001,B,0.29999999999999999,
1.3,673.02709016557492,677.05687449816469,-4.0297843325897702,4.0297843325897702,vulnerabilidades,Euler,0.10000000000000001,B,0.29999999999999999,
1.4000000000000001,652.83627746060768,657.04681981505678,-4.2105423544491032,4.2105423544491032,vulnerabilidades,Euler,0.10000000000000001,B,0.29999999999999999,
1.5,633.25118913678943,637.62815162177333,-4.376962484983892,4.376962484983892,vulnerabilidades,Euler,0.10000000000000001,B,0.29999999999999999,
1.6000000000000001,614.25365346268575,618.7833918061408,-4.5297383434550511,4.5297383434550511,vulnerabilidades,Euler,0.10000000000000001,B,0.29999999999999999,
1.7000000000000002,595.82604385880518,600.49557881226588,-4.6695349534606976,4.6695349534606976,vulnerabilidades,Euler,0.10000000000000001,B,0.29999999999999999,
1.8,577.95126254304103,582.74825237398966,-4.7969898309486325,4.7969898309486325,vulnerabilidades,Euler,0.10000000000000001,B,0.29999999999999999,
1.9000000000000001,560.61272466674973,565.52543869953706,-4.9127140327873349,4.9127140327873349,vulnerabilidades,Euler,0.10000000000000001,B,0.29999999999999999,
2,543.79434292674728,548.81163609402654,-5.0172931672792629,5.0172931672792629,vulnerabilidades,Euler,0.10000000000000001,B,0.29999999999999999,
2.1000000000000001,527.4805126389449,532.59180100689719,-5.1112883679522838,5.1112883679522838,vulnerabilidades,Euler,0.10000000000000001,B,0.29999999999999999,
2.2000000000000002,511.65609725977652,516.85133449169916,-5.195237231922647,5.195237231922647,vulnerabilidades,Euler,0.10000000000000001,B,0.29999999999999999,
2.3000000000000003,496.30641434198321,501.57606906605542,-5.2696547240722111,5.2696547240722111,vulnerabilidades,Euler,0.10000000000000001,B,0.29999999999999999,
2.4000000000000004,481.41722191172369,486.75225595997165,-5.3350340482479623,5.3350340482479623,vulnerabilidades,Euler,0.10000000000000001,B,0.29999999999999999,
2.5,466.97470525437205,472.36655274101469,-5.3918474866426322,5.3918474866426322,vulnerabilidades,Euler,0.10000000000000001,B,0.29999999999999999,
2.6000000000000001,452.9654640967409,458.4060113052235,-5.4405472084825988,5.4405472084825988,vulnerabilidades,Euler,0.10000000000000001,B,0.29999999999999999,
2.7000000000000002,439.37650017383868,444.85806622294109,-5.4815660491024119,5.4815660491024119,vulnerabilidades,Euler,0.10000000000000001,B,0.29999999999999999,
2.8000000000000003,426.19520516862349,431.71052342907967,-5.5153182604561835,5.5153182604561835,vulnerabilidades,Euler,0.10000000000000001,B,0.29999999999999999,
2.9000000000000004,413.40934901356479,418.95154924763892,-5.5422002340741301,5.5422002340741301,vulnerabilidades,Euler,0.10000000000000001,B,0.29999999999999999,
3,401.00706854315791,406.56965974059915,-5.5625911974412361,5.5625911974412361,vulnerabilidades,Euler,0.10000000000000001,B,0.29999999999999999,
3.1000000000000001,388.97685648686314,394.55371037160114,-5.576853884738,5.576853884738,vulnerabilidades,Euler,0.10000000000000001,B,0.29999999999999999,
3.2000000000000002,377.30755079225725,382.89288597511205,-5.5853351828548057,5.5853351828548057,vulnerabilidades,Euler,0.10000000000000001,B,0.29999999999999999,
3.3000000000000003,365.98832426848952,371.57669102204574,-5.5883667535562154,5.5883667535562154,vulnerabilidades,Euler,0.10000000000000001,B,0.29999999999999999,
3.4000000000000004,355.00867454043481,360.59494017307833,-5.5862656326435172,5.5862656326435172,vulnerabilidades,Euler,0.10000000000000001,B,0.29999999999999999,
3.5,344.35841430422181,349.93774911115531,-5.5793348069335025,5.5793348069335025,vulnerabilidades,Euler,0.10000000000000001,B,0.29999999999999999,
3.6000000000000001,334.02766187509513,339.59552564493913,-5.5678637698439957,5.5678637698439957,vulnerabilidades,Euler,0.10000000000000001,B,0.29999999999999999,
3.7000000000000002,324.00683201884226,329.55896107518907,-5.5521290563468142,5.5521290563468142,vulnerabilidades,Euler,0.10000000000000001,B,0.29999999999999999,
3.8000000000000003,314.28662705827696,319.81902181630386,-5.5323947580268964,5.5323947580268964,vulnerabilidades,Euler,0.10000000000000001,B,0.29999999999999999,
3.9000000000000004,304.85802824652865,310.36694126548497,-5.5089130189563207,5.5089130189563207,vulnerabilidades,Euler,0.10000000000000001,B,0.29999999999999999,
4,295.71228739913283,301.19421191220215,-5.4819245130693162,5.4819245130693162,vulnerabilidades,Euler,0.10000000000000001,B,0.29999999999999999,
4.1000000000000005,286.84091877715878,292.29257768085938,-5.4516589037006042,5.4516589037006042,vulnerabilidades,Euler,0.10000000000000001,B,0.29999999999999999,
4.2000000000000002,278.23569121384406,283.6540264997704,-5.4183352859263323,5.4183352859263323,vulnerabilidades,Euler,0.10000000000000001,B,0.29999999999999999,
4.2999999999999998,269.88862047742879,275.2707830897524,-5.3821626123236115,5.3821626123236115,vulnerabilidades,Euler,0.10000000000000001,B,0.29999999999999999,
4.4000000000000004,261.79196186310588,267.13530196585032,-5.3433401027444347,5.3433401027444347,vulnerabilidades,Euler,0.10000000000000001,B,0.29999999999999999,
4.5,253.93820300721273,259.24026064589157,-5.3020576386788321,5.3020576386788321,vulnerabilidades,Euler,0.10000000000000001,B,0.29999999999999999,
4.6000000000000005,246.32005691699632,251.57855305975647,-5.2584961427601513,5.2584961427601513,vulnerabilidades,Euler,0.10000000000000001,B,0.29999999999999999,
4.7000000000000002,238.93045520948647,244.14328315343712,-5.2128279439506571,5.2128279439506571,vulnerabilidades,Euler,0.10000000000000001,B,0.29999999999999999,
4.8000000000000007,231.76254155320183,236.92775868212172,-5.1652171289198918,5.1652171289198918,vulnerabilidades,Euler,0.10000000000000001,B,0.29999999999999999,
4.9000000000000004,224.80966530660581,229.92548518672385,-5.115819880118039,5.115819880118039,vulnerabilidades,Euler,0.10000000000000001,B,0.29999999999999999,
5,218.06537534740767,223.13016014842981,-5.0647848010221423,5.0647848010221423,vulnerabilidades,Euler,0.10000000000000001,B,0.29999999999999999,
5.1000000000000005,211.52341408698541,216.53566731600708,-5.0122532290216668,5.0122532290216668,vulnerabilidades,Euler,0.10000000000000001,B,0.29999999999999999,
5.2000000000000002,205.17771166437586,210.13607120076472,-4.9583595363888548,4.9583595363888548,vulnerabilidades,Euler,0.10000000000000001,B,0.29999999999999999,
5.3000000000000007,199.02238031444455,203.92561173421342,-4.903231419768872,4.903231419768872,vulnerabilidades,Euler,0.10000000000000001,B,0.29999999999999999,
5.4000000000000004,193.05170890501122,197.89869908361464,-4.84699017860342,4.84699017860342,vulnerabilidades,Euler,0.10000000000000001,B,0.29999999999999999,
5.5,187.26015763786091,192.04990862075414,-4.7897509828932243,4.7897509828932243,vulnerabilidades,Euler,0.10000000000000001,B,0.29999999999999999,
5.6000000000000005,181.64235290872506,186.37397603940994,-4.7316231306848806,4.7316231306848806,vulnerabilidades,Euler,0.10000000000000001,B,0.29999999999999999,
5.7000000000000002,176.19308232146332,180.86579261712211,-4.6727102956587885,4.6727102956587885,vulnerabilidades,Euler,0.10000000000000001,B,0.29999999999999999,
5.8000000000000007,170.9072898518194,175.52040061699682,-4.6131107651774244,4.6131107651774244,vulnerabilidades,Euler,0.10000000000000001,B,0.29999999999999999,
5.9000000000000004,165.78007115626482,170.33298882540942,-4.5529176691445912,4.5529176691445912,vulnerabilidades,Euler,0.10000000000000001,B,0.29999999999999999,
6,160.80666902157691,165.29888822158657,-4.4922192000096572,4.4922192000096572,vulnerabilidades,Euler,0.10000000000000001,B,0.29999999999999999,
6.1000000000000005,155.98246895092959,160.41356777517274,-4.4310988242431506,4.4310988242431506,vulnerabilidades,Euler,0.10000000000000001,B,0.29999999999999999,
6.2000000000000002,151.30299488240172,155.67263036799733,-4.3696354855956088,4.3696354855956088,vulnerabilidades,Euler,0.10000000000000001,B,0.29999999999999999,
6.3000000000000007,146.76390503592964,151.07180883637085,-4.3079038004412098,4.3079038004412098,vulnerabilidades,Euler,0.10000000000000001,B,0.29999999999999999,
6.4000000000000004,142.36098788485177,146.60696213035015,-4.2459742454983882,4.2459742454983882,vulnerabilidades,Euler,0.10000000000000001,B,0.29999999999999999,
6.5,138.09015824830624,142.2740715865136,-4.1839133382073612,4.1839133382073612,vulnerabilidades,Euler,0.10000000000000001,B,0.29999999999999999,
6.6000000000000005,133.94745350085702,138.06923731089282,-4.1217838100357937,4.1217838100357937,vulnerabilidades,Euler,0.10000000000000001,B,0.29999999999999999,
6.7000000000000002,129.92902989583132,133.98867466880498,-4.0596447729736553,4.0596447729736553,vulnerabilidades,Euler,0.10000000000000001,B,0.29999999999999999,
6.8000000000000007,126.03115899895636,130.0287108784259,-3.9975518794695404,3.9975518794695404,vulnerabilidades,Euler,0.10000000000000001,B,0.29999999999999999,
6.9000000000000004,122.25022422898768,126.18578170503878,-3.9355574760511018,3.9355574760511018,vulnerabilidades,Euler,0.10000000000000001,B,0.29999999999999999,
7,118.58271750211806,122.45642825298191,-3.8737107508638502,3.8737107508638502,vulnerabilidades,Euler,0.10000000000000001,B,0.29999999999999999,
7.1000000000000005,115.02523597705449,118.83729385240966,-3.8120578753551655,3.8120578753551655,vulnerabilidades,Euler,0.10000000000000001,B,0.29999999999999999,
7.2000000000000002,111.57447889774286,115.32512103806252,-3.7506421403196555,3.7506421403196555,vulnerabilidades,Euler,0.10000000000000001,B,0.29999999999999999,
7.3000000000000007,108.22724453081057,111.91674861732888,-3.689504086518312,3.689504086518312,vulnerabilidades,Euler,0.10000000000000001,B,0.29999999999999999,
7.4000000000000004,104.98042719488626,108.60910882495796,-3.6286816300716964,3.6286816300716964,vulnerabilidades,Euler,0.10000000000000001,B,0.29999999999999999,
7.5,101.83101437903969,105.39922456186433,-3.5682101828246431,3.5682101828246431,vulnerabilidades,Euler,0.10000000000000001,B,0.29999999999999999,
7.6000000000000005,98.776083947668482,102.28420671553744,-3.5081227678689544,3.5081227678689544,vulnerabilidades,Euler,0.10000000000000001,B,0.29999999999999999,
7.7000000000000002,95.812801429238434,99.261251559645657,-3.4484501304072239,3.4484501304072239,vulnerabilidades,Euler,0.10000000000000001,B,0.29999999999999999,
7.8000000000000007,92.938417386361266,96.327638230492994,-3.389220844131728,3.389220844131728,vulnerabilidades,Euler,0.10000000000000001,B,0.29999999999999999,
7.9000000000000004,90.150264864770435,93.480726278058469,-3.3304614132880346,3.3304614132880346,vulnerabilidades,Euler,0.10000000000000001,B,0.29999999999999999,
8,87.445756918827328,90.717953289412506,-3.2721963705851778,3.2721963705851778,vulnerabilidades,Euler,0.10000000000000001,B,0.29999999999999999,
8.0999999999999996,84.822384211262516,88.036832582372597,-3.2144483711100804,3.2144483711100804,vulnerabilidades,Euler,0.10000000000000001,B,0.29999999999999999,
8.2000000000000011,82.277712684924609,85.434950967321186,-3.1572382823965768,3.1572382823965768,vulnerabilidades,Euler,0.10000000000000001,B,0.29999999999999999,
8.3000000000000007,79.809381304376885,82.90996657517266,-3.1005852707957757,3.1005852707957757,vulnerabilidades,Euler,0.10000000000000001,B,0.29999999999999999,
8.4000000000000004,77.415099865245594,80.459606749532441,-3.0445068842868466,3.0445068842868466,vulnerabilidades,Euler,0.10000000000000001,B,0.29999999999999999,
8.5,75.092646869288231,78.081666001153167,-2.9890191318649357,2.9890191318649357,vulnerabilidades,Euler,0.10000000000000001,B,0.29999999999999999,
8.5999999999999996,72.839867463209586,75.774004022845503,-2.9341365596359168,2.9341365596359168,vulnerabilidades,Euler,0.10000000000000001,B,0.29999999999999999,
8.7000000000000011,70.654671439313262,73.534543763057073,-2.8798723237438111,2.8798723237438111,vulnerabilidades,Euler,0.10000000000000001,B,0.29999999999999999,
8.8000000000000007,68.535031296133866,71.361269556386048,-2.8262382602521825,2.8262382602521825,vulnerabilidades,Euler,0.10000000000000001,B,0.29999999999999999,
8.9000000000000004,66.478980357249853,69.252225309345988,-2.7732449520961353,2.7732449520961353,vulnerabilidades,Euler,0.10000000000000001,B,0.29999999999999999,
9,64.484610946532371,67.205512739749778,-2.7209017932174078,2.7209017932174078,vulnerabilidades,Euler,0.10000000000000001,B,0.29999999999999999,
9.0999999999999996,62.550072618136404,65.21928966812753,-2.6692170499911256,2.6692170499911256,vulnerabilidades,Euler,0.10000000000000001,B,0.29999999999999999,
9.2000000000000011,60.673570439592282,63.291768359640706,-2.6181979200484236,2.6181979200484236,vulnerabilidades,Euler,0.10000000000000001,B,0.29999999999999999,
9.3000000000000007,58.853363326404519,61.421213915000124,-2.5678505885956042,2.5678505885956042,vulnerabilidades,Euler,0.10000000000000001,B,0.29999999999999999,
9.4000000000000004,57.087762426612393,59.605942708939367,-2.5181802823269734,2.5181802823269734,vulnerabilidades,Euler,0.10000000000000001,B,0.29999999999999999,
9.5,55.375129553814027,57.844320874838459,-2.4691913210244323,2.4691913210244323,vulnerabilidades,Euler,0.10000000000000001,B,0.29999999999999999,
9.6000000000000014,53.713875667199581,56.134762834133703,-2.4208871669341221,2.4208871669341221,vulnerabilidades,Euler,0.10000000000000001,B,0.29999999999999999,
9.7000000000000011,52.102459397183601,54.475729869189863,-2.3732704720062614,2.3732704720062614,vulnerabilidades,Euler,0.10000000000000001,B,0.29999999999999999,
9.8000000000000007,50.539385615268095,52.86572873835037,-2.3263431230822746,2.3263431230822746,vulnerabilidades,Euler,0.10000000000000001,B,0.29999999999999999,
9.9000000000000004,49.023204046810058,51.303310331919107,-2.2801062851090492,2.2801062851090492,vulnerabilidades,Euler,0.10000000000000001,B,0.29999999999999999,
10,47.552507925405763,49.787068367863945,-2.2345604424581822,2.2345604424581822,vulnerabilidades,Euler,0.10000000000000001,B,0.29999999999999999,
10.100000000000001,46.125932687643569,48.315638126067768,-2.1897054384241983,2.1897054384241983,vulnerabilidades,Euler,0.10000000000000001,B,0.29999999999999999,
10.200000000000001,44.742154707014265,46.887695219988487,-2.1455405129742218,2.1455405129742218,vulnerabilidades,Euler,0.10000000000000001,B,0.29999999999999999,
10.300000000000001,43.399890065803845,45.50195440462155,-2.1020643388177049,2.1020643388177049,vulnerabilidades,Euler,0.10000000000000001,B,0.29999999999999999,
10.4,42.097893363829733,44.157168419692859,-2.0592750558631252,2.0592750558631252,vulnerabilidades,Euler,0.10000000000000001,B,0.29999999999999999,
10.5,40.834956562914847,42.852126867040184,-2.0171703041253366,2.0171703041253366,vulnerabilidades,Euler,0.10000000000000001,B,0.29999999999999999,
10.600000000000001,39.609907866027385,41.585655121173161,-1.9757472551457766,1.9757472551457766,vulnerabilidades,Euler,0.10000000000000001,B,0.29999999999999999,
10.700000000000001,38.421610630046565,40.356613272031133,-1.9350026419845676,1.9350026419845676,vulnerabilidades,Euler,0.10000000000000001,B,0.29999999999999999,
10.800000000000001,37.268962311145174,39.163895098987062,-1.8949327878418885,1.8949327878418885,vulnerabilidades,Euler,0.10000000000000001,B,0.29999999999999999,
10.9,36.150893441810823,38.006427075174315,-1.8555336333634926,1.8555336333634926,vulnerabilidades,Euler,0.10000000000000001,B,0.29999999999999999,
11,35.066366638556502,36.883167401240016,-1.8168007626835134,1.8168007626835134,vulnerabilidades,Euler,0.10000000000000001,B,0.29999999999999999,
11.100000000000001,34.014375639399795,35.793105067655283,-1.7787294282554882,1.7787294282554882,vulnerabilidades,Euler,0.10000000000000001,B,0.29999999999999999,
11.200000000000001,32.993944370217804,34.735258944738547,-1.741314574520743,1.741314574520743,vulnerabilidades,Euler,0.10000000000000001,B,0.29999999999999999,
11.300000000000001,32.00412603911127,33.708676899572396,-1.7045508604611257,1.7045508604611257,vulnerabilidades,Euler,0.10000000000000001,B,0.29999999999999999,
11.4,31.044002257937937,32.712434939019822,-1.6684326810818852,1.6684326810818852,vulnerabilidades,Euler,0.10000000000000001,B,0.29999999999999999,
11.5,30.112682190199802,31.745636378067953,-1.6329541878681511,1.6329541878681511,vulnerabilidades,Euler,0.10000000000000001,B,0.29999999999999999,
11.600000000000001,29.209301724493795,30.807411032751062,-1.5981093082572677,1.5981093082572677,vulnerabilidades,Euler,0.10000000000000001,B,0.29999999999999999,
11.700000000000001,28.333022672758982,29.896914436926309,-1.5638917641673267,1.5638917641673267,vulnerabilidades,Euler,0.10000000000000001,B,0.29999999999999999,
11.800000000000001,27.483031992576215,29.013327082197055,-1.5302950896208394,1.5302950896208394,vulnerabilidades,Euler,0.10000000000000001,B,0.29999999999999999,
11.9,26.658541032798933,28.155853680300105,-1.4973126475011718,1.4973126475011718,vulnerabilidades,Euler,0.10000000000000001,B,0.29999999999999999,
12,25.858784801814966,27.323722447292567,-1.4649376454776011,1.4649376454776011,vulnerabilidades,Euler,0.10000000000000001,B,0.29999999999999999,
12.100000000000001,25.083021257760507,26.516184408894169,-1.4331631511336624,1.4331631511336624,vulnerabilidades,Euler,0.10000000000000001,B,0.29999999999999999,
12.200000000000001,24.330530620027695,25.732512726359939,-1.4019821063322446,1.4019821063322446,vulnerabilidades,Euler,0.10000000000000001,B,0.29999999999999999,
12.300000000000001,23.600614701426867,24.972002042276156,-1.3713873408492887,1.3713873408492887,vulnerabilidades,Euler,0.10000000000000001,B,0.29999999999999999,
12.4,22.892596260384064,24.233967845691122,-1.3413715853070585,1.3413715853070585,vulnerabilidades,Euler,0.10000000000000001,B,0.29999999999999999,
12.5,22.205818372572544,23.517745856009107,-1.3119274834365626,1.3119274834365626,vulnerabilidades,Euler,0.10000000000000001,B,0.29999999999999999,
12.600000000000001,21.539643821395359,22.82269142509297,-1.2830476036976108,1.2830476036976108,vulnerabilidades,Euler,0.10000000000000001,B,0.29999999999999999,
12.700000000000001,20.8934545067535,22.148178957037317,-1.2547244502838169,1.2547244502838169,vulnerabilidades,Euler,0.10000000000000001,B,0.29999999999999999,
12.800000000000001,20.266650871550898,21.493601345089925,-1.2269504735390271,1.2269504735390271,vulnerabilidades,Euler,0.10000000000000001,B,0.29999999999999999,
12.9,19.658651345404373,20.858369425214718,-1.1997180798103457,1.1997180798103457,vulnerabilidades,Euler,0.10000000000000001,B,0.29999999999999999,
13,19.068891805042245,20.241911445804391,-1.1730196407621456,1.1730196407621456,vulnerabilidades,Euler,0.10000000000000001,B,0.29999999999999999,
13.100000000000001,18.496825050890969,19.643672553065294,-1.1468475021743245,1.1468475021743245,vulnerabilidades,Euler,0.10000000000000001,B,0.29999999999999999,
13.200000000000001,17.941920299364241,19.063114291611637,-1.1211939922473952,1.1211939922473952,vulnerabilidades,Euler,0.10000000000000001,B,0.29999999999999999,
13.300000000000001,17.403662690383317,18.499714119819242,-1.0960514294359243,1.0960514294359243,vulnerabilidades,Euler,0.10000000000000001,B,0.29999999999999999,
13.4,16.88155280967182,17.952964939502866,-1.0714121298310459,1.0714121298310459,vulnerabilidades,Euler,0.10000000000000001,B,0.29999999999999999,
13.5,16.375106225381668,17.422374639493516,-1.0472684141118478,1.0472684141118478,vulnerabilidades,Euler,0.10000000000000001,B,0.29999999999999999,
13.600000000000001,15.883853038620211,16.90746565270528,-1.023612614085069,1.023612614085069,vulnerabilidades,Euler,0.10000000000000001,B,0.29999999999999999,
13.700000000000001,15.407337447461607,16.407774526292645,-1.0004370788310375,1.0004370788310375,vulnerabilidades,Euler,0.10000000000000001,B,0.29999999999999999,
13.800000000000001,14.94511732403776,15.922851504511698,-0.9777341804739379,0.9777341804739379,vulnerabilidades,Euler,0.10000000000000001,B,0.29999999999999999,
13.9,14.496763804316629,15.452260123909515,-0.95549631959288561,0.95549631959288561,vulnerabilidades,Euler,0.10000000000000001,B,0.29999999999999999,
14,14.061860890187132,14.995576820477703,-0.93371593029057109,0.93371593029057109,vulnerabilidades,Euler,0.10000000000000001,B,0.29999999999999999,
14.100000000000001,13.640005063481512,14.552390548416124,-0.91238548493461202,0.91238548493461202,vulnerabilidades,Euler,0.10000000000000001,B,0.29999999999999999,
14.200000000000001,13.230804911577069,14.122302410163961,-0.89149749858689198,0.89149749858689198,vulnerabilidades,Euler,0.10000000000000001,B,0.29999999999999999,
14.300000000000001,12.833880764229757,13.704925297364944,-0.87104453313518704,0.87104453313518704,vulnerabilidades,Euler,0.10000000000000001,B,0.29999999999999999,
14.4,12.448864341302865,13.299883542443768,-0.85101920114090213,0.85101920114090213,vulnerabilidades,Euler,0.10000000000000001,B,0.29999999999999999,
14.5,12.07539841106378,12.906812580479873,-0.83141416941609236,0.83141416941609236,vulnerabilidades,Euler,0.10000000000000001,B,0.29999999999999999,
14.600000000000001,11.713136458731862,12.525358621074385,-0.81222216234252365,0.81222216234252365,vulnerabilidades,Euler,0.10000000000000001,B,0.29999999999999999,
14.700000000000001,11.361742364969908,12.155178329914936,-0.79343596494502755,0.79343596494502755,vulnerabilidades,Euler,0.10000000000000001,B,0.29999999999999999,
14.800000000000001,11.020890094020812,11.795938519751562,-0.77504842573075017,0.77504842573075017,vulnerabilidades,Euler,0.10000000000000001,B,0.29999999999999999,
14.9,10.690263391200189,11.44731585050571,-0.75705245930552145,0.75705245930552145,vulnerabilidades,Euler,0.10000000000000001,B,0.29999999999999999,
15,10.369555489464185,11.108996538242305,-0.73944104877812045,0.73944104877812045,vulnerabilidades,Euler,0.10000000000000001,B,0.29999999999999999,
15.100000000000001,10.058468824780254,10.780676072743084,-0.72220724796282987,0.72220724796282987,vulnerabilidades,Euler,0.10000000000000001,B,0.29999999999999999,
15.200000000000001,9.7567147600368482,10.462058943426795,-0.70534418338994698,0.70534418338994698,vulnerabilidades,Euler,0.10000000000000001,B,0.29999999999999999,
15.300000000000001,9.464013317235743,10.152858373369764,-0.68884505613402069,0.68884505613402069,vulnerabilidades,Euler,0.10000000000000001,B,0.29999999999999999,
15.4,9.180092917718671,9.8527960611872576,-0.67270314346858662,0.67270314346858662,vulnerabilidades,Euler,0.10000000000000001,B,0.29999999999999999,
15.5,8.9046901301871113,9.5616019305435138,-0.65691180035640251,0.65691180035640251,vulnerabilidades,Euler,0.10000000000000001,B,0.29999999999999999,
15.600000000000001,8.6375494262814936,9.2790138870647354,-0.64146446078324182,0.64146446078324182,vulnerabilidades,Euler,0.10000000000000001,B,0.29999999999999999,
15.700000000000001,8.3784229434930495,9.0047775824365601,-0.62635463894351062,0.62635463894351062,vulnerabilidades,Euler,0.10000000000000001,B,0.29999999999999999,
15.800000000000001,8.1270702551882597,8.7386461854732911,-0.61157593028503143,0.61157593028503143,vulnerabilidades,Euler,0.10000000000000001,B,0.29999999999999999,
15.9,7.8832581475326124,8.4803801599532687,-0.59712201242065621,0.59712201242065621,vulnerabilidades,Euler,0.10000000000000001,B,0.29999999999999999,
16,7.6467604031066347,8.2297470490200304,-0.58298664591339566,0.58298664591339566,vulnerabilidades,Euler,0.10000000000000001,B,0.29999999999999999,
16.100000000000001,7.4173575910134328,7.9865212659555027,-0.56916367494206987,0.56916367494206987,vulnerabilidades,Euler,0.10000000000000001,B,0.29999999999999999,
16.199999999999999,7.1948368632830348,7.7504838911366987,-0.55564702785366382,0.55564702785366382,vulnerabilidades,Euler,0.10000000000000001,B,0.29999999999999999,
16.300000000000001,6.9789917573845406,7.5214224749932699,-0.5424307176087293,0.5424307176087293,vulnerabilidades,Euler,0.10000000000000001,B,0.29999999999999999,
16.400000000000002,6.7696220046630016,7.299130846788576,-0.52950884212557447,0.52950884212557447,vulnerabilidades,Euler,0.10000000000000001,B,0.29999999999999999,
16.5,6.5665333445231155,7.0834089290521183,-0.51687558452900273,0.51687558452900273,vulnerabilidades,Euler,0.10000000000000001,B,0.29999999999999999,
16.600000000000001,6.3695373441874192,6.8740625574962486,-0.50452521330882938,0.50452521330882938,vulnerabilidades,Euler,0.10000000000000001,B,0.29999999999999999,
16.699999999999999,6.178451223861801,6.6709033062552745,-0.49245208239347349,0.49245208239347349,vulnerabilidades,Euler,0.10000000000000001,B,0.29999999999999999,
16.800000000000001,5.9930976871459443,6.4737483182894051,-0.48065063114346085,0.48065063114346085,vulnerabilidades,Euler,0.10000000000000001,B,0.29999999999999999,
16.900000000000002,5.8133047565315632,6.2824201408011175,-0.46911538426955435,0.46911538426955435,vulnerabilidades,Euler,0.10000000000000001,B,0.29999999999999999,
17,5.6389056138356199,6.0967465655156383,-0.45784095168001837,0.45784095168001837,vulnerabilidades,Euler,0.10000000000000001,B,0.29999999999999999,
17.100000000000001,5.4697384454205489,5.9165604736818569,-0.44682202826130801,0.44682202826130801,vulnerabilidades,Euler,0.10000000000000001,B,0.29999999999999999,
17.199999999999999,5.3056462920579364,5.7416996856542077,-0.43605339359627138,0.43605339359627138,vulnerabilidades,Euler,0.10000000000000001,B,0.29999999999999999,
17.300000000000001,5.1464769032961959,5.5720068149199928,-0.42552991162379694,0.42552991162379694,vulnerabilidades,Euler,0.10000000000000001,B,0.29999999999999999,
17.400000000000002,4.9920825961973074,5.4073291264409544,-0.41524653024364699,0.41524653024364699,vulnerabilidades,Euler,0.10000000000000001,B,0.29999999999999999,
17.5,4.8423201183113918,5.2475183991813843,-0.40519828086999254,0.40519828086999254,vulnerabilidades,Euler,0.10000000000000001,B,0.29999999999999999,
17.600000000000001,4.697050514762048,5.0924307926991901,-0.39538027793714203,0.39538027793714203,vulnerabilidades,Euler,0.10000000000000001,B,0.29999999999999999,
17.699999999999999,4.5561389993191899,4.9419267176798218,-0.38578771836063197,0.38578771836063197,vulnerabilidades,Euler,0.10000000000000001,B,0.29999999999999999,
17.800000000000001,4.4194548293396121,4.7958707102964215,-0.37641588095680945,0.37641588095680945,vulnerabilidades,Euler,0.10000000000000001,B,0.29999999999999999,
17.900000000000002,4.2868711844594216,4.6541313102832715,-0.36726012582384993,0.36726012582384993,vulnerabilidades,Euler,0.10000000000000001,B,0.29999999999999999,
18,4.1582650489256414,4.51658094261267,-0.35831589368702854,0.35831589368702854,vulnerabilidades,Euler,0.10000000000000001,B,0.29999999999999999,
18.100000000000001,4.03351709745787,4.3830958026687714,-0.3495787052109014,0.3495787052109014,vulnerabilidades,Euler,0.10000000000000001,B,0.29999999999999999,
18.199999999999999,3.9125115845341365,4.2535557448151255,-0.34104416028098905,0.34104416028098905,vulnerabilidades,Euler,0.10000000000000001,B,0.29999999999999999,
18.300000000000001,3.7951362369981108,4.1278441742554355,-0.33270793725732473,0.33270793725732473,vulnerabilidades,Euler,0.10000000000000001,B,0.29999999999999999,
18.400000000000002,3.6812821498881658,4.0058479420904165,-0.32456579220225068,0.32456579220225068,vulnerabilidades,Euler,0.10000000000000001,B,0.29999999999999999,
18.5,3.5708436853915231,3.8874572434761303,-0.31661355808460723,0.31661355808460723,vulnerabilidades,Euler,0.10000000000000001,B,0.29999999999999999,
18.600000000000001,3.4637183748297757,3.7725655187922054,-0.30884714396242963,0.30884714396242963,vulnerabilidades,Euler,0.10000000000000001,B,0.29999999999999999,
18.699999999999999,3.3598068235848846,3.6610693577310083,-0.30126253414612369,0.30126253414612369,vulnerabilidades,Euler,0.10000000000000001,B,0.29999999999999999,
18.800000000000001,3.2590126188773367,3.552868406221362,-0.29385578734402529,0.29385578734402529,vulnerabilidades,Euler,0.10000000000000001,B,0.29999999999999999,
18.900000000000002,3.1612422403110152,3.4478652761031237,-0.28662303579210846,0.28662303579210846,vulnerabilidades,Euler,0.10000000000000001,B,0.29999999999999999,
19,3.0664049731016867,3.3459654574712721,-0.27956048436958536,0.27956048436958536,vulnerabilidades,Euler,0.10000000000000001,B,0.29999999999999999,
19.100000000000001,2.9744128239086347,3.2470772336105864,-0.27266440970195172,0.27266440970195172,vulnerabilidades,Euler,0.10000000000000001,B,0.29999999999999999,
19.200000000000003,2.8851804391913745,3.1511115984444382,-0.26593115925306376,0.26593115925306376,vulnerabilidades,Euler,0.10000000000000001,B,0.29999999999999999,
19.300000000000001,2.7986250260156349,3.0579821764233071,-0.25935715040767215,0.25935715040767215,vulnerabilidades,Euler,0.10000000000000001,B,0.29999999999999999,
19.400000000000002,2.7146662752351647,2.9676051447809439,-0.25293886954577927,0.25293886954577927,vulnerabilidades,Euler,0.10000000000000001,B,0.29999999999999999,
19.5,2.6332262869781116,2.8798991580882429,-0.24667287111013136,0.24667287111013136,vulnerabilidades,Euler,0.10000000000000001,B,0.29999999999999999,
19.600000000000001,2.554229498368767,2.7947852750368436,-0.24055577666807659,0.24055577666807659,vulnerabilidades,Euler,0.10000000000000001,B,0.29999999999999999,
19.700000000000003,2.4776026134177029,2.712186887386641,-0.23458427396893811,0.23458427396893811,vulnerabilidades,Euler,0.10000000000000001,B,0.29999999999999999,
19.800000000000001,2.4032745350151736,2.6320296510131982,-0.22875511599802456,0.22875511599802456,vulnerabilidades,Euler,0.10000000000000001,B,0.29999999999999999,
19.900000000000002,2.3311762989647176,2.5542414189929961,-0.2230651200282785,0.2230651200282785,vulnerabilidades,Euler,0.10000000000000001,B,0.29999999999999999,
20,2.2612410099957776,2.4787521766663585,-0.2175111666705809,0.2175111666705809,vulnerabilidades,Euler,0.10000000000000001,B,0.29999999999999999,
0,1000,1000,0,0,vulnerabilidades,Euler,1,C,0.69999999999999996,
1,300,496.5853037914095,-196.5853037914095,196.5853037914095,vulnerabilidades,Euler,1,C,0.69999999999999996,
2,90,246.5969639416065,-156.5969639416065,156.5969639416065,vulnerabilidades,Euler,1,C,0.69999999999999996,
3,27.000000000000007,122.45642825298195,-95.456428252981937,95.456428252981937,vulnerabilidades,Euler,1,C,0.69999999999999996,
4,8.100000000000005,60.810062625217974,-52.710062625217972,52.710062625217972,vulnerabilidades,Euler,1,C,0.69999999999999996,
5,2.4300000000000015,30.197383422318502,-27.767383422318503,27.767383422318503,vulnerabilidades,Euler,1,C,0.69999999999999996,
6,0.72900000000000054,14.995576820477718,-14.266576820477717,14.266576820477717,vulnerabilidades,Euler,1,C,0.69999999999999996,
7,0.21870000000000023,7.4465830709243441,-7.227883070924344,7.227883070924344,vulnerabilidades,Euler,1,C,0.69999999999999996,
8,0.065610000000000085,3.697863716482932,-3.632253716482932,3.632253716482932,vulnerabilidades,Euler,1,C,0.69999999999999996,
9,0.019683000000000027,1.8363047770289072,-1.816621777028907,1.816621777028907,vulnerabilidades,Euler,1,C,0.69999999999999996,
10,0.0059049000000000098,0.91188196555451628,-0.90597706555451629,0.90597706555451629,vulnerabilidades,Euler,1,C,0.69999999999999996,
11,0.0017714700000000033,0.45282718288679741,-0.45105571288679741,0.45105571288679741,vulnerabilidades,Euler,1,C,0.69999999999999996,
12,0.00053144100000000099,0.22486732417884861,-0.22433588317884862,0.22433588317884862,vulnerabilidades,Euler,1,C,0.69999999999999996,
13,0.00015943230000000031,0.11166580849011477,-0.11150637619011478,0.11150637619011478,vulnerabilidades,Euler,1,C,0.69999999999999996,
14,4.7829690000000095e-05,0.055451599432177041,-0.055403769742177041,0.055403769742177041,vulnerabilidades,Euler,1,C,0.69999999999999996,
15,1.4348907000000034e-05,0.027536449349747159,-0.027522100442747159,0.027522100442747159,vulnerabilidades,Euler,1,C,0.69999999999999996,
16,4.3046721000000115e-06,0.013674196065680964,-0.013669891393580963,0.013669891393580963,vulnerabilidades,Euler,1,C,0.69999999999999996,
17,1.2914016300000036e-06,0.0067904048073794835,-0.0067891134057494838,0.0067891134057494838,vulnerabilidades,Euler,1,C,0.69999999999999996,
18,3.8742048900000115e-07,0.0033720152341391845,-0.0033716278136501844,0.0033716278136501844,vulnerabilidades,Euler,1,C,0.69999999999999996,
19,1.1622614670000039e-07,0.001674493209434269,-0.001674376983287569,0.001674376983287569,vulnerabilidades,Euler,1,C,0.69999999999999996,
20,3.4867844010000119e-08,0.00083152871910356792,-0.00083149385125955795,0.00083149385125955795,vulnerabilidades,Euler,1,C,0.69999999999999996,
0,1000,1000,0,0,vulnerabilidades,Euler,0.5,C,0.69999999999999996,
0.5,650,704.6880897187134,-54.6880897187134,54.6880897187134,vulnerabilidades,Euler,0.5,C,0.69999999999999996,
1,422.5,496.5853037914095,-74.085303791409501,74.085303791409501,vulnerabilidades,Euler,0.5,C,0.69999999999999996,
1.5,274.625,349.93774911115543,-75.312749111155426,75.312749111155426,vulnerabilidades,Euler,0.5,C,0.69999999999999996,
2,178.50625000000002,246.5969639416065,-68.090713941606481,68.090713941606481,vulnerabilidades,Euler,0.5,C,0.69999999999999996,
2.5,116.02906250000001,173.77394345044513,-57.744880950445122,57.744880950445122,vulnerabilidades,Euler,0.5,C,0.69999999999999996,
3,75.418890625000017,122.45642825298195,-47.037537627981933,47.037537627981933,vulnerabilidades,Euler,0.5,C,0.69999999999999996,
3.5,49.022278906250008,86.293586499370534,-37.271307593120525,37.271307593120525,vulnerabilidades,Euler,0.5,C,0.69999999999999996,
4,31.864481289062507,60.810062625217974,-28.945581336155467,28.945581336155467,vulnerabilidades,Euler,0.5,C,0.69999999999999996,
4.5,20.71191283789063,42.852126867040184,-22.140214029149554,22.140214029149554,vulnerabilidades,Euler,0.5,C,0.69999999999999996,
5,13.46274334462891,30.197383422318502,-16.73464007768959,16.73464007768959,vulnerabilidades,Euler,0.5,C,0.69999999999999996,
5.5,8.7507831740087916,21.279736438377174,-12.528953264368383,12.528953264368383,vulnerabilidades,Euler,0.5,C,0.69999999999999996,
6,5.6880090631057145,14.995576820477718,-9.3075677573720021,9.3075677573720021,vulnerabilidades,Euler,0.5,C,0.69999999999999996,
6.5,3.6972058910187147,10.567204383852655,-6.8699984928339397,6.8699984928339397,vulnerabilidades,Euler,0.5,C,0.69999999999999996,
7,2.4031838291621646,7.4465830709243441,-5.0433992417621791,5.0433992417621791,vulnerabilidades,Euler,0.5,C,0.69999999999999996,
7.5,1.562069488955407,5.2475183991813843,-3.6854489102259773,3.6854489102259773,vulnerabilidades,Euler,0.5,C,0.69999999999999996,
8,1.0153451678210146,3.697863716482932,-2.6825185486619176,2.6825185486619176,vulnerabilidades,Euler,0.5,C,0.69999999999999996,
8.5,0.65997435908365953,2.6058405184085003,-1.9458661593248407,1.9458661593248407,vulnerabilidades,Euler,0.5,C,0.69999999999999996,
9,0.42898333340437872,1.8363047770289072,-1.4073214436245285,1.4073214436245285,vulnerabilidades,Euler,0.5,C,0.69999999999999996,
9.5,0.27883916671284614,1.2940221054658492,-1.0151829387530031,1.0151829387530031,vulnerabilidades,Euler,0.5,C,0.69999999999999996,
10,0.18124545836334999,0.91188196555451628,-0.73063650719116624,0.73063650719116624,vulnerabilidades,Euler,0.5,C,0.69999999999999996,
10.5,0.1178095479361775,0.64259236035555789,-0.52478281241938041,0.52478281241938041,vulnerabilidades,Euler,0.5,C,0.69999999999999996,
11,0.076576206158515375,0.45282718288679741,-0.37625097672828201,0.37625097672828201,vulnerabilidades,Euler,0.5,C,0.69999999999999996,
11.5,0.049774534003034998,0.31910192248120384,-0.26932738847816884,0.26932738847816884,vulnerabilidades,Euler,0.5,C,0.69999999999999996,
12,0.03235344710197275,0.22486732417884861,-0.19251387707687587,0.19251387707687587,vulnerabilidades,Euler,0.5,C,0.69999999999999996,
12.5,0.021029740616282287,0.15846132511575126,-0.13743158449946896,0.13743158449946896,vulnerabilidades,Euler,0.5,C,0.69999999999999996,
13,0.013669331400583486,0.11166580849011477,-0.097996477089531284,0.097996477089531284,vulnerabilidades,Euler,0.5,C,0.69999999999999996,
13.5,0.0088850654103792663,0.078689565271794701,-0.069804499861415431,0.069804499861415431,vulnerabilidades,Euler,0.5,C,0.69999999999999996,
14,0.0057752925167465236,0.055451599432177041,-0.04967630691543052,0.04967630691543052,vulnerabilidades,Euler,0.5,C,0.69999999999999996,
14.5,0.0037539401358852404,0.039076081675708148,-0.03532214153982291,0.03532214153982291,vulnerabilidades,Euler,0.5,C,0.69999999999999996,
15,0.0024400610883254063,0.027536449349747159,-0.025096388261421753,0.025096388261421753,vulnerabilidades,Euler,0.5,C,0.69999999999999996,
15.5,0.0015860397074115142,0.019404607889909439,-0.017818568182497923,0.017818568182497923,vulnerabilidades,Euler,0.5,C,0.69999999999999996,
16,0.0010309258098174841,0.013674196065680964,-0.01264327025586348,0.01264327025586348,vulnerabilidades,Euler,0.5,C,0.69999999999999996,
16.5,0.00067010177638136478,0.0096360431039638691,-0.0089659413275825044,0.0089659413275825044,vulnerabilidades,Euler,0.5,C,0.69999999999999996,
17,0.00043556615464788713,0.0067904048073794835,-0.006354838652731596,0.006354838652731596,vulnerabilidades,Euler,0.5,C,0.69999999999999996,
17.5,0.00028311800052112661,0.0047851173921290091,-0.0045019993916078829,0.0045019993916078829,vulnerabilidades,Euler,0.5,C,0.69999999999999996,
18,0.0001840267003387323,0.0033720152341391845,-0.0031879885338004523,0.0031879885338004523,vulnerabilidades,Euler,0.5,C,0.69999999999999996,
18.5,0.00011961735522017599,0.0023762189738479431,-0.0022566016186277671,0.0022566016186277671,vulnerabilidades,Euler,0.5,C,0.69999999999999996,
19,7.7751280893114386e-05,0.001674493209434269,-0.0015967419285411546,0.0015967419285411546,vulnerabilidades,Euler,0.5,C,0.69999999999999996,
19.5,5.0538332580524355e-05,0.0011799954210031931,-0.0011294570884226689,0.0011294570884226689,vulnerabilidades,Euler,0.5,C,0.69999999999999996,
20,3.2849916177340831e-05,0.00083152871910356792,-0.00079867880292622706,0.00079867880292622706,vulnerabilidades,Euler,0.5,C,0.69999999999999996,
0,1000,1000,0,0,vulnerabilidades,Euler,0.10000000000000001,C,0.69999999999999996,
0.10000000000000001,930,932.39381990594825,-2.3938199059482486,2.3938199059482486,vulnerabilidades,Euler,0.10000000000000001,C,0.69999999999999996,
0.20000000000000001,864.89999999999998,869.35823539880585,-4.4582353988058685,4.4582353988058685,vulnerabilidades,Euler,0.10000000000000001,C,0.69999999999999996,
0.30000000000000004,804.35699999999997,810.58424597018711,-6.2272459701871412,6.2272459701871412,vulnerabilidades,Euler,0.10000000000000001,C,0.69999999999999996,
0.40000000000000002,748.05201,755.78374145572548,-7.7317314557254804,7.7317314557254804,vulnerabilidades,Euler,0.10000000000000001,C,0.69999999999999996,
0.5,695.68836929999998,704.6880897187134,-8.999720418713423,8.999720418713423,vulnerabilidades,Euler,0.10000000000000001,C,0.69999999999999996,
0.60000000000000009,646.99018344899991,657.04681981505678,-10.056636366056864,10.056636366056864,vulnerabilidades,Euler,0.10000000000000001,C,0.69999999999999996,
0.70000000000000007,601.70087060756998,612.62639418441609,-10.925523576846103,10.925523576846103,vulnerabilidades,Euler,0.10000000000000001,C,0.69999999999999996,
0.80000000000000004,559.58180966504005,571.20906384881482,-11.627254183774767,11.627254183774767,vulnerabilidades,Euler,0.10000000000000001,C,0.69999999999999996,
0.90000000000000002,520.41108298848724,532.59180100689719,-12.180718018409948,12.180718018409948,vulnerabilidades,Euler,0.10000000000000001,C,0.69999999999999996,
1,483.98230717929312,496.5853037914095,-12.602996612116385,12.602996612116385,vulnerabilidades,Euler,0.10000000000000001,C,0.69999999999999996,
1.1000000000000001,450.10354567674256,463.0130683112281,-12.90952263448554,12.90952263448554,vulnerabilidades,Euler,0.10000000000000001,C,0.69999999999999996,
1.2000000000000002,418.59629747937055,431.71052342907967,-13.114225949709123,13.114225949709123,vulnerabilidades,Euler,0.10000000000000001,C,0.69999999999999996,
1.3,389.29455665581463,402.52422403363602,-13.229667377821386,13.229667377821386,vulnerabilidades,Euler,0.10000000000000001,C,0.69999999999999996,
1.4000000000000001,362.04393768990758,375.31109885139955,-13.26716116149197,13.26716116149197,vulnerabilidades,Euler,0.10000000000000001,C,0.69999999999999996,
1.5,336.70086205161408,349.93774911115543,-13.236887059541345,13.236887059541345,vulnerabilidades,Euler,0.10000000000000001,C,0.69999999999999996,
1.6000000000000001,313.13180170800109,326.27979462303949,-13.147992915038401,13.147992915038401,vulnerabilidades,Euler,0.10000000000000001,C,0.69999999999999996,
1.7000000000000002,291.21257558844098,304.22126406670407,-13.008688478263082,13.008688478263082,vulnerabilidades,Euler,0.10000000000000001,C,0.69999999999999996,
1.8,270.82769529725016,283.6540264997704,-12.826331202520237,12.826331202520237,vulnerabilidades,Euler,0.10000000000000001,C,0.69999999999999996,
1.9000000000000001,251.86975662644264,264.47726129982397,-12.607504673381328,12.607504673381328,vulnerabilidades,Euler,0.10000000000000001,C,0.69999999999999996,
2,234.23887366259169,246.5969639416065,-12.358090279014817,12.358090279014817,vulnerabilidades,Euler,0.10000000000000001,C,0.69999999999999996,
2.1000000000000001,217.84215250621025,229.92548518672385,-12.083332680513593,12.083332680513593,vulnerabilidades,Euler,0.10000000000000001,C,0.69999999999999996,
2.2000000000000002,202.59320183077551,214.38110142697795,-11.787899596202436,11.787899596202436,vulnerabilidades,Euler,0.10000000000000001,C,0.69999999999999996,
2.3000000000000003,188.4116777026212,199.88761407514448,-11.475936372523279,11.475936372523279,vulnerabilidades,Euler,0.10000000000000001,C,0.69999999999999996,
2.4000000000000004,175.22286026343772,186.37397603940994,-11.151115775972215,11.151115775972215,vulnerabilidades,Euler,0.10000000000000001,C,0.69999999999999996,
2.5,162.95726004499713,173.77394345044513,-10.816683405448003,10.816683405448003,vulnerabilidades,Euler,0.10000000000000001,C,0.69999999999999996,
2.6000000000000001,151.55025184184731,162.0257509338808,-10.475499092033488,10.475499092033488,vulnerabilidades,Euler,0.10000000000000001,C,0.69999999999999996,
2.7000000000000002,140.94173421291799,151.07180883637088,-10.130074623452884,10.130074623452884,vulnerabilidades,Euler,0.10000000000000001,C,0.69999999999999996,
2.8000000000000003,131.07581281801373,140.858420921045,-9.782608103031265,9.782608103031265,vulnerabilidades,Euler,0.10000000000000001,C,0.69999999999999996,
2.9000000000000004,121.90050592075276,131.33552114849303,-9.4350152277402657,9.4350152277402657,vulnerabilidades,Euler,0.10000000000000001,C,0.69999999999999996,
3,113.36747050630009,122.45642825298195,-9.0889577466818565,9.0889577466818565,vulnerabilidades,Euler,0.10000000000000001,C,0.69999999999999996,
3.1000000000000001,105.43174757085907,114.17761691083651,-8.7458693399774319,8.7458693399774319,vulnerabilidades,Euler,0.10000000000000001,C,0.69999999999999996,
3.2000000000000002,98.051525240898926,106.45850437925284,-8.4069791383539183,8.4069791383539183,vulnerabilidades,Euler,0.10000000000000001,C,0.69999999999999996,
3.3000000000000003,91.187918474035996,99.261251559645657,-8.0733330856096615,8.0733330856096615,vulnerabilidades,Euler,0.10000000000000001,C,0.69999999999999996,
3.4000000000000004,84.804764180853468,92.550577510343288,-7.7458133294898204,7.7458133294898204,vulnerabilidades,Euler,0.10000000000000001,C,0.69999999999999996,
3.5,78.86843068819374,86.293586499370534,-7.4251558111767935,7.4251558111767935,vulnerabilidades,Euler,0.10000000000000001,C,0.69999999999999996,
3.6000000000000001,73.34764054002018,80.459606749532441,-7.1119662095122607,7.1119662095122607,vulnerabilidades,Euler,0.10000000000000001,C,0.69999999999999996,
3.7000000000000002,68.213305702218761,75.020040085326983,-6.8067343831082212,6.8067343831082212,vulnerabilidades,Euler,0.10000000000000001,C,0.69999999999999996,
3.8000000000000003,63.438374303063441,69.948221744655356,-6.5098474415919156,6.5098474415919156,vulnerabilidades,Euler,0.10000000000000001,C,0.69999999999999996,
3.9000000000000004,58.997688101848993,65.21928966812753,-6.2216015662785367,6.2216015662785367,vulnerabilidades,Euler,0.10000000000000001,C,0.69999999999999996,
4,54.86784993471958,60.810062625217974,-5.9422126904983941,5.9422126904983941,vulnerabilidades,Euler,0.10000000000000001,C,0.69999999999999996,
4.1000000000000005,51.027100439289185,56.698926579846905,-5.6718261405577195,5.6718261405577195,vulnerabilidades,Euler,0.10000000000000001,C,0.69999999999999996,
4.2000000000000002,47.455203408538956,52.86572873835037,-5.4105253298114135,5.4105253298114135,vulnerabilidades,Euler,0.10000000000000001,C,0.69999999999999996,
4.2999999999999998,44.133339169941245,49.291678760462169,-5.1583395905209244,5.1583395905209244,vulnerabilidades,Euler,0.10000000000000001,C,0.69999999999999996,
4.4000000000000004,41.044005428045338,45.959256649044207,-4.9152512209988686,4.9152512209988686,vulnerabilidades,Euler,0.10000000000000001,C,0.69999999999999996,
4.5,38.170925048082175,42.852126867040184,-4.6812018189580087,4.6812018189580087,vulnerabilidades,Euler,0.10000000000000001,C,0.69999999999999996,
4.6000000000000005,35.498960294716412,39.955058260653892,-4.4560979659374809,4.4560979659374809,vulnerabilidades,Euler,0.10000000000000001,C,0.69999999999999996,
4.7000000000000002,33.014033074086271,37.253849396215806,-4.2398163221295349,4.2398163221295349,vulnerabilidades,Euler,0.10000000000000001,C,0.69999999999999996,
4.8000000000000007,30.703050758900218,34.735258944738547,-4.0322081858383285,4.0322081858383285,vulnerabilidades,Euler,0.10000000000000001,C,0.69999999999999996,
4.9000000000000004,28.55383720577721,32.386940772907039,-3.8331035671298288,3.8331035671298288,vulnerabilidades,Euler,0.10000000000000001,C,0.69999999999999996,
5,26.555068601372813,30.197383422318502,-3.642314820945689,3.642314820945689,vulnerabilidades,Euler,0.10000000000000001,C,0.69999999999999996,
5.1000000000000005,24.696213799276705,28.155853680300094,-3.4596398810233886,3.4596398810233886,vulnerabilidades,Euler,0.10000000000000001,C,0.69999999999999996,
5.2000000000000002,22.967478833327341,26.25234396568797,-3.284865132360629,3.284865132360629,vulnerabilidades,Euler,0.10000000000000001,C,0.69999999999999996,
5.3000000000000007,21.35975531499442,24.477523271652661,-3.1177679566582412,3.1177679566582412,vulnerabilidades,Euler,0.10000000000000001,C,0.69999999999999996,
5.4000000000000004,19.864572442944816,22.82269142509298,-2.9581189821481644,2.9581189821481644,vulnerabilidades,Euler,0.10000000000000001,C,0.69999999999999996,
5.5,18.474052371938683,21.279736438377174,-2.8056840664384914,2.8056840664384914,vulnerabilidades,Euler,0.10000000000000001,C,0.69999999999999996,
5.6000000000000005,17.180868705902967,19.841094744370288,-2.6602260384673215,2.6602260384673215,vulnerabilidades,Euler,0.10000000000000001,C,0.69999999999999996,
5.7000000000000002,15.978207896489764,18.499714119819249,-2.5215062233294852,2.5215062233294852,vulnerabilidades,Euler,0.10000000000000001,C,0.69999999999999996,
5.8000000000000007,14.859733343735474,17.249019115346265,-2.3892857716107905,2.3892857716107905,vulnerabilidades,Euler,0.10000000000000001,C,0.69999999999999996,
5.9000000000000004,13.819552009673995,16.082878822588434,-2.263326812914439,2.263326812914439,vulnerabilidades,Euler,0.10000000000000001,C,0.69999999999999996,
6,12.852183368996819,14.995576820477718,-2.1433934514808985,2.1433934514808985,vulnerabilidades,Euler,0.10000000000000001,C,0.69999999999999996,
6.1000000000000005,11.952530533167037,13.981783153338297,-2.0292526201712597,2.0292526201712597,vulnerabilidades,Euler,0.10000000000000001,C,0.69999999999999996,
6.2000000000000002,11.115853395845347,13.036528203437737,-1.9206748075923894,1.9206748075923894,vulnerabilidades,Euler,0.10000000000000001,C,0.69999999999999996,
6.3000000000000007,10.337743658136169,12.155178329914936,-1.8174346717787664,1.8174346717787664,vulnerabilidades,Euler,0.10000000000000001,C,0.69999999999999996,
6.4000000000000004,9.6141016020666399,11.333413154667397,-1.7193115526007574,1.7193115526007574,vulnerabilidades,Euler,0.10000000000000001,C,0.69999999999999996,
6.5,8.9411144899219774,10.567204383852655,-1.6260898939306774,1.6260898939306774,vulnerabilidades,Euler,0.10000000000000001,C,0.69999999999999996,
6.6000000000000005,8.3152364756274366,9.8527960611872576,-1.537559585559821,1.537559585559821,vulnerabilidades,Euler,0.10000000000000001,C,0.69999999999999996,
6.7000000000000002,7.7331699223335182,9.1866861562446722,-1.453516233911154,1.453516233911154,vulnerabilidades,Euler,0.10000000000000001,C,0.69999999999999996,
6.8000000000000007,7.1918480277701686,8.5656093974980614,-1.3737613697278928,1.3737613697278928,vulnerabilidades,Euler,0.10000000000000001,C,0.69999999999999996,
6.9000000000000004,6.6884186658262585,7.9865212659555027,-1.2981026001292442,1.2981026001292442,vulnerabilidades,Euler,0.10000000000000001,C,0.69999999999999996,
7,6.2202293592184219,7.4465830709243441,-1.2263537117059222,1.2263537117059222,vulnerabilidades,Euler,0.10000000000000001,C,0.69999999999999996,
7.1000000000000005,5.78481330407313,6.9431480347461143,-1.1583347306729843,1.1583347306729843,vulnerabilidades,Euler,0.10000000000000001,C,0.69999999999999996,
7.2000000000000002,5.3798763727880123,6.4737483182894051,-1.0938719455013928,1.0938719455013928,vulnerabilidades,Euler,0.10000000000000001,C,0.69999999999999996,
7.3000000000000007,5.0032850266928497,6.0360829235995652,-1.0327978969067155,1.0327978969067155,vulnerabilidades,Euler,0.10000000000000001,C,0.69999999999999996,
7.4000000000000004,4.6530550748243513,5.6280064144040658,-0.97495133957971447,0.97495133957971447,vulnerabilidades,Euler,0.10000000000000001,C,0.69999999999999996,
7.5,4.3273412195866481,5.2475183991813843,-0.92017717959473622,0.92017717959473622,vulnerabilidades,Euler,0.10000000000000001,C,0.69999999999999996,
7.6000000000000005,4.0244273342155807,4.8927537252394755,-0.86832639102389475,0.86832639102389475,vulnerabilidades,Euler,0.10000000000000001,C,0.69999999999999996,
7.7000000000000002,3.7427174208204912,4.5619733357350967,-0.81925591491460548,0.81925591491460548,vulnerabilidades,Euler,0.10000000000000001,C,0.69999999999999996,
7.8000000000000007,3.4807272013630555,4.2535557448151255,-0.77282854345207008,0.77282854345207008,vulnerabilidades,Euler,0.10000000000000001,C,0.69999999999999996,
7.9000000000000004,3.2370762972676426,3.9659890890910647,-0.72891279182342217,0.72891279182342217,vulnerabilidades,Euler,0.10000000000000001,C,0.69999999999999996,
8,3.0104809564589083,3.697863716482932,-0.68738276002402365,0.68738276002402365,vulnerabilidades,Euler,0.10000000000000001,C,0.69999999999999996,
8.0999999999999996,2.7997472895067856,3.4478652761031294,-0.64811798659634379,0.64811798659634379,vulnerabilidades,Euler,0.10000000000000001,C,0.69999999999999996,
8.2000000000000011,2.603764979241308,3.21476827530687,-0.61100329606556203,0.61100329606556203,vulnerabilidades,Euler,0.10000000000000001,C,0.69999999999999996,
8.3000000000000007,2.4215014306944171,2.9974300723258285,-0.57592864163141133,0.57592864163141133,vulnerabilidades,Euler,0.10000000000000001,C,0.69999999999999996,
8.4000000000000004,2.2519963305458086,2.7947852750368436,-0.54278894449103499,0.54278894449103499,vulnerabilidades,Euler,0.10000000000000001,C,0.69999999999999996,
8.5,2.0943565874076024,2.6058405184085003,-0.51148393100089784,0.51148393100089784,vulnerabilidades,Euler,0.10000000000000001,C,0.69999999999999996,
8.5999999999999996,1.9477516262890708,2.4296695950245977,-0.48191796873552684,0.48191796873552684,vulnerabilidades,Euler,0.10000000000000001,C,0.69999999999999996,
8.7000000000000011,1.811409012448834,2.2654089148143202,-0.45399990236548615,0.45399990236548615,vulnerabilidades,Euler,0.10000000000000001,C,0.69999999999999996,
8.8000000000000007,1.684610381577416,2.112253271732714,-0.42764289015529799,0.42764289015529799,vulnerabilidades,Euler,0.10000000000000001,C,0.69999999999999996,
8.9000000000000004,1.5666876548669975,1.9694518966397032,-0.40276424177270576,0.40276424177270576,vulnerabilidades,Euler,0.10000000000000001,C,0.69999999999999996,
9,1.457019519026308,1.8363047770289072,-0.37928525800259916,0.37928525800259916,vulnerabilidades,Euler,0.10000000000000001,C,0.69999999999999996,
9.0999999999999996,1.3550281526944667,1.7121592255655245,-0.35713107287105772,0.35713107287105772,vulnerabilidades,Euler,0.10000000000000001,C,0.69999999999999996,
9.2000000000000011,1.2601761820058528,1.5964066806122474,-0.33623049860639465,0.33623049860639465,vulnerabilidades,Euler,0.10000000000000001,C,0.69999999999999996,
9.3000000000000007,1.1719638492654434,1.4884797230594293,-0.31651587379398594,0.31651587379398594,vulnerabilidades,Euler,0.10000000000000001,C,0.69999999999999996,
9.4000000000000004,1.0899263798168626,1.3878492948359289,-0.29792291501906631,0.29792291501906631,vulnerabilidades,Euler,0.10000000000000001,C,0.69999999999999996,
9.5,1.0136315332296824,1.2940221054658492,-0.28039057223616681,0.28039057223616681,vulnerabilidades,Euler,0.10000000000000001,C,0.69999999999999996,
9.6000000000000014,0.94267732590360365,1.2065382139580394,-0.26386088805443575,0.26386088805443575,vulnerabilidades,Euler,0.10000000000000001,C,0.69999999999999996,
9.7000000000000011,0.8766899130903516,1.1249687741748373,-0.24827886108448571,0.24827886108448571,vulnerabilidades,Euler,0.10000000000000001,C,0.69999999999999996,
9.8000000000000007,0.81532161917402723,1.0489139326277883,-0.23359231345376108,0.23359231345376108,vulnerabilidades,Euler,0.10000000000000001,C,0.69999999999999996,
9.9000000000000004,0.75824910583184557,0.97800086839539457,-0.219751762563549,0.219751762563549,vulnerabilidades,Euler,0.10000000000000001,C,0.69999999999999996,
10,0.70517166842361656,0.91188196555451628,-0.20671029713089972,0.20671029713089972,vulnerabilidades,Euler,0.10000000000000001,C,0.69999999999999996,
10.100000000000001,0.65580965163396265,0.85023310916671946,-0.1944234575327568,0.1944234575327568,vulnerabilidades,Euler,0.10000000000000001,C,0.69999999999999996,
10.200000000000001,0.60990297601958543,0.79275209646646838,-0.18284912044688295,0.18284912044688295,vulnerabilidades,Euler,0.10000000000000001,C,0.69999999999999996,
10.300000000000001,0.56720976769821463,0.73915715546281968,-0.17194738776460505,0.17194738776460505,vulnerabilidades,Euler,0.10000000000000001,C,0.69999999999999996,
10.4,0.5275050839593397,0.6891855636927936,-0.1616804797334539,0.1616804797334539,vulnerabilidades,Euler,0.10000000000000001,C,0.69999999999999996,
10.5,0.49057972808218608,0.64259236035555789,-0.15201263227337181,0.15201263227337181,vulnerabilidades,Euler,0.10000000000000001,C,0.69999999999999996,
10.600000000000001,0.45623914711643254,0.59914914551429754,-0.142909998397865,0.142909998397865,vulnerabilidades,Euler,0.10000000000000001,C,0.69999999999999996,
10.700000000000001,0.42430240681828235,0.55864296047946105,-0.1343405536611787,0.1343405536611787,vulnerabilidades,Euler,0.10000000000000001,C,0.69999999999999996,
10.800000000000001,0.39460123834100269,0.52087524388501261,-0.12627400554400992,0.12627400554400992,vulnerabilidades,Euler,0.10000000000000001,C,0.69999999999999996,
10.9,0.36697915165713263,0.48566085834038925,-0.11868170668325662,0.11868170668325662,vulnerabilidades,Euler,0.10000000000000001,C,0.69999999999999996,
11,0.34129061104113345,0.45282718288679741,-0.11153657184566396,0.11153657184566396,vulnerabilidades,Euler,0.10000000000000001,C,0.69999999999999996,
11.100000000000001,0.31740026826825379,0.42221326680906995,-0.10481299854081616,0.10481299854081616,vulnerabilidades,Euler,0.10000000000000001,C,0.69999999999999996,
11.200000000000001,0.29518224948947613,0.3936690406550783,-0.098486791165602161,0.098486791165602161,vulnerabilidades,Euler,0.10000000000000001,C,0.69999999999999996,
11.300000000000001,0.27451949202521286,0.36705458059509838,-0.092535088569885515,0.092535088569885515,vulnerabilidades,Euler,0.10000000000000001,C,0.69999999999999996,
11.4,0.25530312758344803,0.34223942251503969,-0.086936294931591662,0.086936294931591662,vulnerabilidades,Euler,0.10000000000000001,C,0.69999999999999996,
11.5,0.23743190865260674,0.31910192248120384,-0.081670013828597093,0.081670013828597093,vulnerabilidades,Euler,0.10000000000000001,C,0.69999999999999996,
11.600000000000001,0.22081167504692403,0.29752866044158077,-0.076716985394656739,0.076716985394656739,vulnerabilidades,Euler,0.10000000000000001,C,0.69999999999999996,
11.700000000000001,0.20535485779363941,0.27741388424062574,-0.072059026446986335,0.072059026446986335,vulnerabilidades,Euler,0.10000000000000001,C,0.69999999999999996,
11.800000000000001,0.19098001774808471,0.25865899122206348,-0.067678973473978776,0.067678973473978776,vulnerabilidades,Euler,0.10000000000000001,C,0.69999999999999996,
11.9,0.17761141650571882,0.24117204487855884,-0.063560628372840017,0.063560628372840017,vulnerabilidades,Euler,0.10000000000000001,C,0.69999999999999996,
12,0.16517861735031855,0.22486732417884861,-0.059688706828530058,0.059688706828530058,vulnerabilidades,Euler,0.10000000000000001,C,0.69999999999999996,
12.100000000000001,0.15361611413579609,0.20966490336314539,-0.056048789227349294,0.056048789227349294,vulnerabilidades,Euler,0.10000000000000001,C,0.69999999999999996,
12.200000000000001,0.14286298614629039,0.1954902601469746,-0.052627274000684204,0.052627274000684204,vulnerabilidades,Euler,0.10000000000000001,C,0.69999999999999996,
12.300000000000001,0.1328625771160501,0.18227391041284544,-0.04941133329679534,0.04941133329679534,vulnerabilidades,Euler,0.10000000000000001,C,0.69999999999999996,
12.4,0.12356219671792662,0.16995106759902751,-0.046388870881100885,0.046388870881100885,vulnerabilidades,Euler,0.10000000000000001,C,0.69999999999999996,
12.5,0.11491284294767179,0.15846132511575126,-0.043548482168079466,0.043548482168079466,vulnerabilidades,Euler,0.10000000000000001,C,0.69999999999999996,
12.600000000000001,0.10686894394133466,0.14774836023203364,-0.040879416290698981,0.040879416290698981,vulnerabilidades,Euler,0.10000000000000001,C,0.69999999999999996,
12.700000000000001,0.099388117865441258,0.1377596579815859,-0.038371540116144645,0.038371540116144645,vulnerabilidades,Euler,0.10000000000000001,C,0.69999999999999996,
12.800000000000001,0.092430949614860397,0.12844625373438801,-0.036015304119527608,0.036015304119527608,vulnerabilidades,Euler,0.10000000000000001,C,0.69999999999999996,
12.9,0.085960783141820193,0.11976249317201468,-0.033801710030194485,0.033801710030194485,vulnerabilidades,Euler,0.10000000000000001,C,0.69999999999999996,
13,0.079943528321892804,0.11166580849011477,-0.03172228016822197,0.03172228016822197,vulnerabilidades,Euler,0.10000000000000001,C,0.69999999999999996,
13.100000000000001,0.074347481339360227,0.10411650973098414,-0.029769028391623917,0.029769028391623917,vulnerabilidades,Euler,0.10000000000000001,C,0.69999999999999996,
13.200000000000001,0.069143157645605025,0.097077590223347124,-0.027934432577742099,0.027934432577742099,vulnerabilidades,Euler,0.10000000000000001,C,0.69999999999999996,
13.300000000000001,0.064303136610412689,0.090514545175610917,-0.026211408565198227,0.026211408565198227,vulnerabilidades,Euler,0.10000000000000001,C,0.69999999999999996,
13.4,0.059801917047683818,0.084395202533337502,-0.024593285485653683,0.024593285485653683,vulnerabilidades,Euler,0.10000000000000001,C,0.69999999999999996,
13.5,0.055615782854345965,0.078689565271794701,-0.023073782417448736,0.023073782417448736,vulnerabilidades,Euler,0.10000000000000001,C,0.69999999999999996,
13.600000000000001,0.051722678054541692,0.073369664350507083,-0.021646986295965391,0.021646986295965391,vulnerabilidades,Euler,0.10000000000000001,C,0.69999999999999996,
13.700000000000001,0.048102090590723789,0.068409421608986554,-0.020307331018262764,0.020307331018262764,vulnerabilidades,Euler,0.10000000000000001,C,0.69999999999999996,
13.800000000000001,0.044734944249373139,0.063784521931559479,-0.01904957768218634,0.01904957768218634,vulnerabilidades,Euler,0.10000000000000001,C,0.69999999999999996,
13.9,0.04160349815191703,0.059472294054641453,-0.017868795902724423,0.017868795902724423,vulnerabilidades,Euler,0.10000000000000001,C,0.69999999999999996,
14,0.038691253281282846,0.055451599432177041,-0.016760346150894195,0.016760346150894195,vulnerabilidades,Euler,0.10000000000000001,C,0.69999999999999996,
14.100000000000001,0.03598286555159301,0.051702728614461957,-0.015719863062868947,0.015719863062868947,vulnerabilidades,Euler,0.10000000000000001,C,0.69999999999999996,
14.200000000000001,0.033464064962981509,0.048207304632398827,-0.014743239669417318,0.014743239669417318,vulnerabilidades,Euler,0.10000000000000001,C,0.69999999999999996,
14.300000000000001,0.031121580415572812,0.044948192913572042,-0.013826612497999231,0.013826612497999231,vulnerabilidades,Euler,0.10000000000000001,C,0.69999999999999996,
14.4,0.028943069786482721,0.0419094172885549,-0.012966347502072179,0.012966347502072179,vulnerabilidades,Euler,0.10000000000000001,C,0.69999999999999996,
14.5,0.026917054901428938,0.039076081675708148,-0.01215902677427921,0.01215902677427921,vulnerabilidades,Euler,0.10000000000000001,C,0.69999999999999996,
14.600000000000001,0.025032861058328887,0.036434297060570275,-0.011401436002241389,0.011401436002241389,vulnerabilidades,Euler,0.10000000000000001,C,0.69999999999999996,
14.700000000000001,0.023280560784245872,0.03397111341189317,-0.010690552627647298,0.010690552627647298,vulnerabilidades,Euler,0.10000000000000001,C,0.69999999999999996,
14.800000000000001,0.021650921529348666,0.031674456200573305,-0.010023534671224639,0.010023534671224639,vulnerabilidades,Euler,0.10000000000000001,C,0.69999999999999996,
14.9,0.020135357022294263,0.029533067210296183,-0.0093977101880019197,0.0093977101880019197,vulnerabilidades,Euler,0.10000000000000001,C,0.69999999999999996,
15,0.018725882030733668,0.027536449349747159,-0.008810567319013491,0.008810567319013491,vulnerabilidades,Euler,0.10000000000000001,C,0.69999999999999996,
15.100000000000001,0.017415070288582295,0.02567481519585741,-0.0082597449072751156,0.0082597449072751156,vulnerabilidades,Euler,0.10000000000000001,C,0.69999999999999996,
15.200000000000001,0.016196015368381538,0.023939039015844769,-0.0077430236474632305,0.0077430236474632305,vulnerabilidades,Euler,0.10000000000000001,C,0.69999999999999996,
15.300000000000001,0.015062294292594834,0.022320612032861072,-0.0072583177402662374,0.0072583177402662374,vulnerabilidades,Euler,0.10000000000000001,C,0.69999999999999996,
15.4,0.0140079336921132,0.020811600715958001,-0.0068036670238448005,0.0068036670238448005,vulnerabilidades,Euler,0.10000000000000001,C,0.69999999999999996,
15.5,0.01302737833366528,0.019404607889909439,-0.0063772295562441583,0.0063772295562441583,vulnerabilidades,Euler,0.10000000000000001,C,0.69999999999999996,
15.600000000000001,0.012115461850308698,0.018092736474249759,-0.0059772746239410614,0.0059772746239410614,vulnerabilidades,Euler,0.10000000000000001,C,0.69999999999999996,
15.700000000000001,0.011267379520787092,0.016869555673777403,-0.0056021761529903118,0.0056021761529903118,vulnerabilidades,Euler,0.10000000000000001,C,0.69999999999999996,
15.800000000000001,0.010478662954331999,0.015729069454789375,-0.0052504065004573761,0.0052504065004573761,vulnerabilidades,Euler,0.10000000000000001,C,0.69999999999999996,
15.9,0.0097451565475287615,0.014665687152517056,-0.0049205306049882949,0.0049205306049882949,vulnerabilidades,Euler,0.10000000000000001,C,0.69999999999999996,
16,0.0090629955892017507,0.013674196065680964,-0.0046112004764792131,0.0046112004764792131,vulnerabilidades,Euler,0.10000000000000001,C,0.69999999999999996,
16.100000000000001,0.0084285858979576186,0.012749735903823159,-0.00432115000586554,0.00432115000586554,vulnerabilidades,Euler,0.10000000000000001,C,0.69999999999999996,
16.199999999999999,0.0078385848851005979,0.01188777496215771,-0.0040491900770571118,0.0040491900770571118,vulnerabilidades,Euler,0.10000000000000001,C,0.69999999999999996,
16.300000000000001,0.0072898839431435481,0.011084087907148493,-0.0037942039640049448,0.0037942039640049448,vulnerabilidades,Euler,0.10000000000000001,C,0.69999999999999996,
16.400000000000002,0.0067795920671234926,0.010334735063919506,-0.0035551429967960136,0.0035551429967960136,vulnerabilidades,Euler,0.10000000000000001,C,0.69999999999999996,
16.5,0.0063050206224248579,0.0096360431039638691,-0.0033310224815390112,0.0033310224815390112,vulnerabilidades,Euler,0.10000000000000001,C,0.69999999999999996,
16.600000000000001,0.0058636691788551114,0.0089845870384832223,-0.0031209178596281108,0.0031209178596281108,vulnerabilidades,Euler,0.10000000000000001,C,0.69999999999999996,
16.699999999999999,0.0054532123363352624,0.0083771734290888564,-0.002923961092753594,0.002923961092753594,vulnerabilidades,Euler,0.10000000000000001,C,0.69999999999999996,
16.800000000000001,0.0050714874727917887,0.0078108247335627679,-0.0027393372607709791,0.0027393372607709791,vulnerabilidades,Euler,0.10000000000000001,C,0.69999999999999996,
16.900000000000002,0.0047164833496963583,0.0072827647099424457,-0.0025662813602460874,0.0025662813602460874,vulnerabilidades,Euler,0.10000000000000001,C,0.69999999999999996,
17,0.0043863295152176199,0.0067904048073794835,-0.0024040752921618636,0.0024040752921618636,vulnerabilidades,Euler,0.10000000000000001,C,0.69999999999999996,
17.100000000000001,0.0040792864491523825,0.0063313314770602576,-0.0022520450279078751,0.0022520450279078751,vulnerabilidades,Euler,0.10000000000000001,C,0.69999999999999996,
17.199999999999999,0.0037937363977117219,0.005903294340986992,-0.0021095579432752701,0.0021095579432752701,vulnerabilidades,Euler,0.10000000000000001,C,0.69999999999999996,
17.300000000000001,0.0035281748498718975,0.0055041951606220269,-0.0019760203107501294,0.0019760203107501294,vulnerabilidades,Euler,0.10000000000000001,C,0.69999999999999996,
17.400000000000002,0.0032812026103808613,0.0051320775513201957,-0.0018508749409393344,0.0018508749409393344,vulnerabilidades,Euler,0.10000000000000001,C,0.69999999999999996,
17.5,0.0030515184276542059,0.0047851173921290091,-0.0017335989644748032,0.0017335989644748032,vulnerabilidades,Euler,0.10000000000000001,C,0.69999999999999996,
17.600000000000001,0.0028379121377184085,0.0044616138839455553,-0.0016237017462271469,0.0016237017462271469,vulnerabilidades,Euler,0.10000000000000001,C,0.69999999999999996,
17.699999999999999,0.0026392582880781241,0.004159981212197416,-0.0015207229241192919,0.0015207229241192919,vulnerabilidades,Euler,0.10000000000000001,C,0.69999999999999996,
17.800000000000001,0.0024545102079126528,0.0038787407731777248,-0.001424230565265072,0.001424230565265072,vulnerabilidades,Euler,0.10000000000000001,C,0.69999999999999996,
17.900000000000002,0.0022826944933587645,0.0036165139259281224,-0.0013338194325693579,0.0013338194325693579,vulnerabilidades,Euler,0.10000000000000001,C,0.69999999999999996,
18,0.0021229058788236545,0.0033720152341391845,-0.00124910935531553,0.00124910935531553,vulnerabilidades,Euler,0.10000000000000001,C,0.69999999999999996,
18.100000000000001,0.0019743024673059967,0.0031440461649400839,-0.0011697436976340872,0.0011697436976340872,vulnerabilidades,Euler,0.10000000000000001,C,0.69999999999999996,
18.199999999999999,0.0018361012945945798,0.0029314892136891356,-0.0010953879190945559,0.0010953879190945559,vulnerabilidades,Euler,0.10000000000000001,C,0.69999999999999996,
18.300000000000001,0.0017075742039729573,0.0027333024259646927,-0.0010257282219917354,0.0010257282219917354,vulnerabilidades,Euler,0.10000000000000001,C,0.69999999999999996,
18.400000000000002,0.0015880440096948487,0.0025485142899034138,-0.00096047028020856506,0.00096047028020856506,vulnerabilidades,Euler,0.10000000000000001,C,0.69999999999999996,
18.5,0.0014768809290162117,0.0023762189738479431,-0.00089933804483173139,0.00089933804483173139,vulnerabilidades,Euler,0.10000000000000001,C,0.69999999999999996,
18.600000000000001,0.0013734992639850754,0.0022155718859590756,-0.00084207262197400021,0.00084207262197400021,vulnerabilidades,Euler,0.10000000000000001,C,0.69999999999999996,
18.699999999999999,0.0012773543155061222,0.0020657855340256112,-0.00078843121851948899,0.00078843121851948899,vulnerabilidades,Euler,0.10000000000000001,C,0.69999999999999996,
18.800000000000001,0.0011879395134206923,0.0019261256651765851,-0.00073818615175589284,0.00073818615175589284,vulnerabilidades,Euler,0.10000000000000001,C,0.69999999999999996,
18.900000000000002,0.0011047837474812427,0.0017959076665728809,-0.00069112391909163817,0.00069112391909163817,vulnerabilidades,Euler,0.10000000000000001,C,0.69999999999999996,
19,0.0010274488851575573,0.001674493209434269,-0.00064704432427671165,0.00064704432427671165,vulnerabilidades,Euler,0.10000000000000001,C,0.69999999999999996,
19.100000000000001,0.00095552746319652732,0.001561287119950986,-0.00060575965675445864,0.00060575965675445864,vulnerabilidades,Euler,0.10000000000000001,C,0.69999999999999996,
19.200000000000003,0.00088864054077276945,0.0014557344617410557,-0.00056709392096828629,0.00056709392096828629,vulnerabilidades,Euler,0.10000000000000001,C,0.69999999999999996,
19.300000000000001,0.00082643570291867697,0.0013573178155514745,-0.0005308821126327975,0.0005308821126327975,vulnerabilidades,Euler,0.10000000000000001,C,0.69999999999999996,
19.400000000000002,0.00076858520371436874,0.0012655547428684362,-0.00049696953915406741,0.00049696953915406741,vulnerabilidades,Euler,0.10000000000000001,C,0.69999999999999996,
19.5,0.0007147842394543641,0.0011799954210031931,-0.00046521118154882902,0.00046521118154882902,vulnerabilidades,Euler,0.10000000000000001,C,0.69999999999999996,
19.600000000000001,0.00066474934269255789,0.0011002204380606924,-0.0004354710953681345,0.0004354710953681345,vulnerabilidades,Euler,0.10000000000000001,C,0.69999999999999996,
19.700000000000003,0.0006182168887040782,0.0010258387369820043,-0.00040762184827792614,0.00040762184827792614,vulnerabilidades,Euler,0.10000000000000001,C,0.69999999999999996,
19.800000000000001,0.00057494170649479369,0.00095648569858214588,-0.00038154399208735219,0.00038154399208735219,vulnerabilidades,Euler,0.10000000000000001,C,0.69999999999999996,
19.900000000000002,0.00053469578704015762,0.00089182135418641457,-0.00035712556714625695,0.00035712556714625695,vulnerabilidades,Euler,0.10000000000000001,C,0.69999999999999996,
20,0.00049726708194734737,0.00083152871910356792,-0.00033426163715622056,0.00033426163715622056,vulnerabilidades,Euler,0.10000000000000001,C,0.69999999999999996,
0,1000,1000,0,0,extendido,Euler,0.10000000000000001,,0.29999999999999999,0
0.10000000000000001,970,970.44553354850814,-0.44553354850813776,0.44553354850813776,extendido,Euler,0.10000000000000001,,0.29999999999999999,0
0.20000000000000001,940.89999999999998,941.76453358424874,-0.86453358424876114,0.86453358424876114,extendido,Euler,0.10000000000000001,,0.29999999999999999,0
0.30000000000000004,912.673,913.93118527122817,-1.2581852712281716,1.2581852712281716,extendido,Euler,0.10000000000000001,,0.29999999999999999,0
0.40000000000000002,885.29281000000003,886.92043671715749,-1.6276267171574546,1.6276267171574546,extendido,Euler,0.10000000000000001,,0.29999999999999999,0
0.5,858.73402570000007,860.70797642505784,-1.9739507250577617,1.9739507250577617,extendido,Euler,0.10000000000000001,,0.29999999999999999,0
0.60000000000000009,832.97200492900004,835.27021141127204,-2.2982064822720076,2.2982064822720076,extendido,Euler,0.10000000000000001,,0.29999999999999999,0
0.70000000000000007,807.9828447811301,810.58424597018711,-2.6014011890570146,2.6014011890570146,extendido,Euler,0.10000000000000001,,0.29999999999999999,0
0.80000000000000004,783.7433594376962,786.62786106655346,-2.8845016288572651,2.8845016288572651,extendido,Euler,0.10000000000000001,,0.29999999999999999,0
0.90000000000000002,760.23105865456535,763.3794943368531,-3.1484356822877544,3.1484356822877544,extendido,Euler,0.10000000000000001,,0.29999999999999999,0
1,737.42412689492835,740.81822068171789,-3.39409378678954,3.39409378678954,extendido,Euler,0.10000000000000001,,0.29999999999999999,0
1.1000000000000001,715.30140308808052,718.92373343192617,-3.6223303438456469,3.6223303438456469,extendido,Euler,0.10000000000000001,,0.29999999999999999,0
1.2000000000000002,693.84236099543807,697.67632607103099,-3.8339650755929142,3.8339650755929142,extendido,Euler,0.10000000000000001,,0.29999999999999999,0
1.3,673.02709016557492,677.05687449816469,-4.0297843325897702,4.0297843325897702,extendido,Euler,0.10000000000000001,,0.29999999999999999,0
1.4000000000000001,652.83627746060768,657.04681981505678,-4.2105423544491032,4.2105423544491032,extendido,Euler,0.10000000000000001,,0.29999999999999999,0
1.5,633.25118913678943,637.62815162177333,-4.376962484983892,4.376962484983892,extendido,Euler,0.10000000000000001,,0.29999999999999999,0
1.6000000000000001,614.25365346268575,618.7833918061408,-4.5297383434550511,4.5297383434550511,extendido,Euler,0.10000000000000001,,0.29999999999999999,0
1.7000000000000002,595.82604385880518,600.49557881226588,-4.6695349534606976,4.6695349534606976,extendido,Euler,0.10000000000000001,,0.29999999999999999,0
1.8,577.95126254304103,582.74825237398966,-4.7969898309486325,4.7969898309486325,extendido,Euler,0.10000000000000001,,0.29999999999999999,0
1.9000000000000001,560.61272466674973,565.52543869953706,-4.9127140327873349,4.9127140327873349,extendido,Euler,0.10000000000000001,,0.29999999999999999,0
2,543.79434292674728,548.81163609402654,-5.0172931672792629,5.0172931672792629,extendido,Euler,0.10000000000000001,,0.29999999999999999,0
2.1000000000000001,527.4805126389449,532.59180100689719,-5.1112883679522838,5.1112883679522838,extendido,Euler,0.10000000000000001,,0.29999999999999999,0
2.2000000000000002,511.65609725977652,516.85133449169916,-5.195237231922647,5.195237231922647,extendido,Euler,0.10000000000000001,,0.29999999999999999,0
2.3000000000000003,496.30641434198321,501.57606906605542,-5.2696547240722111,5.2696547240722111,extendido,Euler,0.10000000000000001,,0.29999999999999999,0
2.4000000000000004,481.41722191172369,486.75225595997165,-5.3350340482479623,5.3350340482479623,extendido,Euler,0.10000000000000001,,0.29999999999999999,0
2.5,466.97470525437205,472.36655274101469,-5.3918474866426322,5.3918474866426322,extendido,Euler,0.10000000000000001,,0.29999999999999999,0
2.6000000000000001,452.9654640967409,458.4060113052235,-5.4405472084825988,5.4405472084825988,extendido,Euler,0.10000000000000001,,0.29999999999999999,0
2.7000000000000002,439.37650017383868,444.85806622294109,-5.4815660491024119,5.4815660491024119,extendido,Euler,0.10000000000000001,,0.29999999999999999,0
2.8000000000000003,426.19520516862349,431.71052342907967,-5.5153182604561835,5.5153182604561835,extendido,Euler,0.10000000000000001,,0.29999999999999999,0
2.9000000000000004,413.40934901356479,418.95154924763892,-5.5422002340741301,5.5422002340741301,extendido,Euler,0.10000000000000001,,0.29999999999999999,0
3,401.00706854315791,406.56965974059915,-5.5625911974412361,5.5625911974412361,extendido,Euler,0.10000000000000001,,0.29999999999999999,0
3.1000000000000001,388.97685648686314,394.55371037160114,-5.576853884738,5.576853884738,extendido,Euler,0.10000000000000001,,0.29999999999999999,0
3.2000000000000002,377.30755079225725,382.89288597511205,-5.5853351828548057,5.5853351828548057,extendido,Euler,0.10000000000000001,,0.29999999999999999,0
3.3000000000000003,365.98832426848952,371.57669102204574,-5.5883667535562154,5.5883667535562154,extendido,Euler,0.10000000000000001,,0.29999999999999999,0
3.4000000000000004,355.00867454043481,360.59494017307833,-5.5862656326435172,5.5862656326435172,extendido,Euler,0.10000000000000001,,0.29999999999999999,0
3.5,344.35841430422181,349.93774911115531,-5.5793348069335025,5.5793348069335025,extendido,Euler,0.10000000000000001,,0.29999999999999999,0
3.6000000000000001,334.02766187509513,339.59552564493913,-5.5678637698439957,5.5678637698439957,extendido,Euler,0.10000000000000001,,0.29999999999999999,0
3.7000000000000002,324.00683201884226,329.55896107518907,-5.5521290563468142,5.5521290563468142,extendido,Euler,0.10000000000000001,,0.29999999999999999,0
3.8000000000000003,314.28662705827696,319.81902181630386,-5.5323947580268964,5.5323947580268964,extendido,Euler,0.10000000000000001,,0.29999999999999999,0
3.9000000000000004,304.85802824652865,310.36694126548497,-5.5089130189563207,5.5089130189563207,extendido,Euler,0.10000000000000001,,0.29999999999999999,0
4,295.71228739913283,301.19421191220215,-5.4819245130693162,5.4819245130693162,extendido,Euler,0.10000000000000001,,0.29999999999999999,0
4.1000000000000005,286.84091877715878,292.29257768085938,-5.4516589037006042,5.4516589037006042,extendido,Euler,0.10000000000000001,,0.29999999999999999,0
4.2000000000000002,278.23569121384406,283.6540264997704,-5.4183352859263323,5.4183352859263323,extendido,Euler,0.10000000000000001,,0.29999999999999999,0
4.2999999999999998,269.88862047742879,275.2707830897524,-5.3821626123236115,5.3821626123236115,extendido,Euler,0.10000000000000001,,0.29999999999999999,0
4.4000000000000004,261.79196186310588,267.13530196585032,-5.3433401027444347,5.3433401027444347,extendido,Euler,0.10000000000000001,,0.29999999999999999,0
4.5,253.93820300721273,259.24026064589157,-5.3020576386788321,5.3020576386788321,extendido,Euler,0.10000000000000001,,0.29999999999999999,0
4.6000000000000005,246.32005691699632,251.57855305975647,-5.2584961427601513,5.2584961427601513,extendido,Euler,0.10000000000000001,,0.29999999999999999,0
4.7000000000000002,238.93045520948647,244.14328315343712,-5.2128279439506571,5.2128279439506571,extendido,Euler,0.10000000000000001,,0.29999999999999999,0
4.8000000000000007,231.76254155320183,236.92775868212172,-5.1652171289198918,5.1652171289198918,extendido,Euler,0.10000000000000001,,0.29999999999999999,0
4.9000000000000004,224.80966530660581,229.92548518672385,-5.115819880118039,5.115819880118039,extendido,Euler,0.10000000000000001,,0.29999999999999999,0
5,218.06537534740767,223.13016014842981,-5.0647848010221423,5.0647848010221423,extendido,Euler,0.10000000000000001,,0.29999999999999999,0
5.1000000000000005,211.52341408698541,216.53566731600708,-5.0122532290216668,5.0122532290216668,extendido,Euler,0.10000000000000001,,0.29999999999999999,0
5.2000000000000002,205.17771166437586,210.13607120076472,-4.9583595363888548,4.9583595363888548,extendido,Euler,0.10000000000000001,,0.29999999999999999,0
5.3000000000000007,199.02238031444455,203.92561173421342,-4.903231419768872,4.903231419768872,extendido,Euler,0.10000000000000001,,0.29999999999999999,0
5.4000000000000004,193.05170890501122,197.89869908361464,-4.84699017860342,4.84699017860342,extendido,Euler,0.10000000000000001,,0.29999999999999999,0
5.5,187.26015763786091,192.04990862075414,-4.7897509828932243,4.7897509828932243,extendido,Euler,0.10000000000000001,,0.29999999999999999,0
5.6000000000000005,181.64235290872506,186.37397603940994,-4.7316231306848806,4.7316231306848806,extendido,Euler,0.10000000000000001,,0.29999999999999999,0
5.7000000000000002,176.19308232146332,180.86579261712211,-4.6727102956587885,4.6727102956587885,extendido,Euler,0.10000000000000001,,0.29999999999999999,0
5.8000000000000007,170.9072898518194,175.52040061699682,-4.6131107651774244,4.6131107651774244,extendido,Euler,0.10000000000000001,,0.29999999999999999,0
5.9000000000000004,165.78007115626482,170.33298882540942,-4.5529176691445912,4.5529176691445912,extendido,Euler,0.10000000000000001,,0.29999999999999999,0
6,160.80666902157691,165.29888822158657,-4.4922192000096572,4.4922192000096572,extendido,Euler,0.10000000000000001,,0.29999999999999999,0
6.1000000000000005,155.98246895092959,160.41356777517274,-4.4310988242431506,4.4310988242431506,extendido,Euler,0.10000000000000001,,0.29999999999999999,0
6.2000000000000002,151.30299488240172,155.67263036799733,-4.3696354855956088,4.3696354855956088,extendido,Euler,0.10000000000000001,,0.29999999999999999,0
6.3000000000000007,146.76390503592964,151.07180883637085,-4.3079038004412098,4.3079038004412098,extendido,Euler,0.10000000000000001,,0.29999999999999999,0
6.4000000000000004,142.36098788485177,146.60696213035015,-4.2459742454983882,4.2459742454983882,extendido,Euler,0.10000000000000001,,0.29999999999999999,0
6.5,138.09015824830624,142.2740715865136,-4.1839133382073612,4.1839133382073612,extendido,Euler,0.10000000000000001,,0.29999999999999999,0
6.6000000000000005,133.94745350085702,138.06923731089282,-4.1217838100357937,4.1217838100357937,extendido,Euler,0.10000000000000001,,0.29999999999999999,0
6.7000000000000002,129.92902989583132,133.98867466880498,-4.0596447729736553,4.0596447729736553,extendido,Euler,0.10000000000000001,,0.29999999999999999,0
6.8000000000000007,126.03115899895636,130.0287108784259,-3.9975518794695404,3.9975518794695404,extendido,Euler,0.10000000000000001,,0.29999999999999999,0
6.9000000000000004,122.25022422898768,126.18578170503878,-3.9355574760511018,3.9355574760511018,extendido,Euler,0.10000000000000001,,0.29999999999999999,0
7,118.58271750211806,122.45642825298191,-3.8737107508638502,3.8737107508638502,extendido,Euler,0.10000000000000001,,0.29999999999999999,0
7.1000000000000005,115.02523597705449,118.83729385240966,-3.8120578753551655,3.8120578753551655,extendido,Euler,0.10000000000000001,,0.29999999999999999,0
7.2000000000000002,111.57447889774286,115.32512103806252,-3.7506421403196555,3.7506421403196555,extendido,Euler,0.10000000000000001,,0.29999999999999999,0
7.3000000000000007,108.22724453081057,111.91674861732888,-3.689504086518312,3.689504086518312,extendido,Euler,0.10000000000000001,,0.29999999999999999,0
7.4000000000000004,104.98042719488626,108.60910882495796,-3.6286816300716964,3.6286816300716964,extendido,Euler,0.10000000000000001,,0.29999999999999999,0
7.5,101.83101437903969,105.39922456186433,-3.5682101828246431,3.5682101828246431,extendido,Euler,0.10000000000000001,,0.29999999999999999,0
7.6000000000000005,98.776083947668482,102.28420671553744,-3.5081227678689544,3.5081227678689544,extendido,Euler,0.10000000000000001,,0.29999999999999999,0
7.7000000000000002,95.812801429238434,99.261251559645657,-3.4484501304072239,3.4484501304072239,extendido,Euler,0.10000000000000001,,0.29999999999999999,0
7.8000000000000007,92.938417386361266,96.327638230492994,-3.389220844131728,3.389220844131728,extendido,Euler,0.10000000000000001,,0.29999999999999999,0
7.9000000000000004,90.150264864770435,93.480726278058469,-3.3304614132880346,3.3304614132880346,extendido,Euler,0.10000000000000001,,0.29999999999999999,0
8,87.445756918827328,90.717953289412506,-3.2721963705851778,3.2721963705851778,extendido,Euler,0.10000000000000001,,0.29999999999999999,0
8.0999999999999996,84.822384211262516,88.036832582372597,-3.2144483711100804,3.2144483711100804,extendido,Euler,0.10000000000000001,,0.29999999999999999,0
8.2000000000000011,82.277712684924609,85.434950967321186,-3.1572382823965768,3.1572382823965768,extendido,Euler,0.10000000000000001,,0.29999999999999999,0
8.3000000000000007,79.809381304376885,82.90996657517266,-3.1005852707957757,3.1005852707957757,extendido,Euler,0.10000000000000001,,0.29999999999999999,0
8.4000000000000004,77.415099865245594,80.459606749532441,-3.0445068842868466,3.0445068842868466,extendido,Euler,0.10000000000000001,,0.29999999999999999,0
8.5,75.092646869288231,78.081666001153167,-2.9890191318649357,2.9890191318649357,extendido,Euler,0.10000000000000001,,0.29999999999999999,0
8.5999999999999996,72.839867463209586,75.774004022845503,-2.9341365596359168,2.9341365596359168,extendido,Euler,0.10000000000000001,,0.29999999999999999,0
8.7000000000000011,70.654671439313262,73.534543763057073,-2.8798723237438111,2.8798723237438111,extendido,Euler,0.10000000000000001,,0.29999999999999999,0
8.8000000000000007,68.535031296133866,71.361269556386048,-2.8262382602521825,2.8262382602521825,extendido,Euler,0.10000000000000001,,0.29999999999999999,0
8.9000000000000004,66.478980357249853,69.252225309345988,-2.7732449520961353,2.7732449520961353,extendido,Euler,0.10000000000000001,,0.29999999999999999,0
9,64.484610946532371,67.205512739749778,-2.7209017932174078,2.7209017932174078,extendido,Euler,0.10000000000000001,,0.29999999999999999,0
9.0999999999999996,62.550072618136404,65.21928966812753,-2.6692170499911256,2.6692170499911256,extendido,Euler,0.10000000000000001,,0.29999999999999999,0
9.2000000000000011,60.673570439592282,63.291768359640706,-2.6181979200484236,2.6181979200484236,extendido,Euler,0.10000000000000001,,0.29999999999999999,0
9.3000000000000007,58.853363326404519,61.421213915000124,-2.5678505885956042,2.5678505885956042,extendido,Euler,0.10000000000000001,,0.29999999999999999,0
9.4000000000000004,57.087762426612393,59.605942708939367,-2.5181802823269734,2.5181802823269734,extendido,Euler,0.10000000000000001,,0.29999999999999999,0
9.5,55.375129553814027,57.844320874838459,-2.4691913210244323,2.4691913210244323,extendido,Euler,0.10000000000000001,,0.29999999999999999,0
9.6000000000000014,53.713875667199581,56.134762834133703,-2.4208871669341221,2.4208871669341221,extendido,Euler,0.10000000000000001,,0.29999999999999999,0
9.7000000000000011,52.102459397183601,54.475729869189863,-2.3732704720062614,2.3732704720062614,extendido,Euler,0.10000000000000001,,0.29999999999999999,0
9.8000000000000007,50.539385615268095,52.86572873835037,-2.3263431230822746,2.3263431230822746,extendido,Euler,0.10000000000000001,,0.29999999999999999,0
9.9000000000000004,49.023204046810058,51.303310331919107,-2.2801062851090492,2.2801062851090492,extendido,Euler,0.10000000000000001,,0.29999999999999999,0
10,47.552507925405763,49.787068367863945,-2.2345604424581822,2.2345604424581822,extendido,Euler,0.10000000000000001,,0.29999999999999999,0
10.100000000000001,46.125932687643569,48.315638126067768,-2.1897054384241983,2.1897054384241983,extendido,Euler,0.10000000000000001,,0.29999999999999999,0
10.200000000000001,44.742154707014265,46.887695219988487,-2.1455405129742218,2.1455405129742218,extendido,Euler,0.10000000000000001,,0.29999999999999999,0
10.300000000000001,43.399890065803845,45.50195440462155,-2.1020643388177049,2.1020643388177049,extendido,Euler,0.10000000000000001,,0.29999999999999999,0
10.4,42.097893363829733,44.157168419692859,-2.0592750558631252,2.0592750558631252,extendido,Euler,0.10000000000000001,,0.29999999999999999,0
10.5,40.834956562914847,42.852126867040184,-2.0171703041253366,2.0171703041253366,extendido,Euler,0.10000000000000001,,0.29999999999999999,0
10.600000000000001,39.609907866027385,41.585655121173161,-1.9757472551457766,1.9757472551457766,extendido,Euler,0.10000000000000001,,0.29999999999999999,0
10.700000000000001,38.421610630046565,40.356613272031133,-1.9350026419845676,1.9350026419845676,extendido,Euler,0.10000000000000001,,0.29999999999999999,0
10.800000000000001,37.268962311145174,39.163895098987062,-1.8949327878418885,1.8949327878418885,extendido,Euler,0.10000000000000001,,0.29999999999999999,0
10.9,36.150893441810823,38.006427075174315,-1.8555336333634926,1.8555336333634926,extendido,Euler,0.10000000000000001,,0.29999999999999999,0
11,35.066366638556502,36.883167401240016,-1.8168007626835134,1.8168007626835134,extendido,Euler,0.10000000000000001,,0.29999999999999999,0
11.100000000000001,34.014375639399795,35.793105067655283,-1.7787294282554882,1.7787294282554882,extendido,Euler,0.10000000000000001,,0.29999999999999999,0
11.200000000000001,32.993944370217804,34.735258944738547,-1.741314574520743,1.741314574520743,extendido,Euler,0.10000000000000001,,0.29999999999999999,0
11.300000000000001,32.00412603911127,33.708676899572396,-1.7045508604611257,1.7045508604611257,extendido,Euler,0.10000000000000001,,0.29999999999999999,0
11.4,31.044002257937937,32.712434939019822,-1.6684326810818852,1.6684326810818852,extendido,Euler,0.10000000000000001,,0.29999999999999999,0
11.5,30.112682190199802,31.745636378067953,-1.6329541878681511,1.6329541878681511,extendido,Euler,0.10000000000000001,,0.29999999999999999,0
11.600000000000001,29.209301724493795,30.807411032751062,-1.5981093082572677,1.5981093082572677,extendido,Euler,0.10000000000000001,,0.29999999999999999,0
11.700000000000001,28.333022672758982,29.896914436926309,-1.5638917641673267,1.5638917641673267,extendido,Euler,0.10000000000000001,,0.29999999999999999,0
11.800000000000001,27.483031992576215,29.013327082197055,-1.5302950896208394,1.5302950896208394,extendido,Euler,0.10000000000000001,,0.29999999999999999,0
11.9,26.658541032798933,28.155853680300105,-1.4973126475011718,1.4973126475011718,extendido,Euler,0.10000000000000001,,0.29999999999999999,0
12,25.858784801814966,27.323722447292567,-1.4649376454776011,1.4649376454776011,extendido,Euler,0.10000000000000001,,0.29999999999999999,0
12.100000000000001,25.083021257760507,26.516184408894169,-1.4331631511336624,1.4331631511336624,extendido,Euler,0.10000000000000001,,0.29999999999999999,0
12.200000000000001,24.330530620027695,25.732512726359939,-1.4019821063322446,1.4019821063322446,extendido,Euler,0.10000000000000001,,0.29999999999999999,0
12.300000000000001,23.600614701426867,24.972002042276156,-1.3713873408492887,1.3713873408492887,extendido,Euler,0.10000000000000001,,0.29999999999999999,0
12.4,22.892596260384064,24.233967845691122,-1.3413715853070585,1.3413715853070585,extendido,Euler,0.10000000000000001,,0.29999999999999999,0
12.5,22.205818372572544,23.517745856009107,-1.3119274834365626,1.3119274834365626,extendido,Euler,0.10000000000000001,,0.29999999999999999,0
12.600000000000001,21.539643821395359,22.82269142509297,-1.2830476036976108,1.2830476036976108,extendido,Euler,0.10000000000000001,,0.29999999999999999,0
12.700000000000001,20.8934545067535,22.148178957037317,-1.2547244502838169,1.2547244502838169,extendido,Euler,0.10000000000000001,,0.29999999999999999,0
12.800000000000001,20.266650871550898,21.493601345089925,-1.2269504735390271,1.2269504735390271,extendido,Euler,0.10000000000000001,,0.29999999999999999,0
12.9,19.658651345404373,20.858369425214718,-1.1997180798103457,1.1997180798103457,extendido,Euler,0.10000000000000001,,0.29999999999999999,0
13,19.068891805042245,20.241911445804391,-1.1730196407621456,1.1730196407621456,extendido,Euler,0.10000000000000001,,0.29999999999999999,0
13.100000000000001,18.496825050890969,19.643672553065294,-1.1468475021743245,1.1468475021743245,extendido,Euler,0.10000000000000001,,0.29999999999999999,0
13.200000000000001,17.941920299364241,19.063114291611637,-1.1211939922473952,1.1211939922473952,extendido,Euler,0.10000000000000001,,0.29999999999999999,0
13.300000000000001,17.403662690383317,18.499714119819242,-1.0960514294359243,1.0960514294359243,extendido,Euler,0.10000000000000001,,0.29999999999999999,0
13.4,16.88155280967182,17.952964939502866,-1.0714121298310459,1.0714121298310459,extendido,Euler,0.10000000000000001,,0.29999999999999999,0
13.5,16.375106225381668,17.422374639493516,-1.0472684141118478,1.0472684141118478,extendido,Euler,0.10000000000000001,,0.29999999999999999,0
13.600000000000001,15.883853038620211,16.90746565270528,-1.023612614085069,1.023612614085069,extendido,Euler,0.10000000000000001,,0.29999999999999999,0
13.700000000000001,15.407337447461607,16.407774526292645,-1.0004370788310375,1.0004370788310375,extendido,Euler,0.10000000000000001,,0.29999999999999999,0
13.800000000000001,14.94511732403776,15.922851504511698,-0.9777341804739379,0.9777341804739379,extendido,Euler,0.10000000000000001,,0.29999999999999999,0
13.9,14.496763804316629,15.452260123909515,-0.95549631959288561,0.95549631959288561,extendido,Euler,0.10000000000000001,,0.29999999999999999,0
14,14.061860890187132,14.995576820477703,-0.93371593029057109,0.93371593029057109,extendido,Euler,0.10000000000000001,,0.29999999999999999,0
14.100000000000001,13.640005063481512,14.552390548416124,-0.91238548493461202,0.91238548493461202,extendido,Euler,0.10000000000000001,,0.29999999999999999,0
14.200000000000001,13.230804911577069,14.122302410163961,-0.89149749858689198,0.89149749858689198,extendido,Euler,0.10000000000000001,,0.29999999999999999,0
14.300000000000001,12.833880764229757,13.704925297364944,-0.87104453313518704,0.87104453313518704,extendido,Euler,0.10000000000000001,,0.29999999999999999,0
14.4,12.448864341302865,13.299883542443768,-0.85101920114090213,0.85101920114090213,extendido,Euler,0.10000000000000001,,0.29999999999999999,0
14.5,12.07539841106378,12.906812580479873,-0.83141416941609236,0.83141416941609236,extendido,Euler,0.10000000000000001,,0.29999999999999999,0
14.600000000000001,11.713136458731862,12.525358621074385,-0.81222216234252365,0.81222216234252365,extendido,Euler,0.10000000000000001,,0.29999999999999999,0
14.700000000000001,11.361742364969908,12.155178329914936,-0.79343596494502755,0.79343596494502755,extendido,Euler,0.10000000000000001,,0.29999999999999999,0
14.800000000000001,11.020890094020812,11.795938519751562,-0.77504842573075017,0.77504842573075017,extendido,Euler,0.10000000000000001,,0.29999999999999999,0
14.9,10.690263391200189,11.44731585050571,-0.75705245930552145,0.75705245930552145,extendido,Euler,0.10000000000000001,,0.29999999999999999,0
15,10.369555489464185,11.108996538242305,-0.73944104877812045,0.73944104877812045,extendido,Euler,0.10000000000000001,,0.29999999999999999,0
15.100000000000001,10.058468824780254,10.780676072743084,-0.72220724796282987,0.72220724796282987,extendido,Euler,0.10000000000000001,,0.29999999999999999,0
15.200000000000001,9.7567147600368482,10.462058943426795,-0.70534418338994698,0.70534418338994698,extendido,Euler,0.10000000000000001,,0.29999999999999999,0
15.300000000000001,9.464013317235743,10.152858373369764,-0.68884505613402069,0.68884505613402069,extendido,Euler,0.10000000000000001,,0.29999999999999999,0
15.4,9.180092917718671,9.8527960611872576,-0.67270314346858662,0.67270314346858662,extendido,Euler,0.10000000000000001,,0.29999999999999999,0
15.5,8.9046901301871113,9.5616019305435138,-0.65691180035640251,0.65691180035640251,extendido,Euler,0.10000000000000001,,0.29999999999999999,0
15.600000000000001,8.6375494262814936,9.2790138870647354,-0.64146446078324182,0.64146446078324182,extendido,Euler,0.10000000000000001,,0.29999999999999999,0
15.700000000000001,8.3784229434930495,9.0047775824365601,-0.62635463894351062,0.62635463894351062,extendido,Euler,0.10000000000000001,,0.29999999999999999,0
15.800000000000001,8.1270702551882597,8.7386461854732911,-0.61157593028503143,0.61157593028503143,extendido,Euler,0.10000000000000001,,0.29999999999999999,0
15.9,7.8832581475326124,8.4803801599532687,-0.59712201242065621,0.59712201242065621,extendido,Euler,0.10000000000000001,,0.29999999999999999,0
16,7.6467604031066347,8.2297470490200304,-0.58298664591339566,0.58298664591339566,extendido,Euler,0.10000000000000001,,0.29999999999999999,0
16.100000000000001,7.4173575910134328,7.9865212659555027,-0.56916367494206987,0.56916367494206987,extendido,Euler,0.10000000000000001,,0.29999999999999999,0
16.199999999999999,7.1948368632830348,7.7504838911366987,-0.55564702785366382,0.55564702785366382,extendido,Euler,0.10000000000000001,,0.29999999999999999,0
16.300000000000001,6.9789917573845406,7.5214224749932699,-0.5424307176087293,0.5424307176087293,extendido,Euler,0.10000000000000001,,0.29999999999999999,0
16.400000000000002,6.7696220046630016,7.299130846788576,-0.52950884212557447,0.52950884212557447,extendido,Euler,0.10000000000000001,,0.29999999999999999,0
16.5,6.5665333445231155,7.0834089290521183,-0.51687558452900273,0.51687558452900273,extendido,Euler,0.10000000000000001,,0.29999999999999999,0
16.600000000000001,6.3695373441874192,6.8740625574962486,-0.50452521330882938,0.50452521330882938,extendido,Euler,0.10000000000000001,,0.29999999999999999,0
16.699999999999999,6.178451223861801,6.6709033062552745,-0.49245208239347349,0.49245208239347349,extendido,Euler,0.10000000000000001,,0.29999999999999999,0
16.800000000000001,5.9930976871459443,6.4737483182894051,-0.48065063114346085,0.48065063114346085,extendido,Euler,0.10000000000000001,,0.29999999999999999,0
16.900000000000002,5.8133047565315632,6.2824201408011175,-0.46911538426955435,0.46911538426955435,extendido,Euler,0.10000000000000001,,0.29999999999999999,0
17,5.6389056138356199,6.0967465655156383,-0.45784095168001837,0.45784095168001837,extendido,Euler,0.10000000000000001,,0.29999999999999999,0
17.100000000000001,5.4697384454205489,5.9165604736818569,-0.44682202826130801,0.44682202826130801,extendido,Euler,0.10000000000000001,,0.29999999999999999,0
17.199999999999999,5.3056462920579364,5.7416996856542077,-0.43605339359627138,0.43605339359627138,extendido,Euler,0.10000000000000001,,0.29999999999999999,0
17.300000000000001,5.1464769032961959,5.5720068149199928,-0.42552991162379694,0.42552991162379694,extendido,Euler,0.10000000000000001,,0.29999999999999999,0
17.400000000000002,4.9920825961973074,5.4073291264409544,-0.41524653024364699,0.41524653024364699,extendido,Euler,0.10000000000000001,,0.29999999999999999,0
17.5,4.8423201183113918,5.2475183991813843,-0.40519828086999254,0.40519828086999254,extendido,Euler,0.10000000000000001,,0.29999999999999999,0
17.600000000000001,4.697050514762048,5.0924307926991901,-0.39538027793714203,0.39538027793714203,extendido,Euler,0.10000000000000001,,0.29999999999999999,0
17.699999999999999,4.5561389993191899,4.9419267176798218,-0.38578771836063197,0.38578771836063197,extendido,Euler,0.10000000000000001,,0.29999999999999999,0
17.800000000000001,4.4194548293396121,4.7958707102964215,-0.37641588095680945,0.37641588095680945,extendido,Euler,0.10000000000000001,,0.29999999999999999,0
17.900000000000002,4.2868711844594216,4.6541313102832715,-0.36726012582384993,0.36726012582384993,extendido,Euler,0.10000000000000001,,0.29999999999999999,0
18,4.1582650489256414,4.51658094261267,-0.35831589368702854,0.35831589368702854,extendido,Euler,0.10000000000000001,,0.29999999999999999,0
18.100000000000001,4.03351709745787,4.3830958026687714,-0.3495787052109014,0.3495787052109014,extendido,Euler,0.10000000000000001,,0.29999999999999999,0
18.199999999999999,3.9125115845341365,4.2535557448151255,-0.34104416028098905,0.34104416028098905,extendido,Euler,0.10000000000000001,,0.29999999999999999,0
18.300000000000001,3.7951362369981108,4.1278441742554355,-0.33270793725732473,0.33270793725732473,extendido,Euler,0.10000000000000001,,0.29999999999999999,0
18.400000000000002,3.6812821498881658,4.0058479420904165,-0.32456579220225068,0.32456579220225068,extendido,Euler,0.10000000000000001,,0.29999999999999999,0
18.5,3.5708436853915231,3.8874572434761303,-0.31661355808460723,0.31661355808460723,extendido,Euler,0.10000000000000001,,0.29999999999999999,0
18.600000000000001,3.4637183748297757,3.7725655187922054,-0.30884714396242963,0.30884714396242963,extendido,Euler,0.10000000000000001,,0.29999999999999999,0
18.699999999999999,3.3598068235848846,3.6610693577310083,-0.30126253414612369,0.30126253414612369,extendido,Euler,0.10000000000000001,,0.29999999999999999,0
18.800000000000001,3.2590126188773367,3.552868406221362,-0.29385578734402529,0.29385578734402529,extendido,Euler,0.10000000000000001,,0.29999999999999999,0
18.900000000000002,3.1612422403110152,3.4478652761031237,-0.28662303579210846,0.28662303579210846,extendido,Euler,0.10000000000000001,,0.29999999999999999,0
19,3.0664049731016867,3.3459654574712721,-0.27956048436958536,0.27956048436958536,extendido,Euler,0.10000000000000001,,0.29999999999999999,0
19.100000000000001,2.9744128239086347,3.2470772336105864,-0.27266440970195172,0.27266440970195172,extendido,Euler,0.10000000000000001,,0.29999999999999999,0
19.200000000000003,2.8851804391913745,3.1511115984444382,-0.26593115925306376,0.26593115925306376,extendido,Euler,0.10000000000000001,,0.29999999999999999,0
19.300000000000001,2.7986250260156349,3.0579821764233071,-0.25935715040767215,0.25935715040767215,extendido,Euler,0.10000000000000001,,0.29999999999999999,0
19.400000000000002,2.7146662752351647,2.9676051447809439,-0.25293886954577927,0.25293886954577927,extendido,Euler,0.10000000000000001,,0.29999999999999999,0
19.5,2.6332262869781116,2.8798991580882429,-0.24667287111013136,0.24667287111013136,extendido,Euler,0.10000000000000001,,0.29999999999999999,0
19.600000000000001,2.554229498368767,2.7947852750368436,-0.24055577666807659,0.24055577666807659,extendido,Euler,0.10000000000000001,,0.29999999999999999,0
19.700000000000003,2.4776026134177029,2.712186887386641,-0.23458427396893811,0.23458427396893811,extendido,Euler,0.10000000000000001,,0.29999999999999999,0
19.800000000000001,2.4032745350151736,2.6320296510131982,-0.22875511599802456,0.22875511599802456,extendido,Euler,0.10000000000000001,,0.29999999999999999,0
19.900000000000002,2.3311762989647176,2.5542414189929961,-0.2230651200282785,0.2230651200282785,extendido,Euler,0.10000000000000001,,0.29999999999999999,0
20,2.2612410099957776,2.4787521766663585,-0.2175111666705809,0.2175111666705809,extendido,Euler,0.10000000000000001,,0.29999999999999999,0
0,1000,1000,0,0,extendido,Euler,0.10000000000000001,,0.29999999999999999,50
0.10000000000000001,975,975.37127795709011,-0.3712779570901148,0.3712779570901148,extendido,Euler,0.10000000000000001,,0.29999999999999999,50
0.20000000000000001,950.75,951.47044465354065,-0.72044465354065323,0.72044465354065323,extendido,Euler,0.10000000000000001,,0.29999999999999999,50
0.30000000000000004,927.22749999999996,928.27598772602346,-1.0484877260234953,1.0484877260234953,extendido,Euler,0.10000000000000001,,0.29999999999999999,50
0.40000000000000002,904.41067499999997,905.76703059763122,-1.35635559763125,1.35635559763125,extendido,Euler,0.10000000000000001,,0.29999999999999999,50
0.5,882.27835474999995,883.92331368754822,-1.6449589375482674,1.6449589375482674,extendido,Euler,0.10000000000000001,,0.29999999999999999,50
0.60000000000000009,860.81000410749994,862.7251761760599,-1.9151720685599685,1.9151720685599685,extendido,Euler,0.10000000000000001,,0.29999999999999999,50
0.70000000000000007,839.98570398427489,842.15353830848926,-2.1678343242143683,2.1678343242143683,extendido,Euler,0.10000000000000001,,0.29999999999999999,50
0.80000000000000004,819.78613286474661,822.18988422212783,-2.4037513573812248,2.4037513573812248,extendido,Euler,0.10000000000000001,,0.29999999999999999,50
0.90000000000000002,800.19254887880425,802.81624528071097,-2.6236964019067273,2.6236964019067273,extendido,Euler,0.10000000000000001,,0.29999999999999999,50
1,781.18677241244018,784.01518390143156,-2.8284114889913781,2.8284114889913781,extendido,Euler,0.10000000000000001,,0.29999999999999999,50
1.1000000000000001,762.75116924006693,765.76977785993836,-3.0186086198714293,3.0186086198714293,extendido,Euler,0.10000000000000001,,0.29999999999999999,50
1.2000000000000002,744.86863416286496,748.06360505919247,-3.1949708963275043,3.1949708963275043,extendido,Euler,0.10000000000000001,,0.29999999999999999,50
1.3,727.52257513797906,730.88072874847057,-3.3581536104915131,3.3581536104915131,extendido,Euler,0.10000000000000001,,0.29999999999999999,50
1.4000000000000001,710.69689788383971,714.20568317921402,-3.5087852953743095,3.5087852953743095,extendido,Euler,0.10000000000000001,,0.29999999999999999,50
1.5,694.37599094732457,698.02345968481109,-3.6474687374865198,3.6474687374865198,extendido,Euler,0.10000000000000001,,0.29999999999999999,50
1.6000000000000001,678.54471121890481,682.31949317178396,-3.7747819528791524,3.7747819528791524,extendido,Euler,0.10000000000000001,,0.29999999999999999,50
1.7000000000000002,663.18836988233761,667.0796490102216,-3.8912791278839904,3.8912791278839904,extendido,Euler,0.10000000000000001,,0.29999999999999999,50
1.8,648.29271878586746,652.29021031165803,-3.997491525790565,3.997491525790565,extendido,Euler,0.10000000000000001,,0.29999999999999999,50
1.9000000000000001,633.8439372222914,637.93786558294755,-4.0939283606561503,4.0939283606561503,extendido,Euler,0.10000000000000001,,0.29999999999999999,50
2,619.82861910562269,624.00969674502198,-4.181077639399291,4.181077639399291,extendido,Euler,0.10000000000000001,,0.29999999999999999,50
2.1000000000000001,606.23376053245397,610.49316750574758,-4.2594069732936077,4.2594069732936077,extendido,Euler,0.10000000000000001,,0.29999999999999999,50
2.2000000000000002,593.04674771648035,597.37611207641589,-4.3293643599355391,4.3293643599355391,extendido,Euler,0.10000000000000001,,0.29999999999999999,50
2.3000000000000003,580.25534528498588,584.64672422171293,-4.391378936727051,4.391378936727051,extendido,Euler,0.10000000000000001,,0.29999999999999999,50
2.4000000000000004,567.84768492643627,572.29354663330969,-4.4458617068734156,4.4458617068734156,extendido,Euler,0.10000000000000001,,0.29999999999999999,50
2.5,555.81225437864327,560.30546061751215,-4.4932062388688792,4.4932062388688792,extendido,Euler,0.10000000000000001,,0.29999999999999999,50
2.6000000000000001,544.13788674728391,548.67167608768625,-4.5337893404023362,4.5337893404023362,extendido,Euler,0.10000000000000001,,0.29999999999999999,50
2.7000000000000002,532.81375014486537,537.38172185245094,-4.5679717075855706,4.5679717075855706,extendido,Euler,0.10000000000000001,,0.29999999999999999,50
2.8000000000000003,521.82933764051938,526.42543619089975,-4.5960985503803613,4.5960985503803613,extendido,Euler,0.10000000000000001,,0.29999999999999999,50
2.9000000000000004,511.17445751130379,515.79295770636577,-4.6185001950619835,4.6185001950619835,extendido,Euler,0.10000000000000001,,0.29999999999999999,50
3,500.83922378596469,505.47471645049927,-4.6354926645345813,4.6354926645345813,extendido,Euler,0.10000000000000001,,0.29999999999999999,50
3.1000000000000001,490.81404707238573,495.46142530966762,-4.6473782372818846,4.6473782372818846,extendido,Euler,0.10000000000000001,,0.29999999999999999,50
3.2000000000000002,481.08962566021415,485.74407164592668,-4.6544459857125275,4.6544459857125275,extendido,Euler,0.10000000000000001,,0.29999999999999999,50
3.3000000000000003,471.65693689040774,476.31390918503809,-4.65697229463035,4.65697229463035,extendido,Euler,0.10000000000000001,,0.29999999999999999,50
3.4000000000000004,462.5072287836955,467.16245014423191,-4.6552213605364159,4.6552213605364159,extendido,Euler,0.10000000000000001,,0.29999999999999999,50
3.5,453.63201192018465,458.28145759262941,-4.6494456724447559,4.6494456724447559,extendido,Euler,0.10000000000000001,,0.29999999999999999,50
3.6000000000000001,445.0230515625791,449.66293803744924,-4.6398864748701385,4.6398864748701385,extendido,Euler,0.10000000000000001,,0.29999999999999999,50
3.7000000000000002,436.67236001570171,441.29913422932424,-4.6267742136225252,4.6267742136225252,extendido,Euler,0.10000000000000001,,0.29999999999999999,50
3.8000000000000003,428.57218921523065,433.18251818025317,-4.6103289650225179,4.6103289650225179,extendido,Euler,0.10000000000000001,,0.29999999999999999,50
3.9000000000000004,420.71502353877372,425.30578438790417,-4.5907608491304472,4.5907608491304472,extendido,Euler,0.10000000000000001,,0.29999999999999999,50
4,413.09357283261056,417.66184326016844,-4.5682704275578772,4.5682704275578772,extendido,Euler,0.10000000000000001,,0.29999999999999999,50
4.1000000000000005,405.70076564763218,410.24381473404947,-4.5430490864172839,4.5430490864172839,extendido,Euler,0.10000000000000001,,0.29999999999999999,50
4.2000000000000002,398.52974267820326,403.04502208314199,-4.5152794049387239,4.5152794049387239,extendido,Euler,0.10000000000000001,,0.29999999999999999,50
4.2999999999999998,391.5738503978572,396.058985908127,-4.4851355102697994,4.4851355102697994,extendido,Euler,0.10000000000000001,,0.29999999999999999,50
4.4000000000000004,384.82663488592146,389.27941830487532,-4.4527834189538567,4.4527834189538567,extendido,Euler,0.10000000000000001,,0.29999999999999999,50
4.5,378.28183583934384,382.70021720490968,-4.4183813655658355,4.4183813655658355,extendido,Euler,0.10000000000000001,,0.29999999999999999,50
4.6000000000000005,371.93338076416347,376.31546088313041,-4.3820801189669396,4.3820801189669396,extendido,Euler,0.10000000000000001,,0.29999999999999999,50
4.7000000000000002,365.77537934123859,370.11940262786425,-4.3440232866256565,4.3440232866256565,extendido,Euler,0.10000000000000001,,0.29999999999999999,50
4.8000000000000007,359.80211796100139,364.10646556843477,-4.3043476074333853,4.3043476074333853,extendido,Euler,0.10000000000000001,,0.29999999999999999,50
4.9000000000000004,354.00805442217137,358.27123765560322,-4.263183233431846,4.263183233431846,extendido,Euler,0.10000000000000001,,0.29999999999999999,50
5,348.38781278950626,352.60846679035819,-4.2206540008519369,4.2206540008519369,extendido,Euler,0.10000000000000001,,0.29999999999999999,50
5.1000000000000005,342.93617840582107,347.11305609667255,-4.1768776908514837,4.1768776908514837,extendido,Euler,0.10000000000000001,,0.29999999999999999,50
5.2000000000000002,337.64809305364645,341.7800593339706,-4.1319662803241499,4.1319662803241499,extendido,Euler,0.10000000000000001,,0.29999999999999999,50
5.3000000000000007,332.518650262037,336.60467644517786,-4.0860261831408593,4.0860261831408593,extendido,Euler,0.10000000000000001,,0.29999999999999999,50
5.4000000000000004,327.54309075417592,331.58224923634555,-4.0391584821696256,4.0391584821696256,extendido,Euler,0.10000000000000001,,0.29999999999999999,50
5.5,322.71679803155064,326.70825718396179,-3.9914591524111529,3.9914591524111529,extendido,Euler,0.10000000000000001,,0.29999999999999999,50
5.6000000000000005,318.03529409060411,321.97831336617492,-3.9430192755708049,3.9430192755708049,extendido,Euler,0.10000000000000001,,0.29999999999999999,50
5.7000000000000002,313.49423526788598,317.38816051426841,-3.8939252463824232,3.8939252463824232,extendido,Euler,0.10000000000000001,,0.29999999999999999,50
5.8000000000000007,309.08940820984935,312.9336671808307,-3.8442589709813433,3.8442589709813433,extendido,Euler,0.10000000000000001,,0.29999999999999999,50
5.9000000000000004,304.81672596355389,308.61082402117449,-3.7940980576206016,3.7940980576206016,extendido,Euler,0.10000000000000001,,0.29999999999999999,50
6,300.67222418464729,304.41574018465548,-3.7435160000081851,3.7435160000081851,extendido,Euler,0.10000000000000001,,0.29999999999999999,50
6.1000000000000005,296.65205745910782,300.34463981264395,-3.6925823535361246,3.6925823535361246,extendido,Euler,0.10000000000000001,,0.29999999999999999,50
6.2000000000000002,292.75249573533461,296.3938586399978,-3.6413629046631968,3.6413629046631968,extendido,Euler,0.10000000000000001,,0.29999999999999999,50
6.3000000000000007,288.96992086327452,292.5598406969757,-3.589919833701174,3.589919833701174,extendido,Euler,0.10000000000000001,,0.29999999999999999,50
6.4000000000000004,285.30082323737628,288.83913510862516,-3.5383118712488795,3.5383118712488795,extendido,Euler,0.10000000000000001,,0.29999999999999999,50
6.5,281.74179854025499,285.22839298876136,-3.4865944485063665,3.4865944485063665,extendido,Euler,0.10000000000000001,,0.29999999999999999,50
6.6000000000000005,278.28954458404735,281.72436442574406,-3.434819841696708,3.434819841696708,extendido,Euler,0.10000000000000001,,0.29999999999999999,50
6.7000000000000002,274.94085824652592,278.32389555733749,-3.3830373108115737,3.3830373108115737,extendido,Euler,0.10000000000000001,,0.29999999999999999,50
6.8000000000000007,271.69263249913013,275.02392573202161,-3.3312932328914826,3.3312932328914826,extendido,Euler,0.10000000000000001,,0.29999999999999999,50
6.9000000000000004,268.54185352415624,271.82148475419899,-3.279631230042753,3.279631230042753,extendido,Euler,0.10000000000000001,,0.29999999999999999,50
7,265.48559791843155,268.7136902108183,-3.2280922923867479,3.2280922923867479,extendido,Euler,0.10000000000000001,,0.29999999999999999,50
7.1000000000000005,262.52102998087861,265.69774487700806,-3.1767148961294538,3.1767148961294538,extendido,Euler,0.10000000000000001,,0.29999999999999999,50
7.2000000000000002,259.64539908145224,262.77093419838542,-3.1255351169331789,3.1255351169331789,extendido,Euler,0.10000000000000001,,0.29999999999999999,50
7.3000000000000007,256.85603710900864,259.93062384777409,-3.0745867387654471,3.0745867387654471,extendido,Euler,0.10000000000000001,,0.29999999999999999,50
7.4000000000000004,254.15035599573838,257.17425735413167,-3.0239013583932888,3.0239013583932888,extendido,Euler,0.10000000000000001,,0.29999999999999999,50
7.5,251.52584531586623,254.49935380155364,-2.9735084856874039,2.9735084856874039,extendido,Euler,0.10000000000000001,,0.29999999999999999,50
7.6000000000000005,248.98006995639022,251.90350559628121,-2.9234356398909824,2.9234356398909824,extendido,Euler,0.10000000000000001,,0.29999999999999999,50
7.7000000000000002,246.51066785769854,249.38437629970474,-2.8737084420062047,2.8737084420062047,extendido,Euler,0.10000000000000001,,0.29999999999999999,50
7.8000000000000007,244.11534782196756,246.93969852541085,-2.8243507034432866,2.8243507034432866,extendido,Euler,0.10000000000000001,,0.29999999999999999,50
7.9000000000000004,241.79188738730855,244.56727189838205,-2.7753845110734972,2.7753845110734972,extendido,Euler,0.10000000000000001,,0.29999999999999999,50
8,239.53813076568929,242.26496107451044,-2.7268303088211496,2.7268303088211496,extendido,Euler,0.10000000000000001,,0.29999999999999999,50
8.0999999999999996,237.35198684271862,240.03069381864384,-2.6787069759252233,2.6787069759252233,extendido,Euler,0.10000000000000001,,0.29999999999999999,50
8.2000000000000011,235.23142723743703,237.86245913943435,-2.6310319019973178,2.6310319019973178,extendido,Euler,0.10000000000000001,,0.29999999999999999,50
8.3000000000000007,233.17448442031392,235.75830547931056,-2.5838210589966479,2.5838210589966479,extendido,Euler,0.10000000000000001,,0.29999999999999999,50
8.4000000000000004,231.17924988770451,233.71633895794372,-2.5370890702392046,2.5370890702392046,extendido,Euler,0.10000000000000001,,0.29999999999999999,50
8.5,229.24387239107338,231.73472166762764,-2.4908492765542576,2.4908492765542576,extendido,Euler,0.10000000000000001,,0.29999999999999999,50
8.5999999999999996,227.36655621934119,229.81167001903793,-2.4451137996967418,2.4451137996967418,extendido,Euler,0.10000000000000001,,0.29999999999999999,50
8.7000000000000011,225.54555953276093,227.94545313588091,-2.3998936031199776,2.3998936031199776,extendido,Euler,0.10000000000000001,,0.29999999999999999,50
8.8000000000000007,223.77919274677811,226.13439129698838,-2.3551985502102752,2.3551985502102752,extendido,Euler,0.10000000000000001,,0.29999999999999999,50
8.9000000000000004,222.06581696437476,224.37685442445502,-2.3110374600802572,2.3110374600802572,extendido,Euler,0.10000000000000001,,0.29999999999999999,50
9,220.40384245544354,222.67126061645817,-2.267418161014632,2.267418161014632,extendido,Euler,0.10000000000000001,,0.29999999999999999,50
9.0999999999999996,218.79172718178023,221.0160747234396,-2.2243475416593697,2.2243475416593697,extendido,Euler,0.10000000000000001,,0.29999999999999999,50
9.2000000000000011,217.2279753663268,219.40980696636728,-2.181831600040482,2.181831600040482,extendido,Euler,0.10000000000000001,,0.29999999999999999,50
9.3000000000000007,215.711136105337,217.85101159583346,-2.1398754904964505,2.1398754904964505,extendido,Euler,0.10000000000000001,,0.29999999999999999,50
9.4000000000000004,214.23980202217689,216.33828559078282,-2.0984835686059284,2.0984835686059284,extendido,Euler,0.10000000000000001,,0.29999999999999999,50
9.5,212.81260796151159,214.87026739569873,-2.0576594341871441,2.0576594341871441,extendido,Euler,0.10000000000000001,,0.29999999999999999,50
9.6000000000000014,211.42822972266623,213.44563569511143,-2.0174059724452036,2.0174059724452036,extendido,Euler,0.10000000000000001,,0.29999999999999999,50
9.7000000000000011,210.08538283098625,212.06310822432491,-1.9777253933386589,1.9777253933386589,extendido,Euler,0.10000000000000001,,0.29999999999999999,50
9.8000000000000007,208.78282134605666,210.72144061529198,-1.9386192692353177,1.9386192692353177,extendido,Euler,0.10000000000000001,,0.29999999999999999,50
9.9000000000000004,207.51933670567496,209.41942527659927,-1.9000885709243107,1.9000885709243107,extendido,Euler,0.10000000000000001,,0.29999999999999999,50
10,206.29375660450472,208.15589030655332,-1.8621337020485953,1.8621337020485953,extendido,Euler,0.10000000000000001,,0.29999999999999999,50
10.100000000000001,205.10494390636956,206.92969843838983,-1.8247545320202789,1.8247545320202789,extendido,Euler,0.10000000000000001,,0.29999999999999999,50
10.200000000000001,203.95179558917846,205.73974601665708,-1.78795042747862,1.78795042747862,extendido,Euler,0.10000000000000001,,0.29999999999999999,50
10.300000000000001,202.8332417215031,204.5849620038513,-1.7517202823482023,1.7517202823482023,extendido,Euler,0.10000000000000001,,0.29999999999999999,50
10.4,201.74824446985801,203.46430701641074,-1.7160625465527346,1.7160625465527346,extendido,Euler,0.10000000000000001,,0.29999999999999999,50
10.5,200.69579713576226,202.37677238920017,-1.6809752534379072,1.6809752534379072,extendido,Euler,0.10000000000000001,,0.29999999999999999,50
10.600000000000001,199.67492322168937,201.32137926764432,-1.6464560459549489,1.6464560459549489,extendido,Euler,0.10000000000000001,,0.29999999999999999,50
10.700000000000001,198.6846755250387,200.29717772669261,-1.6125022016539106,1.6125022016539106,extendido,Euler,0.10000000000000001,,0.29999999999999999,50
10.800000000000001,197.72413525928755,199.30324591582257,-1.5791106565350219,1.5791106565350219,extendido,Euler,0.10000000000000001,,0.29999999999999999,50
10.9,196.79241120150894,198.33868922931194,-1.5462780278029982,1.5462780278029982,extendido,Euler,0.10000000000000001,,0.29999999999999999,50
11,195.88863886546366,197.40263950103338,-1.5140006355697153,1.5140006355697153,extendido,Euler,0.10000000000000001,,0.29999999999999999,50
11.100000000000001,195.01197969949973,196.49425422304608,-1.4822745235463515,1.4822745235463515,extendido,Euler,0.10000000000000001,,0.29999999999999999,50
11.200000000000001,194.16162030851476,195.61271578728213,-1.4510954787673711,1.4510954787673711,extendido,Euler,0.10000000000000001,,0.29999999999999999,50
11.300000000000001,193.33677169925932,194.75723074964367,-1.4204590503843519,1.4204590503843519,extendido,Euler,0.10000000000000001,,0.29999999999999999,50
11.4,192.53666854828154,193.92702911584988,-1.3903605675683366,1.3903605675683366,extendido,Euler,0.10000000000000001,,0.29999999999999999,50
11.5,191.76056849183308,193.12136364838997,-1.3607951565568897,1.3607951565568897,extendido,Euler,0.10000000000000001,,0.29999999999999999,50
11.600000000000001,191.00775143707807,192.33950919395923,-1.33175775688116,1.33175775688116,extendido,Euler,0.10000000000000001,,0.29999999999999999,50
11.700000000000001,190.27751889396572,191.58076203077195,-1.3032431368062305,1.3032431368062305,extendido,Euler,0.10000000000000001,,0.29999999999999999,50
11.800000000000001,189.56919332714676,190.84443923516423,-1.2752459080174674,1.2752459080174674,extendido,Euler,0.10000000000000001,,0.29999999999999999,50
11.9,188.88211752733235,190.12987806691677,-1.2477605395844193,1.2477605395844193,extendido,Euler,0.10000000000000001,,0.29999999999999999,50
12,188.21565400151238,189.43643537274383,-1.2207813712314532,1.2207813712314532,extendido,Euler,0.10000000000000001,,0.29999999999999999,50
12.100000000000001,187.56918438146698,188.76348700741181,-1.1943026259448288,1.1943026259448288,extendido,Euler,0.10000000000000001,,0.29999999999999999,50
12.200000000000001,186.94210885002298,188.11042727196664,-1.1683184219436669,1.1683184219436669,extendido,Euler,0.10000000000000001,,0.29999999999999999,50
12.300000000000001,186.33384558452229,187.47666836856348,-1.1428227840411864,1.1428227840411864,extendido,Euler,0.10000000000000001,,0.29999999999999999,50
12.4,185.74383021698662,186.8616398714093,-1.1178096544226719,1.1178096544226719,extendido,Euler,0.10000000000000001,,0.29999999999999999,50
12.5,185.17151531047702,186.26478821334095,-1.0932729028639301,1.0932729028639301,extendido,Euler,0.10000000000000001,,0.29999999999999999,50
12.600000000000001,184.61636985116269,185.68557618757748,-1.0692063364147941,1.0692063364147941,extendido,Euler,0.10000000000000001,,0.29999999999999999,50
12.700000000000001,184.07787875562781,185.12348246419776,-1.0456037085699563,1.0456037085699563,extendido,Euler,0.10000000000000001,,0.29999999999999999,50
12.800000000000001,183.55554239295898,184.57800112090828,-1.0224587279492994,1.0224587279492994,extendido,Euler,0.10000000000000001,,0.29999999999999999,50
12.9,183.04887612117022,184.04864118767895,-0.99976506650872921,0.99976506650872921,extendido,Euler,0.10000000000000001,,0.29999999999999999,50
13,182.55740983753512,183.53492620483701,-0.97751636730188807,0.97751636730188807,extendido,Euler,0.10000000000000001,,0.29999999999999999,50
13.100000000000001,182.08068754240907,183.03639379422108,-0.95570625181201763,0.95570625181201763,extendido,Euler,0.10000000000000001,,0.29999999999999999,50
13.200000000000001,181.6182669161368,182.5525952430097,-0.93432832687290102,0.93432832687290102,extendido,Euler,0.10000000000000001,,0.29999999999999999,50
13.300000000000001,181.1697189086527,182.08309509984937,-0.91337619119667579,0.91337619119667579,extendido,Euler,0.10000000000000001,,0.29999999999999999,50
13.4,180.73462734139312,181.62747078291906,-0.89284344152594031,0.89284344152594031,extendido,Euler,0.10000000000000001,,0.29999999999999999,50
13.5,180.31258852115133,181.18531219957794,-0.87272367842660969,0.87272367842660969,extendido,Euler,0.10000000000000001,,0.29999999999999999,50
13.600000000000001,179.90321086551677,180.75622137725441,-0.85301051173763653,0.85301051173763653,extendido,Euler,0.10000000000000001,,0.29999999999999999,50
13.700000000000001,179.50611453955128,180.33981210524388,-0.83369756569260289,0.83369756569260289,extendido,Euler,0.10000000000000001,,0.29999999999999999,50
13.800000000000001,179.12093110336474,179.9357095870931,-0.81477848372836092,0.81477848372836092,extendido,Euler,0.10000000000000001,,0.29999999999999999,50
13.9,178.74730317026379,179.54355010325796,-0.79624693299416549,0.79624693299416549,extendido,Euler,0.10000000000000001,,0.29999999999999999,50
14,178.38488407515587,179.16298068373143,-0.77809660857556651,0.77809660857556651,extendido,Euler,0.10000000000000001,,0.29999999999999999,50
14.100000000000001,178.03333755290117,178.7936587903468,-0.76032123744562341,0.76032123744562341,extendido,Euler,0.10000000000000001,,0.29999999999999999,50
14.200000000000001,177.69233742631414,178.43525200846997,-0.74291458215583361,0.74291458215583361,extendido,Euler,0.10000000000000001,,0.29999999999999999,50
14.300000000000001,177.36156730352471,178.08743774780413,-0.7258704442794226,0.7258704442794226,extendido,Euler,0.10000000000000001,,0.29999999999999999,50
14.4,177.04072028441897,177.74990295203648,-0.7091826676175117,0.7091826676175117,extendido,Euler,0.10000000000000001,,0.29999999999999999,50
14.5,176.72949867588639,177.42234381706658,-0.69284514118018592,0.69284514118018592,extendido,Euler,0.10000000000000001,,0.29999999999999999,50
14.600000000000001,176.42761371560979,177.10446551756201,-0.67685180195221051,0.67685180195221051,extendido,Euler,0.10000000000000001,,0.29999999999999999,50
14.700000000000001,176.1347853041415,176.79598194159578,-0.6611966374542817,0.6611966374542817,extendido,Euler,0.10000000000000001,,0.29999999999999999,50
14.800000000000001,175.85074174501725,176.49661543312632,-0.64587368810907719,0.64587368810907719,extendido,Euler,0.10000000000000001,,0.29999999999999999,50
14.9,175.57521949266672,176.20609654208812,-0.63087704942140022,0.63087704942140022,extendido,Euler,0.10000000000000001,,0.29999999999999999,50
15,175.30796290788672,175.9241637818686,-0.61620087398188161,0.61620087398188161,extendido,Euler,0.10000000000000001,,0.29999999999999999,50
15.100000000000001,175.04872402065013,175.65056339395258,-0.60183937330245385,0.60183937330245385,extendido,Euler,0.10000000000000001,,0.29999999999999999,50
15.200000000000001,174.79726230003064,175.38504911952234,-0.58778681949169709,0.58778681949169709,extendido,Euler,0.10000000000000001,,0.29999999999999999,50
15.300000000000001,174.55334443102973,175.12738197780814,-0.57403754677841334,0.57403754677841334,extendido,Euler,0.10000000000000001,,0.29999999999999999,50
15.4,174.31674409809884,174.8773300509894,-0.56058595289056257,0.56058595289056257,extendido,Euler,0.10000000000000001,,0.29999999999999999,50
15.5,174.08724177515586,174.63466827545295,-0.54742650029709239,0.54742650029709239,extendido,Euler,0.10000000000000001,,0.29999999999999999,50
15.600000000000001,173.86462452190119,174.39917823922062,-0.53455371731942591,0.53455371731942591,extendido,Euler,0.10000000000000001,,0.29999999999999999,50
15.700000000000001,173.64868578624416,174.17064798536381,-0.52196219911965613,0.52196219911965613,extendido,Euler,0.10000000000000001,,0.29999999999999999,50
15.800000000000001,173.43922521265682,173.94887182122775,-0.50964660857093236,0.50964660857093236,extendido,Euler,0.10000000000000001,,0.29999999999999999,50
15.9,173.23604845627713,173.73365013329442,-0.49760167701728619,0.49760167701728619,extendido,Euler,0.10000000000000001,,0.29999999999999999,50
16,173.03896700258881,173.5247892075167,-0.48582220492789929,0.48582220492789929,extendido,Euler,0.10000000000000001,,0.29999999999999999,50
16.100000000000001,172.84779799251115,173.32210105496293,-0.47430306245178144,0.47430306245178144,extendido,Euler,0.10000000000000001,,0.29999999999999999,50
16.199999999999999,172.66236405273582,173.12540324261394,-0.46303918987811699,0.46303918987811699,extendido,Euler,0.10000000000000001,,0.29999999999999999,50
16.300000000000001,172.48249313115375,172.93451872916108,-0.45202559800733866,0.45202559800733866,extendido,Euler,0.10000000000000001,,0.29999999999999999,50
16.400000000000002,172.30801833721912,172.74927570565717,-0.44125736843804475,0.44125736843804475,extendido,Euler,0.10000000000000001,,0.29999999999999999,50
16.5,172.13877778710255,172.56950744087678,-0.43072965377422179,0.43072965377422179,extendido,Euler,0.10000000000000001,,0.29999999999999999,50
16.600000000000001,171.97461445348947,172.3950521312469,-0.4204376777574339,0.4204376777574339,extendido,Euler,0.10000000000000001,,0.29999999999999999,50
16.699999999999999,171.81537601988478,172.22575275521274,-0.41037673532795793,0.41037673532795793,extendido,Euler,0.10000000000000001,,0.29999999999999999,50
16.800000000000001,171.66091473928824,172.06145693190786,-0.40054219261961066,0.40054219261961066,extendido,Euler,0.10000000000000001,,0.29999999999999999,50
16.900000000000002,171.51108729710958,171.90201678400095,-0.3909294868913662,0.3909294868913662,extendido,Euler,0.10000000000000001,,0.29999999999999999,50
17,171.36575467819631,171.74728880459639,-0.38153412640008355,0.38153412640008355,extendido,Euler,0.10000000000000001,,0.29999999999999999,50
17.100000000000001,171.22478203785042,171.59713372806823,-0.37235169021781189,0.37235169021781189,extendido,Euler,0.10000000000000001,,0.29999999999999999,50
17.199999999999999,171.08803857671492,171.45141640471186,-0.36337782799694196,0.36337782799694196,extendido,Euler,0.10000000000000001,,0.29999999999999999,50
17.300000000000001,170.95539741941349,171.31000567910002,-0.35460825968652898,0.35460825968652898,extendido,Euler,0.10000000000000001,,0.29999999999999999,50
17.400000000000002,170.82673549683108,171.17277427203416,-0.34603877520308401,0.34603877520308401,extendido,Euler,0.10000000000000001,,0.29999999999999999,50
17.5,170.70193343192614,171.0395986659845,-0.33766523405836324,0.33766523405836324,extendido,Euler,0.10000000000000001,,0.29999999999999999,50
17.600000000000001,170.58087542896834,170.91035899391602,-0.3294835649476795,0.3294835649476795,extendido,Euler,0.10000000000000001,,0.29999999999999999,50
17.699999999999999,170.46344916609928,170.78493893139986,-0.32148976530058349,0.32148976530058349,extendido,Euler,0.10000000000000001,,0.29999999999999999,50
17.800000000000001,170.3495456911163,170.66322559191372,-0.31367990079741048,0.31367990079741048,extendido,Euler,0.10000000000000001,,0.29999999999999999,50
17.900000000000002,170.23905932038281,170.54510942523609,-0.30605010485328421,0.30605010485328421,extendido,Euler,0.10000000000000001,,0.29999999999999999,50
18,170.13188754077132,170.43048411884391,-0.29859657807259055,0.29859657807259055,extendido,Euler,0.10000000000000001,,0.29999999999999999,50
18.100000000000001,170.02793091454816,170.31924650222399,-0.29131558767582533,0.29131558767582533,extendido,Euler,0.10000000000000001,,0.29999999999999999,50
18.199999999999999,169.92709298711173,170.21129645401263,-0.28420346690089104,0.28420346690089104,extendido,Euler,0.10000000000000001,,0.29999999999999999,50
18.300000000000001,169.82928019749838,170.10653681187955,-0.27725661438117299,0.27725661438117299,extendido,Euler,0.10000000000000001,,0.29999999999999999,50
18.400000000000002,169.73440179157342,170.00487328507538,-0.27047149350195809,0.27047149350195809,extendido,Euler,0.10000000000000001,,0.29999999999999999,50
18.5,169.64236973782621,169.90621436956346,-0.26384463173724271,0.26384463173724271,extendido,Euler,0.10000000000000001,,0.29999999999999999,50
18.600000000000001,169.55309864569142,169.8104712656602,-0.25737261996877692,0.25737261996877692,extendido,Euler,0.10000000000000001,,0.29999999999999999,50
18.699999999999999,169.46650568632069,169.7175577981092,-0.2510521117885105,0.2510521117885105,extendido,Euler,0.10000000000000001,,0.29999999999999999,50
18.800000000000001,169.38251051573107,169.62739033851781,-0.24487982278674281,0.24487982278674281,extendido,Euler,0.10000000000000001,,0.29999999999999999,50
18.900000000000002,169.30103520025915,169.53988773008595,-0.23885252982680072,0.23885252982680072,extendido,Euler,0.10000000000000001,,0.29999999999999999,50
19,169.22200414425137,169.45497121455941,-0.23296707030803532,0.23296707030803532,extendido,Euler,0.10000000000000001,,0.29999999999999999,50
19.100000000000001,169.14534401992384,169.37256436134217,-0.22722034141833092,0.22722034141833092,extendido,Euler,0.10000000000000001,,0.29999999999999999,50
19.200000000000003,169.07098369932612,169.29259299870373,-0.22160929937760443,0.22160929937760443,extendido,Euler,0.10000000000000001,,0.29999999999999999,50
19.300000000000001,168.99885418834634,169.21498514701943,-0.21613095867309084,0.21613095867309084,extendido,Euler,0.10000000000000001,,0.29999999999999999,50
19.400000000000002,168.92888856269596,169.13967095398414,-0.210782391288177,0.210782391288177,extendido,Euler,0.10000000000000001,,0.29999999999999999,50
19.5,168.86102190581508,169.06658263174023,-0.20556072592515306,0.20556072592515306,extendido,Euler,0.10000000000000001,,0.29999999999999999,50
19.600000000000001,168.79519124864063,168.99565439586405,-0.20046314722341663,0.20046314722341663,extendido,Euler,0.10000000000000001,,0.29999999999999999,50
19.700000000000003,168.73133551118141,168.92682240615557,-0.19548689497415239,0.19548689497415239,extendido,Euler,0.10000000000000001,,0.29999999999999999,50
19.800000000000001,168.66939544584596,168.86002470917768,-0.19062926333171504,0.19062926333171504,extendido,Euler,0.10000000000000001,,0.29999999999999999,50
19.900000000000002,168.60931358247058,168.79520118249417,-0.18588760002359095,0.18588760002359095,extendido,Euler,0.10000000000000001,,0.29999999999999999,50
20,168.55103417499646,168.73229348055531,-0.18125930555885361,0.18125930555885361,extendido,Euler,0.10000000000000001,,0.29999999999999999,50
0,1000,1000,0,0,extendido,Euler,0.10000000000000001,,0.29999999999999999,100
0.10000000000000001,980,980.29702236567209,-0.29702236567209184,0.29702236567209184,extendido,Euler,0.10000000000000001,,0.29999999999999999,100
0.20000000000000001,960.60000000000002,961.17635572283245,-0.57635572283243164,0.57635572283243164,extendido,Euler,0.10000000000000001,,0.29999999999999999,100
0.30000000000000004,941.78200000000004,942.62079018081874,-0.83879018081870527,0.83879018081870527,extendido,Euler,0.10000000000000001,,0.29999999999999999,100
0.40000000000000002,923.52854000000002,924.61362447810495,-1.0850844781049318,1.0850844781049318,extendido,Euler,0.10000000000000001,,0.29999999999999999,100
0.5,905.82268380000005,907.1386509500386,-1.3159671500385457,1.3159671500385457,extendido,Euler,0.10000000000000001,,0.29999999999999999,100
0.60000000000000009,888.64800328600006,890.18014094084799,-1.5321376548479293,1.5321376548479293,extendido,Euler,0.10000000000000001,,0.29999999999999999,100
0.70000000000000007,871.98856318742003,873.72283064679141,-1.7342674593713809,1.7342674593713809,extendido,Euler,0.10000000000000001,,0.29999999999999999,100
0.80000000000000004,855.82890629179747,857.75190737770231,-1.9230010859048434,1.9230010859048434,extendido,Euler,0.10000000000000001,,0.29999999999999999,100
0.90000000000000002,840.1540391030436,842.25299622456873,-2.0989571215251317,2.0989571215251317,extendido,Euler,0.10000000000000001,,0.29999999999999999,100
1,824.94941792995235,827.21214712114534,-2.2627291911929888,2.2627291911929888,extendido,Euler,0.10000000000000001,,0.29999999999999999,100
1.1000000000000001,810.20093539205379,812.61582228795078,-2.4148868958969842,2.4148868958969842,extendido,Euler,0.10000000000000001,,0.29999999999999999,100
1.2000000000000002,795.8949073302922,798.45088404735407,-2.555976717061867,2.555976717061867,extendido,Euler,0.10000000000000001,,0.29999999999999999,100
1.3,782.01806011038343,784.70458299877646,-2.6865228883930286,2.6865228883930286,extendido,Euler,0.10000000000000001,,0.29999999999999999,100
1.4000000000000001,768.55751830707186,771.36454654337126,-2.8070282362994021,2.8070282362994021,extendido,Euler,0.10000000000000001,,0.29999999999999999,100
1.5,755.5007927578597,758.41876774784896,-2.9179749899892613,2.9179749899892613,extendido,Euler,0.10000000000000001,,0.29999999999999999,100
1.6000000000000001,742.83576897512387,745.85559453742724,-3.0198255623033674,3.0198255623033674,extendido,Euler,0.10000000000000001,,0.29999999999999999,100
1.7000000000000002,730.55069590587016,733.66371920817733,-3.1130233023071696,3.1130233023071696,extendido,Euler,0.10000000000000001,,0.29999999999999999,100
1.8,718.63417502869402,721.83216824932651,-3.1979932206324975,3.1979932206324975,extendido,Euler,0.10000000000000001,,0.29999999999999999,100
1.9000000000000001,707.07514977783319,710.35029246635804,-3.275142688524852,3.275142688524852,extendido,Euler,0.10000000000000001,,0.29999999999999999,100
2,695.86289528449822,699.20775739601777,-3.3448621115195465,3.3448621115195465,extendido,Euler,0.10000000000000001,,0.29999999999999999,100
2.1000000000000001,684.98700842596327,688.3945340045982,-3.4075255786349317,3.4075255786349317,extendido,Euler,0.10000000000000001,,0.29999999999999999,100
2.2000000000000002,674.43739817318442,677.90088966113285,-3.4634914879484313,3.4634914879484313,extendido,Euler,0.10000000000000001,,0.29999999999999999,100
2.3000000000000003,664.20427622798888,667.71737937737032,-3.5131031493814362,3.5131031493814362,extendido,Euler,0.10000000000000001,,0.29999999999999999,100
2.4000000000000004,654.2781479411492,657.83483730664784,-3.5566893654986416,3.5566893654986416,extendido,Euler,0.10000000000000001,,0.29999999999999999,100
2.5,644.64980350291478,648.24436849400979,-3.5945649910950124,3.5945649910950124,extendido,Euler,0.10000000000000001,,0.29999999999999999,100
2.6000000000000001,635.31030939782738,638.937340870149,-3.6270314723216188,3.6270314723216188,extendido,Euler,0.10000000000000001,,0.29999999999999999,100
2.7000000000000002,626.25100011589257,629.90537748196084,-3.6543773660682746,3.6543773660682746,extendido,Euler,0.10000000000000001,,0.29999999999999999,100
2.8000000000000003,617.46347011241573,621.14034895271982,-3.6768788403040844,3.6768788403040844,extendido,Euler,0.10000000000000001,,0.29999999999999999,100
2.9000000000000004,608.93956600904323,612.63436616509262,-3.6948001560493822,3.6948001560493822,extendido,Euler,0.10000000000000001,,0.29999999999999999,100
3,600.67137902877198,604.37977316039951,-3.7083941316275286,3.7083941316275286,extendido,Euler,0.10000000000000001,,0.29999999999999999,100
3.1000000000000001,592.65123765790884,596.36914024773409,-3.7179025898252576,3.7179025898252576,extendido,Euler,0.10000000000000001,,0.29999999999999999,100
3.2000000000000002,584.87170052817157,588.59525731674137,-3.7235567885697947,3.7235567885697947,extendido,Euler,0.10000000000000001,,0.29999999999999999,100
3.3000000000000003,577.32554951232646,581.05112734803049,-3.7255778357040299,3.7255778357040299,extendido,Euler,0.10000000000000001,,0.29999999999999999,100
3.4000000000000004,570.00578302695669,573.72996011538555,-3.7241770884288599,3.7241770884288599,extendido,Euler,0.10000000000000001,,0.29999999999999999,100
3.5,562.90560953614806,566.62516607410362,-3.7195565379555546,3.7195565379555546,extendido,Euler,0.10000000000000001,,0.29999999999999999,100
3.6000000000000001,556.01844125006357,559.73035042995946,-3.7119091798958834,3.7119091798958834,extendido,Euler,0.10000000000000001,,0.29999999999999999,100
3.7000000000000002,549.33788801256162,553.03930738345935,-3.7014193708977245,3.7014193708977245,extendido,Euler,0.10000000000000001,,0.29999999999999999,100
3.8000000000000003,542.85775137218479,546.54601454420254,-3.6882631720177415,3.6882631720177415,extendido,Euler,0.10000000000000001,,0.29999999999999999,100
3.9000000000000004,536.57201883101925,540.24462751032331,-3.6726086793040622,3.6726086793040622,extendido,Euler,0.10000000000000001,,0.29999999999999999,100
4,530.47485826608875,534.12947460813484,-3.6546163420460971,3.6546163420460971,extendido,Euler,0.10000000000000001,,0.29999999999999999,100
4.1000000000000005,524.56061251810604,528.19505178723966,-3.6344392691336225,3.6344392691336225,extendido,Euler,0.10000000000000001,,0.29999999999999999,100
4.2000000000000002,518.82379414256286,522.43601766651364,-3.6122235239507745,3.6122235239507745,extendido,Euler,0.10000000000000001,,0.29999999999999999,100
4.2999999999999998,513.25908031828601,516.8471887265016,-3.5881084082155894,3.5881084082155894,extendido,Euler,0.10000000000000001,,0.29999999999999999,100
4.4000000000000004,507.86130790873739,511.42353464390021,-3.5622267351628238,3.5622267351628238,extendido,Euler,0.10000000000000001,,0.29999999999999999,100
4.5,502.62546867147529,506.16017376392773,-3.534705092452441,3.534705092452441,extendido,Euler,0.10000000000000001,,0.29999999999999999,100
4.6000000000000005,497.54670461133099,501.05236870650435,-3.5056640951733584,3.5056640951733584,extendido,Euler,0.10000000000000001,,0.29999999999999999,100
4.7000000000000002,492.62030347299111,496.0955221022914,-3.4752186293002865,3.4752186293002865,extendido,Euler,0.10000000000000001,,0.29999999999999999,100
4.8000000000000007,487.84169436880137,491.28517245474779,-3.443478085946424,3.443478085946424,extendido,Euler,0.10000000000000001,,0.29999999999999999,100
4.9000000000000004,483.20644353773736,486.61699012448258,-3.4105465867452267,3.4105465867452267,extendido,Euler,0.10000000000000001,,0.29999999999999999,100
5,478.71025023160524,482.08677343228658,-3.3765232006813335,3.3765232006813335,extendido,Euler,0.10000000000000001,,0.29999999999999999,100
5.1000000000000005,474.34894272465704,477.69044487733811,-3.3415021526810733,3.3415021526810733,extendido,Euler,0.10000000000000001,,0.29999999999999999,100
5.2000000000000002,470.11847444291732,473.42404746717648,-3.3055730242591608,3.3055730242591608,extendido,Euler,0.10000000000000001,,0.29999999999999999,100
5.3000000000000007,466.01492020962979,469.2837411561423,-3.2688209465125055,3.2688209465125055,extendido,Euler,0.10000000000000001,,0.29999999999999999,100
5.4000000000000004,462.03447260334093,465.26579938907651,-3.2313267857355754,3.2313267857355754,extendido,Euler,0.10000000000000001,,0.29999999999999999,100
5.5,458.1734384252407,461.36660574716944,-3.1931673219287404,3.1931673219287404,extendido,Euler,0.10000000000000001,,0.29999999999999999,100
5.6000000000000005,454.42823527248345,457.58265069293998,-3.1544154204565302,3.1544154204565302,extendido,Euler,0.10000000000000001,,0.29999999999999999,100
5.7000000000000002,450.79538821430896,453.91052841141476,-3.1151401971058021,3.1151401971058021,extendido,Euler,0.10000000000000001,,0.29999999999999999,100
5.8000000000000007,447.27152656787968,450.34693374466457,-3.0754071767848927,3.0754071767848927,extendido,Euler,0.10000000000000001,,0.29999999999999999,100
5.9000000000000004,443.85338077084327,446.88865921693963,-3.0352784460963562,3.0352784460963562,extendido,Euler,0.10000000000000001,,0.29999999999999999,100
6,440.53777934771801,443.53259214772442,-2.9948128000064003,2.9948128000064003,extendido,Euler,0.10000000000000001,,0.29999999999999999,100
6.1000000000000005,437.32164596728649,440.27571185011516,-2.9540658828286723,2.9540658828286723,extendido,Euler,0.10000000000000001,,0.29999999999999999,100
6.2000000000000002,434.20199658826789,437.11508691199822,-2.9130903237303301,2.9130903237303301,extendido,Euler,0.10000000000000001,,0.29999999999999999,100
6.3000000000000007,431.17593669061984,434.0478725575806,-2.8719358669607686,2.8719358669607686,extendido,Euler,0.10000000000000001,,0.29999999999999999,100
6.4000000000000004,428.24065858990127,431.0713080869001,-2.8306494969988307,2.8306494969988307,extendido,Euler,0.10000000000000001,,0.29999999999999999,100
6.5,425.39343883220425,428.18271439100909,-2.7892755588048317,2.7892755588048317,extendido,Euler,0.10000000000000001,,0.29999999999999999,100
6.6000000000000005,422.63163566723813,425.37949154059527,-2.747855873357139,2.747855873357139,extendido,Euler,0.10000000000000001,,0.29999999999999999,100
6.7000000000000002,419.95268659722097,422.65911644587004,-2.7064298486490657,2.7064298486490657,extendido,Euler,0.10000000000000001,,0.29999999999999999,100
6.8000000000000007,417.35410599930435,420.01914058561732,-2.6650345863129701,2.6650345863129701,extendido,Euler,0.10000000000000001,,0.29999999999999999,100
6.9000000000000004,414.83348281932524,417.4571878033592,-2.6237049840339637,2.6237049840339637,extendido,Euler,0.10000000000000001,,0.29999999999999999,100
7,412.38847833474551,414.97095216865466,-2.5824738339091482,2.5824738339091482,extendido,Euler,0.10000000000000001,,0.29999999999999999,100
7.1000000000000005,410.01682398470314,412.5581959016065,-2.5413719169033584,2.5413719169033584,extendido,Euler,0.10000000000000001,,0.29999999999999999,100
7.2000000000000002,407.71631926516204,410.2167473587084,-2.5004280935463612,2.5004280935463612,extendido,Euler,0.10000000000000001,,0.29999999999999999,100
7.3000000000000007,405.4848296872072,407.94449907821928,-2.4596693910120848,2.4596693910120848,extendido,Euler,0.10000000000000001,,0.29999999999999999,100
7.4000000000000004,403.32028479659101,405.73940588330532,-2.4191210867143127,2.4191210867143127,extendido,Euler,0.10000000000000001,,0.29999999999999999,100
7.5,401.22067625269329,403.59948304124293,-2.3788067885496389,2.3788067885496389,extendido,Euler,0.10000000000000001,,0.29999999999999999,100
7.6000000000000005,399.18405596511246,401.52280447702498,-2.3387485119125131,2.3387485119125131,extendido,Euler,0.10000000000000001,,0.29999999999999999,100
7.7000000000000002,397.20853428615908,399.50750103976384,-2.2989667536047591,2.2989667536047591,extendido,Euler,0.10000000000000001,,0.29999999999999999,100
7.8000000000000007,395.29227825757431,397.5517588203287,-2.2594805627543906,2.2594805627543906,extendido,Euler,0.10000000000000001,,0.29999999999999999,100
7.9000000000000004,393.43350990984709,395.65381751870569,-2.2203076088586045,2.2203076088586045,extendido,Euler,0.10000000000000001,,0.29999999999999999,100
8,391.6305046125517,393.81196885960838,-2.181464247056681,2.181464247056681,extendido,Euler,0.10000000000000001,,0.29999999999999999,100
8.0999999999999996,389.88158947417514,392.02455505491508,-2.1429655807399399,2.1429655807399399,extendido,Euler,0.10000000000000001,,0.29999999999999999,100
8.2000000000000011,388.18514178994985,390.28996731154751,-2.104825521597661,2.104825521597661,extendido,Euler,0.10000000000000001,,0.29999999999999999,100
8.3000000000000007,386.53958753625136,388.6066443834485,-2.0670568471971364,2.0670568471971364,extendido,Euler,0.10000000000000001,,0.29999999999999999,100
8.4000000000000004,384.94339991016381,386.973071166355,-2.0296712561911932,2.0296712561911932,extendido,Euler,0.10000000000000001,,0.29999999999999999,100
8.5,383.39509791285889,385.38777733410217,-1.992679421243281,1.992679421243281,extendido,Euler,0.10000000000000001,,0.29999999999999999,100
8.5999999999999996,381.89324497547312,383.84933601523039,-1.9560910397572684,1.9560910397572684,extendido,Euler,0.10000000000000001,,0.29999999999999999,100
8.7000000000000011,380.43644762620892,382.35636250870476,-1.9199148824958456,1.9199148824958456,extendido,Euler,0.10000000000000001,,0.29999999999999999,100
8.8000000000000007,379.02335419742263,380.90751303759072,-1.8841588401680838,1.8841588401680838,extendido,Euler,0.10000000000000001,,0.29999999999999999,100
8.9000000000000004,377.65265357149997,379.50148353956405,-1.8488299680640807,1.8488299680640807,extendido,Euler,0.10000000000000001,,0.29999999999999999,100
9,376.32307396435499,378.13700849316655,-1.8139345288115578,1.8139345288115578,extendido,Euler,0.10000000000000001,,0.29999999999999999,100
9.0999999999999996,375.03338174542432,376.81285977875172,-1.7794780333273934,1.7794780333273934,extendido,Euler,0.10000000000000001,,0.29999999999999999,100
9.2000000000000011,373.78238029306158,375.52784557309383,-1.7454652800322492,1.7454652800322492,extendido,Euler,0.10000000000000001,,0.29999999999999999,100
9.3000000000000007,372.56890888426972,374.28080927666679,-1.7119003923970695,1.7119003923970695,extendido,Euler,0.10000000000000001,,0.29999999999999999,100
9.4000000000000004,371.39184161774165,373.07062847262625,-1.6787868548846063,1.6787868548846063,extendido,Euler,0.10000000000000001,,0.29999999999999999,100
9.5,370.25008636920938,371.89621391655902,-1.6461275473496357,1.6461275473496357,extendido,Euler,0.10000000000000001,,0.29999999999999999,100
9.6000000000000014,369.14258377813309,370.75650855608916,-1.6139247779560719,1.6139247779560719,extendido,Euler,0.10000000000000001,,0.29999999999999999,100
9.7000000000000011,368.0683062647891,369.65048657945994,-1.5821803146708362,1.5821803146708362,extendido,Euler,0.10000000000000001,,0.29999999999999999,100
9.8000000000000007,367.02625707684541,368.57715249223361,-1.5508954153881973,1.5508954153881973,extendido,Euler,0.10000000000000001,,0.29999999999999999,100
9.9000000000000004,366.01546936454002,367.53554022127946,-1.5200708567394372,1.5200708567394372,extendido,Euler,0.10000000000000001,,0.29999999999999999,100
10,365.03500528360382,366.52471224524265,-1.4897069616388308,1.4897069616388308,extendido,Euler,0.10000000000000001,,0.29999999999999999,100
10.100000000000001,364.08395512509571,365.5437587507119,-1.459803625616189,1.459803625616189,extendido,Euler,0.10000000000000001,,0.29999999999999999,100
10.200000000000001,363.16143647134282,364.59179681332569,-1.4303603419828619,1.4303603419828619,extendido,Euler,0.10000000000000001,,0.29999999999999999,100
10.300000000000001,362.26659337720253,363.66796960308108,-1.4013762258785505,1.4013762258785505,extendido,Euler,0.10000000000000001,,0.29999999999999999,100
10.4,361.39859557588647,362.77144561312861,-1.3728500372421308,1.3728500372421308,extendido,Euler,0.10000000000000001,,0.29999999999999999,100
10.5,360.55663770860991,361.90141791136017,-1.3447802027502576,1.3447802027502576,extendido,Euler,0.10000000000000001,,0.29999999999999999,100
10.600000000000001,359.73993857735161,361.05710341411549,-1.3171648367638795,1.3171648367638795,extendido,Euler,0.10000000000000001,,0.29999999999999999,100
10.700000000000001,358.94774042003104,360.23774218135412,-1.290001761323083,1.290001761323083,extendido,Euler,0.10000000000000001,,0.29999999999999999,100
10.800000000000001,358.1793082074301,359.4425967326581,-1.2632885252280062,1.2632885252280062,extendido,Euler,0.10000000000000001,,0.29999999999999999,100
10.9,357.43392896120719,358.67095138344956,-1.2370224222423758,1.2370224222423758,extendido,Euler,0.10000000000000001,,0.29999999999999999,100
11,356.71091109237096,357.92211160082672,-1.2112005084557609,1.2112005084557609,extendido,Euler,0.10000000000000001,,0.29999999999999999,100
11.100000000000001,356.00958375959982,357.19540337843688,-1.1858196188370584,1.1858196188370584,extendido,Euler,0.10000000000000001,,0.29999999999999999,100
11.200000000000001,355.32929624681185,356.49017262982574,-1.1608763830138855,1.1608763830138855,extendido,Euler,0.10000000000000001,,0.29999999999999999,100
11.300000000000001,354.66941735940748,355.80578459971497,-1.1363672403074929,1.1363672403074929,extendido,Euler,0.10000000000000001,,0.29999999999999999,100
11.4,354.02933483862523,355.14162329267992,-1.112288454054692,1.112288454054692,extendido,Euler,0.10000000000000001,,0.29999999999999999,100
11.5,353.40845479346649,354.49709091871199,-1.0886361252455004,1.0886361252455004,extendido,Euler,0.10000000000000001,,0.29999999999999999,100
11.600000000000001,352.80620114966251,353.87160735516738,-1.0654062055048712,1.0654062055048712,extendido,Euler,0.10000000000000001,,0.29999999999999999,100
11.700000000000001,352.22201511517267,353.26460962461755,-1.0425945094448821,1.0425945094448821,extendido,Euler,0.10000000000000001,,0.29999999999999999,100
11.800000000000001,351.65535466171747,352.6755513881314,-1.0201967264139284,1.0201967264139284,extendido,Euler,0.10000000000000001,,0.29999999999999999,100
11.9,351.10569402186593,352.10390245353346,-0.99820843166753548,0.99820843166753548,extendido,Euler,0.10000000000000001,,0.29999999999999999,100
12,350.57252320120995,351.54914829819506,-0.97662509698511712,0.97662509698511712,extendido,Euler,0.10000000000000001,,0.29999999999999999,100
12.100000000000001,350.05534750517364,351.01078960592946,-0.95544210075581759,0.95544210075581759,extendido,Euler,0.10000000000000001,,0.29999999999999999,100
12.200000000000001,349.55368708001845,350.48834181757331,-0.93465473755486528,0.93465473755486528,extendido,Euler,0.10000000000000001,,0.29999999999999999,100
12.300000000000001,349.06707646761788,349.98133469485083,-0.91425822723294914,0.91425822723294914,extendido,Euler,0.10000000000000001,,0.29999999999999999,100
12.4,348.59506417358932,349.48931189712744,-0.89424772353811477,0.89424772353811477,extendido,Euler,0.10000000000000001,,0.29999999999999999,100
12.5,348.13721224838167,349.01183057067277,-0.87461832229109859,0.87461832229109859,extendido,Euler,0.10000000000000001,,0.29999999999999999,100
12.600000000000001,347.69309588093023,348.54846095006201,-0.85536506913177845,0.85536506913177845,extendido,Euler,0.10000000000000001,,0.29999999999999999,100
12.700000000000001,347.26230300450231,348.09878597135827,-0.83648296685595369,0.83648296685595369,extendido,Euler,0.10000000000000001,,0.29999999999999999,100
12.800000000000001,346.84443391436724,347.66240089672664,-0.81796698235939402,0.81796698235939402,extendido,Euler,0.10000000000000001,,0.29999999999999999,100
12.9,346.43910089693622,347.23891295014317,-0.79981205320694926,0.79981205320694926,extendido,Euler,0.10000000000000001,,0.29999999999999999,100
13,346.04592787002815,346.82794096386965,-0.78201309384149909,0.78201309384149909,extendido,Euler,0.10000000000000001,,0.29999999999999999,100
13.100000000000001,345.6645500339273,346.42911503537692,-0.76456500144962547,0.76456500144962547,extendido,Euler,0.10000000000000001,,0.29999999999999999,100
13.200000000000001,345.29461353290947,346.0420761944078,-0.74746266149833218,0.74746266149833218,extendido,Euler,0.10000000000000001,,0.29999999999999999,100
13.300000000000001,344.93577512692218,345.66647607987954,-0.73070095295736337,0.73070095295736337,extendido,Euler,0.10000000000000001,,0.29999999999999999,100
13.4,344.5877018731145,345.30197662633526,-0.71427475322076361,0.71427475322076361,extendido,Euler,0.10000000000000001,,0.29999999999999999,100
13.5,344.25007081692104,344.94824975966236,-0.69817894274132186,0.69817894274132186,extendido,Euler,0.10000000000000001,,0.29999999999999999,100
13.600000000000001,343.92256869241339,344.60497710180357,-0.68240840939017744,0.68240840939017744,extendido,Euler,0.10000000000000001,,0.29999999999999999,100
13.700000000000001,343.60489163164101,344.27184968419516,-0.66695805255415053,0.66695805255415053,extendido,Euler,0.10000000000000001,,0.29999999999999999,100
13.800000000000001,343.29674488269177,343.9485676696745,-0.65182278698273421,0.65182278698273421,extendido,Euler,0.10000000000000001,,0.29999999999999999,100
13.9,342.99784253621101,343.63484008260639,-0.63699754639537787,0.63699754639537787,extendido,Euler,0.10000000000000001,,0.29999999999999999,100
14,342.70790726012467,343.33038454698516,-0.62247728686048731,0.62247728686048731,extendido,Euler,0.10000000000000001,,0.29999999999999999,100
14.100000000000001,342.42667004232095,343.03492703227744,-0.60825698995648736,0.60825698995648736,extendido,Euler,0.10000000000000001,,0.29999999999999999,100
14.200000000000001,342.15386994105131,342.74820160677604,-0.59433166572472373,0.59433166572472373,extendido,Euler,0.10000000000000001,,0.29999999999999999,100
14.300000000000001,341.88925384281976,342.46995019824334,-0.58069635542358355,0.58069635542358355,extendido,Euler,0.10000000000000001,,0.29999999999999999,100
14.4,341.63257622753514,342.19992236162921,-0.5673461340940662,0.5673461340940662,extendido,Euler,0.10000000000000001,,0.29999999999999999,100
14.5,341.38359894070908,341.93787505365327,-0.55427611294419421,0.55427611294419421,extendido,Euler,0.10000000000000001,,0.29999999999999999,100
14.600000000000001,341.14209097248778,341.68357241404965,-0.54148144156187072,0.54148144156187072,extendido,Euler,0.10000000000000001,,0.29999999999999999,100
14.700000000000001,340.90782824331313,341.43678555327665,-0.52895730996351631,0.52895730996351631,extendido,Euler,0.10000000000000001,,0.29999999999999999,100
14.800000000000001,340.68059339601376,341.19729234650106,-0.51669895048729586,0.51669895048729586,extendido,Euler,0.10000000000000001,,0.29999999999999999,100
14.9,340.46017559413337,340.96487723367051,-0.50470163953713154,0.50470163953713154,extendido,Euler,0.10000000000000001,,0.29999999999999999,100
15,340.24637032630937,340.73933102549489,-0.49296069918551666,0.49296069918551666,extendido,Euler,0.10000000000000001,,0.29999999999999999,100
15.100000000000001,340.03897921652009,340.5204507151621,-0.48147149864200856,0.48147149864200856,extendido,Euler,0.10000000000000001,,0.29999999999999999,100
15.200000000000001,339.83780984002448,340.3080392956179,-0.47022945559342588,0.47022945559342588,extendido,Euler,0.10000000000000001,,0.29999999999999999,100
15.300000000000001,339.64267554482376,340.10190558224656,-0.45923003742279889,0.45923003742279889,extendido,Euler,0.10000000000000001,,0.29999999999999999,100
15.4,339.45339527847904,339.90186404079157,-0.44846876231252963,0.44846876231252963,extendido,Euler,0.10000000000000001,,0.29999999999999999,100
15.5,339.26979342012464,339.70773462036237,-0.43794120023773075,0.43794120023773075,extendido,Euler,0.10000000000000001,,0.29999999999999999,100
15.600000000000001,339.09169961752087,339.51934259137653,-0.42764297385565442,0.42764297385565442,extendido,Euler,0.10000000000000001,,0.29999999999999999,100
15.700000000000001,338.91894862899522,339.3365183882911,-0.4175697592958727,0.4175697592958727,extendido,Euler,0.10000000000000001,,0.29999999999999999,100
15.800000000000001,338.75138017012534,339.15909745698224,-0.40771728685689368,0.40771728685689368,extendido,Euler,0.10000000000000001,,0.29999999999999999,100
15.9,338.58883876502159,338.98692010663552,-0.39808134161393127,0.39808134161393127,extendido,Euler,0.10000000000000001,,0.29999999999999999,100
16,338.43117360207094,338.81983136601337,-0.38865776394243312,0.38865776394243312,extendido,Euler,0.10000000000000001,,0.29999999999999999,100
16.100000000000001,338.27823839400884,338.65768084397035,-0.3794424499615161,0.3794424499615161,extendido,Euler,0.10000000000000001,,0.29999999999999999,100
16.199999999999999,338.12989124218859,338.50032259409119,-0.37043135190259591,0.37043135190259591,extendido,Euler,0.10000000000000001,,0.29999999999999999,100
16.300000000000001,337.98599450492293,338.34761498332887,-0.36162047840593914,0.36162047840593914,extendido,Euler,0.10000000000000001,,0.29999999999999999,100
16.400000000000002,337.84641466977524,338.19942056452578,-0.35300589475053812,0.35300589475053812,extendido,Euler,0.10000000000000001,,0.29999999999999999,100
16.5,337.71102222968199,338.05560595270146,-0.34458372301946838,0.34458372301946838,extendido,Euler,0.10000000000000001,,0.29999999999999999,100
16.600000000000001,337.57969156279154,337.91604170499755,-0.33635014220601533,0.33635014220601533,extendido,Euler,0.10000000000000001,,0.29999999999999999,100
16.699999999999999,337.45230081590779,337.78060220417024,-0.32830138826244593,0.32830138826244593,extendido,Euler,0.10000000000000001,,0.29999999999999999,100
16.800000000000001,337.32873179143053,337.64916554552633,-0.32043375409580221,0.32043375409580221,extendido,Euler,0.10000000000000001,,0.29999999999999999,100
16.900000000000002,337.20886983768759,337.5216134272008,-0.31274358951321801,0.31274358951321801,extendido,Euler,0.10000000000000001,,0.29999999999999999,100
17,337.09260374255695,337.39783104367712,-0.30522730112016916,0.30522730112016916,extendido,Euler,0.10000000000000001,,0.29999999999999999,100
17.100000000000001,336.97982563028023,337.27770698245462,-0.29788135217438594,0.29788135217438594,extendido,Euler,0.10000000000000001,,0.29999999999999999,100
17.199999999999999,336.8704308613718,337.1611331237695,-0.29070226239770136,0.29070226239770136,extendido,Euler,0.10000000000000001,,0.29999999999999999,100
17.300000000000001,336.76431793553064,337.04800454328006,-0.28368660774941645,0.28368660774941645,extendido,Euler,0.10000000000000001,,0.29999999999999999,100
17.400000000000002,336.66138839746475,336.93821941762735,-0.27683102016260364,0.27683102016260364,extendido,Euler,0.10000000000000001,,0.29999999999999999,100
17.5,336.5615467455408,336.83167893278761,-0.27013218724681565,0.27013218724681565,extendido,Euler,0.10000000000000001,,0.29999999999999999,100
17.600000000000001,336.46470034317457,336.72828719513285,-0.26358685195828002,0.26358685195828002,extendido,Euler,0.10000000000000001,,0.29999999999999999,100
17.699999999999999,336.37075933287935,336.62795114511994,-0.25719181224059184,0.25719181224059184,extendido,Euler,0.10000000000000001,,0.29999999999999999,100
17.800000000000001,336.27963655289295,336.53058047353096,-0.25094392063800797,0.25094392063800797,extendido,Euler,0.10000000000000001,,0.29999999999999999,100
17.900000000000002,336.19124745630614,336.43608754018891,-0.24484008388276379,0.24484008388276379,extendido,Euler,0.10000000000000001,,0.29999999999999999,100
18,336.10551003261696,336.34438729507514,-0.23887726245817476,0.23887726245817476,extendido,Euler,0.10000000000000001,,0.29999999999999999,100
18.100000000000001,336.02234473163844,336.2553972017792,-0.23305247014076258,0.23305247014076258,extendido,Euler,0.10000000000000001,,0.29999999999999999,100
18.199999999999999,335.9416743896893,336.16903716321013,-0.22736277352083789,0.22736277352083789,extendido,Euler,0.10000000000000001,,0.29999999999999999,100
18.300000000000001,335.86342415799862,336.08522944950369,-0.22180529150506345,0.22180529150506345,extendido,Euler,0.10000000000000001,,0.29999999999999999,100
18.400000000000002,335.78752143325869,336.00389862806031,-0.21637719480162332,0.21637719480162332,extendido,Euler,0.10000000000000001,,0.29999999999999999,100
18.5,335.71389579026095,335.92497149565077,-0.2110757053898169,0.2110757053898169,extendido,Euler,0.10000000000000001,,0.29999999999999999,100
18.600000000000001,335.6424789165531,335.84837701252815,-0.20589809597504427,0.20589809597504427,extendido,Euler,0.10000000000000001,,0.29999999999999999,100
18.699999999999999,335.57320454905653,335.77404623848736,-0.20084168943083114,0.20084168943083114,extendido,Euler,0.10000000000000001,,0.29999999999999999,100
18.800000000000001,335.50600841258483,335.70191227081426,-0.19590385822942835,0.19590385822942835,extendido,Euler,0.10000000000000001,,0.29999999999999999,100
18.900000000000002,335.44082816020727,335.63191018406877,-0.19108202386149742,0.19108202386149742,extendido,Euler,0.10000000000000001,,0.29999999999999999,100
19,335.37760331540107,335.56397697164755,-0.18637365624647373,0.18637365624647373,extendido,Euler,0.10000000000000001,,0.29999999999999999,100
19.100000000000001,335.31627521593902,335.49805148907376,-0.18177627313474432,0.18177627313474432,extendido,Euler,0.10000000000000001,,0.29999999999999999,100
19.200000000000003,335.25678695946084,335.43407439896299,-0.17728743950215176,0.17728743950215176,extendido,Euler,0.10000000000000001,,0.29999999999999999,100
19.300000000000001,335.19908335067703,335.37198811761556,-0.17290476693852952,0.17290476693852952,extendido,Euler,0.10000000000000001,,0.29999999999999999,100
19.400000000000002,335.14311085015675,335.31173676318735,-0.16862591303060981,0.16862591303060981,extendido,Euler,0.10000000000000001,,0.29999999999999999,100
19.5,335.08881752465203,335.25326610539219,-0.16444858074015656,0.16444858074015656,extendido,Euler,0.10000000000000001,,0.29999999999999999,100
19.600000000000001,335.03615299891248,335.19652351669129,-0.16037051777880151,0.16037051777880151,extendido,Euler,0.10000000000000001,,0.29999999999999999,100
19.700000000000003,334.9850684089451,335.14145792492445,-0.15638951597935602,0.15638951597935602,extendido,Euler,0.10000000000000001,,0.29999999999999999,100
19.800000000000001,334.93551635667677,335.08801976734219,-0.1525034106654175,0.1525034106654175,extendido,Euler,0.10000000000000001,,0.29999999999999999,100
19.900000000000002,334.88745086597646,335.03616094599539,-0.1487100800189296,0.1487100800189296,extendido,Euler,0.10000000000000001,,0.29999999999999999,100
20,334.84082733999719,334.98583478444425,-0.14500744444706015,0.14500744444706015,extendido,Euler,0.10000000000000001,,0.29999999999999999,100
0,1000,1000,0,0,extendido,Euler,0.10000000000000001,,0.29999999999999999,200
0.10000000000000001,990,990.14851118283605,-0.14851118283604592,0.14851118283604592,extendido,Euler,0.10000000000000001,,0.29999999999999999,200
0.20000000000000001,980.29999999999995,980.58817786141617,-0.28817786141621582,0.28817786141621582,extendido,Euler,0.10000000000000001,,0.29999999999999999,200
0.30000000000000004,970.89099999999996,971.31039509040943,-0.41939509040946632,0.41939509040946632,extendido,Euler,0.10000000000000001,,0.29999999999999999,200
0.40000000000000002,961.76427000000001,962.30681223905253,-0.54254223905252275,0.54254223905252275,extendido,Euler,0.10000000000000001,,0.29999999999999999,200
0.5,952.91134190000002,953.56932547501924,-0.657983575019216,0.657983575019216,extendido,Euler,0.10000000000000001,,0.29999999999999999,200
0.60000000000000009,944.32400164299997,945.09007047042405,-0.76606882742407834,0.76606882742407834,extendido,Euler,0.10000000000000001,,0.29999999999999999,200
0.70000000000000007,935.99428159370996,936.8614153233957,-0.86713372968574731,0.86713372968574731,extendido,Euler,0.10000000000000001,,0.29999999999999999,200
0.80000000000000004,927.91445314589862,928.87595368885115,-0.9615005429525354,0.9615005429525354,extendido,Euler,0.10000000000000001,,0.29999999999999999,200
0.90000000000000002,920.07701955152163,921.12649811228437,-1.0494785607627364,1.0494785607627364,extendido,Euler,0.10000000000000001,,0.29999999999999999,200
1,912.474708964976,913.60607356057267,-1.1313645955966649,1.1313645955966649,extendido,Euler,0.10000000000000001,,0.29999999999999999,200
1.1000000000000001,905.10046769602673,906.30791114397539,-1.2074434479486627,1.2074434479486627,extendido,Euler,0.10000000000000001,,0.29999999999999999,200
1.2000000000000002,897.94745366514587,899.22544202367703,-1.2779883585311609,1.2779883585311609,extendido,Euler,0.10000000000000001,,0.29999999999999999,200
1.3,891.00903005519149,892.35229149938823,-1.3432614441967416,1.3432614441967416,extendido,Euler,0.10000000000000001,,0.29999999999999999,200
1.4000000000000001,884.2787591535357,885.68227327168563,-1.4035141181499284,1.4035141181499284,extendido,Euler,0.10000000000000001,,0.29999999999999999,200
1.5,877.75039637892962,879.20938387392448,-1.458987494994858,1.458987494994858,extendido,Euler,0.10000000000000001,,0.29999999999999999,200
1.6000000000000001,871.41788448756176,872.92779726871368,-1.5099127811519111,1.5099127811519111,extendido,Euler,0.10000000000000001,,0.29999999999999999,200
1.7000000000000002,865.27534795293491,866.83185960408866,-1.5565116511537553,1.5565116511537553,extendido,Euler,0.10000000000000001,,0.29999999999999999,200
1.8,859.31708751434689,860.91608412466326,-1.5989966103163624,1.5989966103163624,extendido,Euler,0.10000000000000001,,0.29999999999999999,200
1.9000000000000001,853.53757488891654,855.17514623317902,-1.6375713442624829,1.6375713442624829,extendido,Euler,0.10000000000000001,,0.29999999999999999,200
2,847.93144764224905,849.60387869800888,-1.6724310557598301,1.6724310557598301,extendido,Euler,0.10000000000000001,,0.29999999999999999,200
2.1000000000000001,842.49350421298163,844.1972670022991,-1.7037627893174658,1.7037627893174658,extendido,Euler,0.10000000000000001,,0.29999999999999999,200
2.2000000000000002,837.21869908659221,838.95044483056643,-1.7317457439742157,1.7317457439742157,extendido,Euler,0.10000000000000001,,0.29999999999999999,200
2.3000000000000003,832.10213811399444,833.85868968868522,-1.7565515746907749,1.7565515746907749,extendido,Euler,0.10000000000000001,,0.29999999999999999,200
2.4000000000000004,827.1390739705746,828.91741865332392,-1.7783446827493208,1.7783446827493208,extendido,Euler,0.10000000000000001,,0.29999999999999999,200
2.5,822.32490175145733,824.12218424700495,-1.7972824955476199,1.7972824955476199,extendido,Euler,0.10000000000000001,,0.29999999999999999,200
2.6000000000000001,817.65515469891363,819.4686704350745,-1.8135157361608663,1.8135157361608663,extendido,Euler,0.10000000000000001,,0.29999999999999999,200
2.7000000000000002,813.12550005794617,814.95268874098042,-1.827188683034251,1.827188683034251,extendido,Euler,0.10000000000000001,,0.29999999999999999,200
2.8000000000000003,808.73173505620775,810.57017447635997,-1.8384394201522127,1.8384394201522127,extendido,Euler,0.10000000000000001,,0.29999999999999999,200
2.9000000000000004,804.46978300452156,806.31718308254631,-1.8474000780247479,1.8474000780247479,extendido,Euler,0.10000000000000001,,0.29999999999999999,200
3,800.33568951438588,802.18988658019975,-1.854197065813878,1.854197065813878,extendido,Euler,0.10000000000000001,,0.29999999999999999,200
3.1000000000000001,796.32561882895425,798.18457012386716,-1.858951294912913,1.858951294912913,extendido,Euler,0.10000000000000001,,0.29999999999999999,200
3.2000000000000002,792.43585026408562,794.29762865837074,-1.8617783942851247,1.8617783942851247,extendido,Euler,0.10000000000000001,,0.29999999999999999,200
3.3000000000000003,788.662774756163,790.5255636740153,-1.8627889178522992,1.8627889178522992,extendido,Euler,0.10000000000000001,,0.29999999999999999,200
3.4000000000000004,785.00289151347806,786.86498005769283,-1.862088544214771,1.862088544214771,extendido,Euler,0.10000000000000001,,0.29999999999999999,200
3.5,781.45280476807375,783.31258303705181,-1.8597782689780615,1.8597782689780615,extendido,Euler,0.10000000000000001,,0.29999999999999999,200
3.6000000000000001,778.0092206250315,779.86517521497979,-1.8559545899482828,1.8559545899482828,extendido,Euler,0.10000000000000001,,0.29999999999999999,200
3.7000000000000002,774.66894400628053,776.51965369172979,-1.8507096854492602,1.8507096854492602,extendido,Euler,0.10000000000000001,,0.29999999999999999,200
3.8000000000000003,771.42887568609206,773.27300727210127,-1.8441315860092118,1.8441315860092118,extendido,Euler,0.10000000000000001,,0.29999999999999999,200
3.9000000000000004,768.28600941550928,770.12231375516171,-1.836304339652429,1.836304339652429,extendido,Euler,0.10000000000000001,,0.29999999999999999,200
4,765.23742913304397,767.06473730406742,-1.8273081710234464,1.8273081710234464,extendido,Euler,0.10000000000000001,,0.29999999999999999,200
4.1000000000000005,762.28030625905262,764.09752589361983,-1.8172196345672091,1.8172196345672091,extendido,Euler,0.10000000000000001,,0.29999999999999999,200
4.2000000000000002,759.41189707128103,761.21800883325682,-1.8061117619757852,1.8061117619757852,extendido,Euler,0.10000000000000001,,0.29999999999999999,200
4.2999999999999998,756.62954015914261,758.42359436325091,-1.7940542041083063,1.7940542041083063,extendido,Euler,0.10000000000000001,,0.29999999999999999,200
4.4000000000000004,753.93065395436827,755.71176732195022,-1.7811133675819519,1.7811133675819519,extendido,Euler,0.10000000000000001,,0.29999999999999999,200
4.5,751.31273433573722,753.08008688196389,-1.7673525462266753,1.7673525462266753,extendido,Euler,0.10000000000000001,,0.29999999999999999,200
4.6000000000000005,748.77335230566507,750.52618435325223,-1.7528320475871624,1.7528320475871624,extendido,Euler,0.10000000000000001,,0.29999999999999999,200
4.7000000000000002,746.31015173649519,748.0477610511457,-1.7376093146505127,1.7376093146505127,extendido,Euler,0.10000000000000001,,0.29999999999999999,200
4.8000000000000007,743.92084718440037,745.64258622737395,-1.7217390429735815,1.7217390429735815,extendido,Euler,0.10000000000000001,,0.29999999999999999,200
4.9000000000000004,741.60322176886837,743.30849506224138,-1.7052732933730113,1.7052732933730113,extendido,Euler,0.10000000000000001,,0.29999999999999999,200
5,739.35512511580237,741.04338671614335,-1.6882616003409794,1.6882616003409794,extendido,Euler,0.10000000000000001,,0.29999999999999999,200
5.1000000000000005,737.17447136232829,738.84522243866911,-1.6707510763408209,1.6707510763408209,extendido,Euler,0.10000000000000001,,0.29999999999999999,200
5.2000000000000002,735.05923722145849,736.71202373358824,-1.6527865121297509,1.6527865121297509,extendido,Euler,0.10000000000000001,,0.29999999999999999,200
5.3000000000000007,733.00746010481475,734.64187057807123,-1.6344104732564801,1.6344104732564801,extendido,Euler,0.10000000000000001,,0.29999999999999999,200
5.4000000000000004,731.01723630167032,732.63289969453831,-1.6156633928679867,1.6156633928679867,extendido,Euler,0.10000000000000001,,0.29999999999999999,200
5.5,729.08671921262021,730.68330287358481,-1.5965836609645976,1.5965836609645976,extendido,Euler,0.10000000000000001,,0.29999999999999999,200
5.6000000000000005,727.21411763624155,728.7913253464701,-1.5772077102285493,1.5772077102285493,extendido,Euler,0.10000000000000001,,0.29999999999999999,200
5.7000000000000002,725.39769410715428,726.95526420570741,-1.5575700985531284,1.5575700985531284,extendido,Euler,0.10000000000000001,,0.29999999999999999,200
5.8000000000000007,723.6357632839397,725.17346687233237,-1.5377035883926737,1.5377035883926737,extendido,Euler,0.10000000000000001,,0.29999999999999999,200
5.9000000000000004,721.92669038542147,723.44432960846984,-1.5176392230483771,1.5176392230483771,extendido,Euler,0.10000000000000001,,0.29999999999999999,200
6,720.26888967385878,721.76629607386224,-1.4974064000034559,1.4974064000034559,extendido,Euler,0.10000000000000001,,0.29999999999999999,200
6.1000000000000005,718.66082298364302,720.13785592505769,-1.4770329414146772,1.4770329414146772,extendido,Euler,0.10000000000000001,,0.29999999999999999,200
6.2000000000000002,717.10099829413377,718.55754345599917,-1.4565451618653924,1.4565451618653924,extendido,Euler,0.10000000000000001,,0.29999999999999999,200
6.3000000000000007,715.58796834530972,717.0239362787903,-1.4359679334805833,1.4359679334805833,extendido,Euler,0.10000000000000001,,0.29999999999999999,200
6.4000000000000004,714.12032929495047,715.53565404345011,-1.4153247484996427,1.4153247484996427,extendido,Euler,0.10000000000000001,,0.29999999999999999,200
6.5,712.69671941610193,714.09135719550454,-1.3946377794026148,1.3946377794026148,extendido,Euler,0.10000000000000001,,0.29999999999999999,200
6.6000000000000005,711.31581783361889,712.68974577029769,-1.3739279366787969,1.3739279366787969,extendido,Euler,0.10000000000000001,,0.29999999999999999,200
6.7000000000000002,709.97634329861035,711.32955822293502,-1.3532149243246749,1.3532149243246749,extendido,Euler,0.10000000000000001,,0.29999999999999999,200
6.8000000000000007,708.67705299965201,710.00957029280869,-1.332517293156684,1.332517293156684,extendido,Euler,0.10000000000000001,,0.29999999999999999,200
6.9000000000000004,707.41674140966245,708.72859390167969,-1.3118524920172376,1.3118524920172376,extendido,Euler,0.10000000000000001,,0.29999999999999999,200
7,706.19423916737253,707.48547608432739,-1.2912369169548583,1.2912369169548583,extendido,Euler,0.10000000000000001,,0.29999999999999999,200
7.1000000000000005,705.0084119923514,706.27909795080325,-1.2706859584518497,1.2706859584518497,extendido,Euler,0.10000000000000001,,0.29999999999999999,200
7.2000000000000002,703.85815963258085,705.10837367935426,-1.250214046773408,1.250214046773408,extendido,Euler,0.10000000000000001,,0.29999999999999999,200
7.3000000000000007,702.74241484360346,703.97224953910973,-1.2298346955062698,1.2298346955062698,extendido,Euler,0.10000000000000001,,0.29999999999999999,200
7.4000000000000004,701.66014239829531,702.86970294165269,-1.2095605433573837,1.2095605433573837,extendido,Euler,0.10000000000000001,,0.29999999999999999,200
7.5,700.61033812634651,701.79974152062152,-1.1894033942750184,1.1894033942750184,extendido,Euler,0.10000000000000001,,0.29999999999999999,200
7.6000000000000005,699.59202798255615,700.76140223851257,-1.1693742559564271,1.1693742559564271,extendido,Euler,0.10000000000000001,,0.29999999999999999,200
7.7000000000000002,698.60426714307948,699.75375051988192,-1.1494833768024364,1.1494833768024364,extendido,Euler,0.10000000000000001,,0.29999999999999999,200
7.8000000000000007,697.64613912878713,698.77587941016441,-1.1297402813772806,1.1297402813772806,extendido,Euler,0.10000000000000001,,0.29999999999999999,200
7.9000000000000004,696.71675495492354,697.82690875935293,-1.1101538044293875,1.1101538044293875,extendido,Euler,0.10000000000000001,,0.29999999999999999,200
8,695.81525230627585,696.90598442980422,-1.0907321235283689,1.0907321235283689,extendido,Euler,0.10000000000000001,,0.29999999999999999,200
8.0999999999999996,694.94079473708757,696.01227752745763,-1.0714827903700552,1.0714827903700552,extendido,Euler,0.10000000000000001,,0.29999999999999999,200
8.2000000000000011,694.09257089497498,695.14498365577379,-1.0524127607988021,1.0524127607988021,extendido,Euler,0.10000000000000001,,0.29999999999999999,200
8.3000000000000007,693.26979376812574,694.30332219172431,-1.0335284235985682,1.0335284235985682,extendido,Euler,0.10000000000000001,,0.29999999999999999,200
8.4000000000000004,692.47169995508193,693.48653558317756,-1.014835628095625,1.014835628095625,extendido,Euler,0.10000000000000001,,0.29999999999999999,200
8.5,691.6975489564295,692.69388866705117,-0.99633971062166893,0.99633971062166893,extendido,Euler,0.10000000000000001,,0.29999999999999999,200
8.5999999999999996,690.94662248773659,691.9246680076152,-0.97804551987860577,0.97804551987860577,extendido,Euler,0.10000000000000001,,0.29999999999999999,200
8.7000000000000011,690.21822381310449,691.17818125435247,-0.95995744124797966,0.95995744124797966,extendido,Euler,0.10000000000000001,,0.29999999999999999,200
8.8000000000000007,689.5116770987114,690.45375651879544,-0.94207942008404189,0.94207942008404189,extendido,Euler,0.10000000000000001,,0.29999999999999999,200
8.9000000000000004,688.8263267857501,689.75074176978205,-0.9244149840319551,0.9244149840319551,extendido,Euler,0.10000000000000001,,0.29999999999999999,200
9,688.16153698217761,689.0685042465833,-0.90696726440569364,0.90696726440569364,extendido,Euler,0.10000000000000001,,0.29999999999999999,200
9.0999999999999996,687.51669087271227,688.40642988937589,-0.88973901666361144,0.88973901666361144,extendido,Euler,0.10000000000000001,,0.29999999999999999,200
9.2000000000000011,686.8911901465309,687.76392278654703,-0.87273264001612461,0.87273264001612461,extendido,Euler,0.10000000000000001,,0.29999999999999999,200
9.3000000000000007,686.28445444213503,687.14040463833339,-0.85595019619836421,0.85595019619836421,extendido,Euler,0.10000000000000001,,0.29999999999999999,200
9.4000000000000004,685.69592080887094,686.53531423631318,-0.83939342744224632,0.83939342744224632,extendido,Euler,0.10000000000000001,,0.29999999999999999,200
9.5,685.12504318460481,685.9481069582796,-0.82306377367478945,0.82306377367478945,extendido,Euler,0.10000000000000001,,0.29999999999999999,200
9.6000000000000014,684.57129188906663,685.37825427804466,-0.80696238897803596,0.80696238897803596,extendido,Euler,0.10000000000000001,,0.29999999999999999,200
9.7000000000000011,684.03415313239464,684.82524328973,-0.79109015733536125,0.79109015733536125,extendido,Euler,0.10000000000000001,,0.29999999999999999,200
9.8000000000000007,683.51312853842285,684.28857624611692,-0.77544770769407023,0.77544770769407023,extendido,Euler,0.10000000000000001,,0.29999999999999999,200
9.9000000000000004,683.00773468227021,683.76777011063973,-0.76003542836951965,0.76003542836951965,extendido,Euler,0.10000000000000001,,0.29999999999999999,200
10,682.51750264180214,683.26235612262144,-0.74485348081930169,0.74485348081930169,extendido,Euler,0.10000000000000001,,0.29999999999999999,200
10.100000000000001,682.04197756254803,682.77187937535598,-0.72990181280795241,0.72990181280795241,extendido,Euler,0.10000000000000001,,0.29999999999999999,200
10.200000000000001,681.58071823567161,682.2958984066629,-0.71518017099128883,0.71518017099128883,extendido,Euler,0.10000000000000001,,0.29999999999999999,200
10.300000000000001,681.13329668860149,681.83398480154062,-0.70068811293913313,0.70068811293913313,extendido,Euler,0.10000000000000001,,0.29999999999999999,200
10.4,680.69929778794346,681.38572280656433,-0.68642501862086647,0.68642501862086647,extendido,Euler,0.10000000000000001,,0.29999999999999999,200
10.5,680.27831885430521,680.95070895568017,-0.67239010137495825,0.67239010137495825,extendido,Euler,0.10000000000000001,,0.29999999999999999,200
10.600000000000001,679.86996928867609,680.52855170705777,-0.65858241838168396,0.65858241838168396,extendido,Euler,0.10000000000000001,,0.29999999999999999,200
10.700000000000001,679.47387021001578,680.11887109067709,-0.64500088066131411,0.64500088066131411,extendido,Euler,0.10000000000000001,,0.29999999999999999,200
10.800000000000001,679.08965410371525,679.72129836632905,-0.63164426261380413,0.63164426261380413,extendido,Euler,0.10000000000000001,,0.29999999999999999,200
10.9,678.71696448060379,679.33547569172481,-0.61851121112101737,0.61851121112101737,extendido,Euler,0.10000000000000001,,0.29999999999999999,200
11,678.35545554618568,678.96105580041342,-0.60560025422773833,0.60560025422773833,extendido,Euler,0.10000000000000001,,0.29999999999999999,200
11.100000000000001,678.00479187980011,678.59770168921852,-0.59290980941841553,0.59290980941841553,extendido,Euler,0.10000000000000001,,0.29999999999999999,200
11.200000000000001,677.6646481234061,678.2450863149129,-0.58043819150680065,0.58043819150680065,extendido,Euler,0.10000000000000001,,0.29999999999999999,200
11.300000000000001,677.33470867970391,677.90289229985751,-0.56818362015360435,0.56818362015360435,extendido,Euler,0.10000000000000001,,0.29999999999999999,200
11.4,677.01466741931279,677.57081164633996,-0.55614422702717548,0.55614422702717548,extendido,Euler,0.10000000000000001,,0.29999999999999999,200
11.5,676.70422739673336,677.24854545935602,-0.54431806262266491,0.54431806262266491,extendido,Euler,0.10000000000000001,,0.29999999999999999,200
11.600000000000001,676.40310057483134,676.93580367758375,-0.53270310275240718,0.53270310275240718,extendido,Euler,0.10000000000000001,,0.29999999999999999,200
11.700000000000001,676.11100755758639,676.6323048123088,-0.52129725472241262,0.52129725472241262,extendido,Euler,0.10000000000000001,,0.29999999999999999,200
11.800000000000001,675.82767733085882,676.33777569406573,-0.51009836320690738,0.51009836320690738,extendido,Euler,0.10000000000000001,,0.29999999999999999,200
11.9,675.55284701093308,676.05195122676673,-0.49910421583365405,0.49910421583365405,extendido,Euler,0.10000000000000001,,0.29999999999999999,200
12,675.28626160060514,675.77457414909759,-0.48831254849244488,0.48831254849244488,extendido,Euler,0.10000000000000001,,0.29999999999999999,200
12.100000000000001,675.02767375258702,675.50539480296482,-0.47772105037779511,0.47772105037779511,extendido,Euler,0.10000000000000001,,0.29999999999999999,200
12.200000000000001,674.77684354000939,675.24417090878671,-0.46732736877731895,0.46732736877731895,extendido,Euler,0.10000000000000001,,0.29999999999999999,200
12.300000000000001,674.53353823380917,674.99066734742541,-0.4571291136162472,0.4571291136162472,extendido,Euler,0.10000000000000001,,0.29999999999999999,200
12.4,674.29753208679494,674.74465594856383,-0.44712386176888685,0.44712386176888685,extendido,Euler,0.10000000000000001,,0.29999999999999999,200
12.5,674.06860612419109,674.50591528533641,-0.43730916114532192,0.43730916114532192,extendido,Euler,0.10000000000000001,,0.29999999999999999,200
12.600000000000001,673.84654794046537,674.27423047503112,-0.42768253456574712,0.42768253456574712,extendido,Euler,0.10000000000000001,,0.29999999999999999,200
12.700000000000001,673.63115150225144,674.04939298567922,-0.41824148342777789,0.41824148342777789,extendido,Euler,0.10000000000000001,,0.29999999999999999,200
12.800000000000001,673.42221695718388,673.83120044836335,-0.40898349117946964,0.40898349117946964,extendido,Euler,0.10000000000000001,,0.29999999999999999,200
12.9,673.21955044846834,673.61945647507162,-0.39990602660327568,0.39990602660327568,extendido,Euler,0.10000000000000001,,0.29999999999999999,200
13,673.02296393501433,673.41397048193483,-0.39100654692049375,0.39100654692049375,extendido,Euler,0.10000000000000001,,0.29999999999999999,200
13.100000000000001,672.83227501696388,673.21455751768849,-0.38228250072461378,0.38228250072461378,extendido,Euler,0.10000000000000001,,0.29999999999999999,200
13.200000000000001,672.64730676645502,673.02103809720393,-0.3737313307489103,0.3737313307489103,extendido,Euler,0.10000000000000001,,0.29999999999999999,200
13.300000000000001,672.46788756346132,672.83323803993983,-0.36535047647851115,0.36535047647851115,extendido,Euler,0.10000000000000001,,0.29999999999999999,200
13.4,672.29385093655753,672.65098831316766,-0.35713737661012601,0.35713737661012601,extendido,Euler,0.10000000000000001,,0.29999999999999999,200
13.5,672.1250354084608,672.47412487983127,-0.34908947137046198,0.34908947137046198,extendido,Euler,0.10000000000000001,,0.29999999999999999,200
13.600000000000001,671.96128434620698,672.30248855090178,-0.3412042046948045,0.3412042046948045,extendido,Euler,0.10000000000000001,,0.29999999999999999,200
13.700000000000001,671.80244581582076,672.13592484209767,-0.33347902627690473,0.33347902627690473,extendido,Euler,0.10000000000000001,,0.29999999999999999,200
13.800000000000001,671.64837244134617,671.97428383483725,-0.32591139349108289,0.32591139349108289,extendido,Euler,0.10000000000000001,,0.29999999999999999,200
13.9,671.49892126810573,671.81742004130319,-0.31849877319746156,0.31849877319746156,extendido,Euler,0.10000000000000001,,0.29999999999999999,200
14,671.35395363006251,671.66519227349261,-0.31123864343010155,0.31123864343010155,extendido,Euler,0.10000000000000001,,0.29999999999999999,200
14.100000000000001,671.21333502116067,671.51746351613883,-0.30412849497815841,0.30412849497815841,extendido,Euler,0.10000000000000001,,0.29999999999999999,200
14.200000000000001,671.07693497052583,671.37410080338805,-0.29716583286221976,0.29716583286221976,extendido,Euler,0.10000000000000001,,0.29999999999999999,200
14.300000000000001,670.94462692141008,671.2349750991217,-0.29034817771162125,0.29034817771162125,extendido,Euler,0.10000000000000001,,0.29999999999999999,200
14.4,670.81628811376777,671.09996118081472,-0.28367306704694784,0.28367306704694784,extendido,Euler,0.10000000000000001,,0.29999999999999999,200
14.5,670.69179947035468,670.96893752682672,-0.27713805647204026,0.27713805647204026,extendido,Euler,0.10000000000000001,,0.29999999999999999,200
14.600000000000001,670.57104548624409,670.84178620702482,-0.27074072078073641,0.27074072078073641,extendido,Euler,0.10000000000000001,,0.29999999999999999,200
14.700000000000001,670.45391412165679,670.71839277663844,-0.26447865498164447,0.26447865498164447,extendido,Euler,0.10000000000000001,,0.29999999999999999,200
14.800000000000001,670.34029669800714,670.59864617325059,-0.25834947524344898,0.25834947524344898,extendido,Euler,0.10000000000000001,,0.29999999999999999,200
14.9,670.23008779706697,670.48243861683534,-0.25235081976836682,0.25235081976836682,extendido,Euler,0.10000000000000001,,0.29999999999999999,200
15,670.12318516315497,670.36966551274747,-0.24648034959250253,0.24648034959250253,extendido,Euler,0.10000000000000001,,0.29999999999999999,200
15.100000000000001,670.0194896082603,670.26022535758113,-0.24073574932083375,0.24073574932083375,extendido,Euler,0.10000000000000001,,0.29999999999999999,200
15.200000000000001,669.91890492001244,670.15401964780904,-0.23511472779659925,0.23511472779659925,extendido,Euler,0.10000000000000001,,0.29999999999999999,200
15.300000000000001,669.82133777241211,670.05095279112334,-0.22961501871122891,0.22961501871122891,extendido,Euler,0.10000000000000001,,0.29999999999999999,200
15.4,669.72669763923977,669.95093202039584,-0.22423438115606587,0.22423438115606587,extendido,Euler,0.10000000000000001,,0.29999999999999999,200
15.5,669.63489671006255,669.85386731018127,-0.21897060011872327,0.21897060011872327,extendido,Euler,0.10000000000000001,,0.29999999999999999,200
15.600000000000001,669.54584980876064,669.75967129568835,-0.21382148692771352,0.21382148692771352,extendido,Euler,0.10000000000000001,,0.29999999999999999,200
15.700000000000001,669.45947431449781,669.66825919414555,-0.2087848796477374,0.2087848796477374,extendido,Euler,0.10000000000000001,,0.29999999999999999,200
15.800000000000001,669.37569008506284,669.5795487284912,-0.20385864342836157,0.20385864342836157,extendido,Euler,0.10000000000000001,,0.29999999999999999,200
15.9,669.29441938251091,669.49346005331779,-0.19904067080688037,0.19904067080688037,extendido,Euler,0.10000000000000001,,0.29999999999999999,200
16,669.21558680103556,669.40991568300672,-0.19432888197115972,0.19432888197115972,extendido,Euler,0.10000000000000001,,0.29999999999999999,200
16.100000000000001,669.13911919700445,669.32884042198521,-0.18972122498075805,0.18972122498075805,extendido,Euler,0.10000000000000001,,0.29999999999999999,200
16.199999999999999,669.06494562109435,669.25016129704568,-0.18521567595132638,0.18521567595132638,extendido,Euler,0.10000000000000001,,0.29999999999999999,200
16.300000000000001,668.99299725246158,669.17380749166455,-0.18081023920296957,0.18081023920296957,extendido,Euler,0.10000000000000001,,0.29999999999999999,200
16.400000000000002,668.92320733488771,669.09971028226289,-0.17650294737518379,0.17650294737518379,extendido,Euler,0.10000000000000001,,0.29999999999999999,200
16.5,668.85551111484108,669.02780297635081,-0.17229186150973419,0.17229186150973419,extendido,Euler,0.10000000000000001,,0.29999999999999999,200
16.600000000000001,668.7898457813958,668.95802085249886,-0.16817507110306451,0.16817507110306451,extendido,Euler,0.10000000000000001,,0.29999999999999999,200
16.699999999999999,668.72615040795392,668.89030110208512,-0.16415069413119454,0.16415069413119454,extendido,Euler,0.10000000000000001,,0.29999999999999999,200
16.800000000000001,668.66436589571526,668.82458277276316,-0.16021687704790111,0.16021687704790111,extendido,Euler,0.10000000000000001,,0.29999999999999999,200
16.900000000000002,668.60443491884382,668.76080671360046,-0.15637179475663743,0.15637179475663743,extendido,Euler,0.10000000000000001,,0.29999999999999999,200
17,668.5463018712785,668.69891552183867,-0.15261365056016984,0.15261365056016984,extendido,Euler,0.10000000000000001,,0.29999999999999999,200
17.100000000000001,668.4899128151402,668.63885349122734,-0.14894067608713613,0.14894067608713613,extendido,Euler,0.10000000000000001,,0.29999999999999999,200
17.199999999999999,668.43521543068596,668.58056656188478,-0.14535113119882226,0.14535113119882226,extendido,Euler,0.10000000000000001,,0.29999999999999999,200
17.300000000000001,668.38215896776535,668.52400227164003,-0.1418433038746798,0.1418433038746798,extendido,Euler,0.10000000000000001,,0.29999999999999999,200
17.400000000000002,668.33069419873243,668.46910970881368,-0.13841551008124497,0.13841551008124497,extendido,Euler,0.10000000000000001,,0.29999999999999999,200
17.5,668.28077337277045,668.41583946639389,-0.13506609362343625,0.13506609362343625,extendido,Euler,0.10000000000000001,,0.29999999999999999,200
17.600000000000001,668.23235017158731,668.36414359756645,-0.13179342597914001,0.13179342597914001,extendido,Euler,0.10000000000000001,,0.29999999999999999,200
17.699999999999999,668.18537966643964,668.31397557256003,-0.12859590612038119,0.12859590612038119,extendido,Euler,0.10000000000000001,,0.29999999999999999,200
17.800000000000001,668.13981827644648,668.26529023676551,-0.12547196031903241,0.12547196031903241,extendido,Euler,0.10000000000000001,,0.29999999999999999,200
17.900000000000002,668.0956237281531,668.21804377009448,-0.1224200419413819,0.1224200419413819,extendido,Euler,0.10000000000000001,,0.29999999999999999,200
18,668.05275501630854,668.1721936475376,-0.11943863122905896,0.11943863122905896,extendido,Euler,0.10000000000000001,,0.29999999999999999,200
18.100000000000001,668.01117236581933,668.12769860088963,-0.11652623507029602,0.11652623507029602,extendido,Euler,0.10000000000000001,,0.29999999999999999,200
18.199999999999999,667.97083719484476,668.08451858160515,-0.11368138676039052,0.11368138676039052,extendido,Euler,0.10000000000000001,,0.29999999999999999,200
18.300000000000001,667.93171207899945,668.04261472475184,-0.11090264575238962,0.11090264575238962,extendido,Euler,0.10000000000000001,,0.29999999999999999,200
18.400000000000002,667.89376071662946,668.00194931403018,-0.10818859740072639,0.10818859740072639,extendido,Euler,0.10000000000000001,,0.29999999999999999,200
18.5,667.85694789513059,667.96248574782544,-0.10553785269485161,0.10553785269485161,extendido,Euler,0.10000000000000001,,0.29999999999999999,200
18.600000000000001,667.82123945827664,667.92418850626416,-0.10294904798752214,0.10294904798752214,extendido,Euler,0.10000000000000001,,0.29999999999999999,200
18.699999999999999,667.78660227452838,667.88702311924374,-0.10042084471535873,0.10042084471535873,extendido,Euler,0.10000000000000001,,0.29999999999999999,200
18.800000000000001,667.75300420629253,667.85095613540716,-0.097951929114628911,0.097951929114628911,extendido,Euler,0.10000000000000001,,0.29999999999999999,200
18.900000000000002,667.72041408010375,667.81595509203441,-0.095541011930663444,0.095541011930663444,extendido,Euler,0.10000000000000001,,0.29999999999999999,200
19,667.68880165770065,667.78198848582383,-0.093186828123180021,0.093186828123180021,extendido,Euler,0.10000000000000001,,0.29999999999999999,200
19.100000000000001,667.65813760796959,667.74902574453699,-0.090888136567400579,0.090888136567400579,extendido,Euler,0.10000000000000001,,0.29999999999999999,200
19.200000000000003,667.62839347973045,667.71703719948152,-0.088643719751075878,0.088643719751075878,extendido,Euler,0.10000000000000001,,0.29999999999999999,200
19.300000000000001,667.59954167533851,667.68599405880786,-0.086452383469350025,0.086452383469350025,extendido,Euler,0.10000000000000001,,0.29999999999999999,200
19.400000000000002,667.57155542507837,667.65586838159368,-0.084312956515304904,0.084312956515304904,extendido,Euler,0.10000000000000001,,0.29999999999999999,200
19.5,667.54440876232604,667.62663305269621,-0.082224290370163544,0.082224290370163544,extendido,Euler,0.10000000000000001,,0.29999999999999999,200
19.600000000000001,667.51807649945624,667.59826175834564,-0.080185258889400757,0.080185258889400757,extendido,Euler,0.10000000000000001,,0.29999999999999999,200
19.700000000000003,667.49253420447258,667.57072896246234,-0.078194757989763275,0.078194757989763275,extendido,Euler,0.10000000000000001,,0.29999999999999999,200
19.800000000000001,667.46775817833839,667.54400988367115,-0.076251705332765596,0.076251705332765596,extendido,Euler,0.10000000000000001,,0.29999999999999999,200
19.900000000000002,667.44372543298823,667.51808047299778,-0.074355040009550066,0.074355040009550066,extendido,Euler,0.10000000000000001,,0.29999999999999999,200
20,667.42041366999854,667.49291739222224,-0.072503722223700606,0.072503722223700606,extendido,Euler,0.10000000000000001,,0.29999999999999999,200
0,1,1,0,0,convergencia,Euler,0.20000000000000001,,,
0.20000000000000001,0.80000000000000004,0.81873075307798182,-0.018730753077981777,0.018730753077981777,convergencia,Euler,0.20000000000000001,,,
0.40000000000000002,0.64000000000000001,0.67032004603563933,-0.030320046035639314,0.030320046035639314,convergencia,Euler,0.20000000000000001,,,
0.60000000000000009,0.51200000000000001,0.54881163609402639,-0.036811636094026379,0.036811636094026379,convergencia,Euler,0.20000000000000001,,,
0.80000000000000004,0.40960000000000002,0.44932896411722156,-0.039728964117221544,0.039728964117221544,convergencia,Euler,0.20000000000000001,,,
1,0.32768000000000003,0.36787944117144233,-0.040199441171442307,0.040199441171442307,convergencia,Euler,0.20000000000000001,,,
1.2000000000000002,0.26214399999999993,0.30119421191220203,-0.039050211912202093,0.039050211912202093,convergencia,Euler,0.20000000000000001,,,
1.4000000000000001,0.20971519999999996,0.24659696394160643,-0.036881763941606471,0.036881763941606471,convergencia,Euler,0.20000000000000001,,,
1.6000000000000001,0.16777215999999998,0.20189651799465538,-0.034124357994655408,0.034124357994655408,convergencia,Euler,0.20000000000000001,,,
1.8,0.13421772799999998,0.16529888822158653,-0.031081160221586551,0.031081160221586551,convergencia,Euler,0.20000000000000001,,,
2,0.10737418239999999,0.1353352832366127,-0.027961100836612712,0.027961100836612712,convergencia,Euler,0.20000000000000001,,,
2.2000000000000002,0.085899345919999981,0.11080315836233387,-0.024903812442333889,0.024903812442333889,convergencia,Euler,0.20000000000000001,,,
2.4000000000000004,0.068719476735999971,0.09071795328941247,-0.021998476553412499,0.021998476553412499,convergencia,Euler,0.20000000000000001,,,
2.6000000000000001,0.054975581388799995,0.074273578214333877,-0.019297996825533882,0.019297996825533882,convergencia,Euler,0.20000000000000001,,,
2.8000000000000003,0.043980465111039986,0.060810062625217952,-0.016829597514177966,0.016829597514177966,convergencia,Euler,0.20000000000000001,,,
3,0.035184372088832003,0.049787068367863944,-0.014602696279031942,0.014602696279031942,convergencia,Euler,0.20000000000000001,,,
3.2000000000000002,0.028147497671065596,0.040762203978366211,-0.012614706307300615,0.012614706307300615,convergencia,Euler,0.20000000000000001,,,
3.4000000000000004,0.022517998136852471,0.033373269960326066,-0.010855271823473595,0.010855271823473595,convergencia,Euler,0.20000000000000001,,,
3.6000000000000001,0.018014398509481982,0.027323722447292559,-0.009309323937810577,0.009309323937810577,convergencia,Euler,0.20000000000000001,,,
3.8000000000000003,0.014411518807585582,0.022370771856165591,-0.0079592530485800093,0.0079592530485800093,convergencia,Euler,0.20000000000000001,,,
4,0.011529215046068469,0.018315638888734179,-0.0067864238426657095,0.0067864238426657095,convergencia,Euler,0.20000000000000001,,,
4.2000000000000002,0.0092233720368547732,0.014995576820477703,-0.00577220478362293,0.00577220478362293,convergencia,Euler,0.20000000000000001,,,
4.4000000000000004,0.0073786976294838167,0.012277339903068436,-0.0048986422735846193,0.0048986422735846193,convergencia,Euler,0.20000000000000001,,,
4.6000000000000005,0.0059029581035870519,0.010051835744633576,-0.0041488776410465236,0.0041488776410465236,convergencia,Euler,0.20000000000000001,,,
4.8000000000000007,0.0047223664828696405,0.0082297470490200232,-0.0035073805661503827,0.0035073805661503827,convergencia,Euler,0.20000000000000001,,,
5,0.0037778931862957159,0.006737946999085467,-0.0029600538127897511,0.0029600538127897511,convergencia,Euler,0.20000000000000001,,,
5.2000000000000002,0.0030223145490365722,0.0055165644207607716,-0.0024942498717241994,0.0024942498717241994,convergencia,Euler,0.20000000000000001,,,
5.4000000000000004,0.0024178516392292571,0.0045165809426126659,-0.0020987293033834088,0.0020987293033834088,convergencia,Euler,0.20000000000000001,,,
5.6000000000000005,0.0019342813113834053,0.003697863716482929,-0.0017635824050995237,0.0017635824050995237,convergencia,Euler,0.20000000000000001,,,
5.8000000000000007,0.001547425049106724,0.0030275547453758127,-0.0014801296962690888,0.0014801296962690888,convergencia,Euler,0.20000000000000001,,,
6,0.0012379400392853804,0.0024787521766663585,-0.0012408121373809781,0.0012408121373809781,convergencia,Euler,0.20000000000000001,,,
6.2000000000000002,0.00099035203142830409,0.002029430636295734,-0.0010390786048674299,0.0010390786048674299,convergencia,Euler,0.20000000000000001,,,
6.4000000000000004,0.0007922816251426431,0.0016615572731739339,-0.00086927564803129082,0.00086927564803129082,convergencia,Euler,0.20000000000000001,,,
6.6000000000000005,0.0006338253001141143,0.0013603680375478928,-0.00072654273743377848,0.00072654273743377848,convergencia,Euler,0.20000000000000001,,,
6.8000000000000007,0.00050706024009129129,0.0011137751478448024,-0.00060671490775351109,0.00060671490775351109,convergencia,Euler,0.20000000000000001,,,
7,0.00040564819207303341,0.00091188196555451624,-0.00050623377348148289,0.00050623377348148289,convergencia,Euler,0.20000000000000001,,,
7.2000000000000002,0.00032451855365842665,0.0007465858083766792,-0.00042206725471825255,0.00042206725471825255,convergencia,Euler,0.20000000000000001,,,
7.4000000000000004,0.00025961484292674124,0.0006112527611295723,-0.00035163791820283106,0.00035163791820283106,convergencia,Euler,0.20000000000000001,,,
7.6000000000000005,0.00020769187434139293,0.0005004514334406104,-0.00029275955909921746,0.00029275955909921746,convergencia,Euler,0.20000000000000001,,,
7.8000000000000007,0.00016615349947311431,0.00040973497897978643,-0.00024358147950667212,0.00024358147950667212,convergencia,Euler,0.20000000000000001,,,
8,0.00013292279957849158,0.00033546262790251185,-0.00020253982832402028,0.00020253982832402028,convergencia,Euler,0.20000000000000001,,,
8.2000000000000011,0.00010633823966279312,0.00027465356997214205,-0.00016831533030934893,0.00016831533030934893,convergencia,Euler,0.20000000000000001,,,
8.4000000000000004,8.5070591730234578e-05,0.00022486732417884819,-0.00013979673244861362,0.00013979673244861362,convergencia,Euler,0.20000000000000001,,,
8.5999999999999996,6.8056473384187725e-05,0.00018410579366757919,-0.00011604932028339147,0.00011604932028339147,convergencia,Euler,0.20000000000000001,,,
8.8000000000000007,5.4445178707350104e-05,0.0001507330750954765,-9.6287896388126399e-05,9.6287896388126399e-05,convergencia,Euler,0.20000000000000001,,,
9,4.3556142965880123e-05,0.00012340980408667956,-7.9853661120799445e-05,7.9853661120799445e-05,convergencia,Euler,0.20000000000000001,,,
9.2000000000000011,3.4844914372704052e-05,0.00010103940183709324,-6.619448746438919e-05,6.619448746438919e-05,convergencia,Euler,0.20000000000000001,,,
9.4000000000000004,2.7875931498163265e-05,8.2724065556632228e-05,-5.4848134058468964e-05,5.4848134058468964e-05,convergencia,Euler,0.20000000000000001,,,
9.6000000000000014,2.2300745198530582e-05,6.7728736490853776e-05,-4.5427991292323194e-05,4.5427991292323194e-05,convergencia,Euler,0.20000000000000001,,,
9.8000000000000007,1.784059615882448e-05,5.5451599432176945e-05,-3.7611003273352465e-05,3.7611003273352465e-05,convergencia,Euler,0.20000000000000001,,,
10,1.4272476927059597e-05,4.5399929762484854e-05,-3.112745283542526e-05,3.112745283542526e-05,convergencia,Euler,0.20000000000000001,,,
0,1,1,0,0,convergencia,Euler,0.10000000000000001,,,
0.10000000000000001,0.90000000000000002,0.90483741803595952,-0.0048374180359594954,0.0048374180359594954,convergencia,Euler,0.10000000000000001,,,
0.20000000000000001,0.81000000000000005,0.81873075307798182,-0.0087307530779817677,0.0087307530779817677,convergencia,Euler,0.10000000000000001,,,
0.30000000000000004,0.72899999999999998,0.74081822068171788,-0.011818220681717895,0.011818220681717895,convergencia,Euler,0.10000000000000001,,,
0.40000000000000002,0.65610000000000002,0.67032004603563933,-0.014220046035639311,0.014220046035639311,convergencia,Euler,0.10000000000000001,,,
0.5,0.59049000000000007,0.60653065971263342,-0.016040659712633354,0.016040659712633354,convergencia,Euler,0.10000000000000001,,,
0.60000000000000009,0.53144100000000005,0.54881163609402639,-0.017370636094026337,0.017370636094026337,convergencia,Euler,0.10000000000000001,,,
0.70000000000000007,0.47829690000000008,0.49658530379140947,-0.018288403791409391,0.018288403791409391,convergencia,Euler,0.10000000000000001,,,
0.80000000000000004,0.4304672100000001,0.44932896411722156,-0.018861754117221463,0.018861754117221463,convergencia,Euler,0.10000000000000001,,,
0.90000000000000002,0.38742048900000009,0.40656965974059911,-0.01914917074059902,0.01914917074059902,convergencia,Euler,0.10000000000000001,,,
1,0.3486784401000001,0.36787944117144233,-0.019201001071442236,0.019201001071442236,convergencia,Euler,0.10000000000000001,,,
1.1000000000000001,0.31381059609000006,0.33287108369807955,-0.01906048760807949,0.01906048760807949,convergencia,Euler,0.10000000000000001,,,
1.2000000000000002,0.282429536481,0.30119421191220203,-0.018764675431202027,0.018764675431202027,convergencia,Euler,0.10000000000000001,,,
1.3,0.25418658283290002,0.27253179303401259,-0.018345210201112572,0.018345210201112572,convergencia,Euler,0.10000000000000001,,,
1.4000000000000001,0.22876792454961001,0.24659696394160643,-0.017829039391996426,0.017829039391996426,convergencia,Euler,0.10000000000000001,,,
1.5,0.20589113209464904,0.22313016014842982,-0.017239028053780775,0.017239028053780775,convergencia,Euler,0.10000000000000001,,,
1.6000000000000001,0.18530201888518411,0.20189651799465538,-0.016594499109471278,0.016594499109471278,convergencia,Euler,0.10000000000000001,,,
1.7000000000000002,0.16677181699666568,0.18268352405273461,-0.015911707056068924,0.015911707056068924,convergencia,Euler,0.10000000000000001,,,
1.8,0.15009463529699912,0.16529888822158653,-0.015204252924587408,0.015204252924587408,convergencia,Euler,0.10000000000000001,,,
1.9000000000000001,0.1350851717672992,0.14956861922263504,-0.014483447455335835,0.014483447455335835,convergencia,Euler,0.10000000000000001,,,
2,0.12157665459056929,0.1353352832366127,-0.013758628646043408,0.013758628646043408,convergencia,Euler,0.10000000000000001,,,
2.1000000000000001,0.10941898913151235,0.12245642825298191,-0.013037439121469555,0.013037439121469555,convergencia,Euler,0.10000000000000001,,,
2.2000000000000002,0.09847709021836111,0.11080315836233387,-0.01232606814397276,0.01232606814397276,convergencia,Euler,0.10000000000000001,,,
2.3000000000000003,0.088629381196524998,0.10025884372280371,-0.011629462526278708,0.011629462526278708,convergencia,Euler,0.10000000000000001,,,
2.4000000000000004,0.079766443076872487,0.09071795328941247,-0.010951510212539983,0.010951510212539983,convergencia,Euler,0.10000000000000001,,,
2.5,0.071789798769185259,0.0820849986238988,-0.010295199854713541,0.010295199854713541,convergencia,Euler,0.10000000000000001,,,
2.6000000000000001,0.064610818892266733,0.074273578214333877,-0.0096627593220671437,0.0096627593220671437,convergencia,Euler,0.10000000000000001,,,
2.7000000000000002,0.058149737003040054,0.067205512739749756,-0.0090557757367097022,0.0090557757367097022,convergencia,Euler,0.10000000000000001,,,
2.8000000000000003,0.052334763302736044,0.060810062625217952,-0.0084752993224819079,0.0084752993224819079,convergencia,Euler,0.10000000000000001,,,
2.9000000000000004,0.047101286972462436,0.05502322005640721,-0.0079219330839447738,0.0079219330839447738,convergencia,Euler,0.10000000000000001,,,
3,0.042391158275216209,0.049787068367863944,-0.0073959100926477353,0.0073959100926477353,convergencia,Euler,0.10000000000000001,,,
3.1000000000000001,0.038152042447694587,0.045049202393557801,-0.0068971599458632141,0.0068971599458632141,convergencia,Euler,0.10000000000000001,,,
3.2000000000000002,0.034336838202925123,0.040762203978366211,-0.0064253657754410887,0.0064253657754410887,convergencia,Euler,0.10000000000000001,,,
3.3000000000000003,0.030903154382632608,0.036883167401239994,-0.0059800130186073858,0.0059800130186073858,convergencia,Euler,0.10000000000000001,,,
3.4000000000000004,0.027812838944369346,0.033373269960326066,-0.0055604310159567197,0.0055604310159567197,convergencia,Euler,0.10000000000000001,,,
3.5,0.025031555049932423,0.030197383422318501,-0.0051658283723860776,0.0051658283723860776,convergencia,Euler,0.10000000000000001,,,
3.6000000000000001,0.022528399544939178,0.027323722447292559,-0.0047953229023533807,0.0047953229023533807,convergencia,Euler,0.10000000000000001,,,
3.7000000000000002,0.020275559590445257,0.024723526470339388,-0.0044479668798941309,0.0044479668798941309,convergencia,Euler,0.10000000000000001,,,
3.8000000000000003,0.018248003631400729,0.022370771856165591,-0.0041227682247648618,0.0041227682247648618,convergencia,Euler,0.10000000000000001,,,
3.9000000000000004,0.016423203268260654,0.020241911445804381,-0.0038187081775437268,0.0038187081775437268,convergencia,Euler,0.10000000000000001,,,
4,0.014780882941434594,0.018315638888734179,-0.0035347559472995848,0.0035347559472995848,convergencia,Euler,0.10000000000000001,,,
4.1000000000000005,0.013302794647291127,0.016572675401761237,-0.0032698807544701107,0.0032698807544701107,convergencia,Euler,0.10000000000000001,,,
4.2000000000000002,0.011972515182562019,0.014995576820477703,-0.0030230616379156843,0.0030230616379156843,convergencia,Euler,0.10000000000000001,,,
4.2999999999999998,0.010775263664305821,0.013568559012200934,-0.0027932953478951132,0.0027932953478951132,convergencia,Euler,0.10000000000000001,,,
4.4000000000000004,0.0096977372978752328,0.012277339903068436,-0.0025796026051932031,0.0025796026051932031,convergencia,Euler,0.10000000000000001,,,
4.5,0.0087279635680877123,0.011108996538242306,-0.0023810329701545938,0.0023810329701545938,convergencia,Euler,0.10000000000000001,,,
4.6000000000000005,0.0078551672112789368,0.010051835744633576,-0.0021966685333546388,0.0021966685333546388,convergencia,Euler,0.10000000000000001,,,
4.7000000000000002,0.0070696504901510459,0.0090952771016958155,-0.0020256266115447697,0.0020256266115447697,convergencia,Euler,0.10000000000000001,,,
4.8000000000000007,0.0063626854411359375,0.0082297470490200232,-0.0018670616078840857,0.0018670616078840857,convergencia,Euler,0.10000000000000001,,,
4.9000000000000004,0.005726416897022346,0.0074465830709243381,-0.0017201661739019922,0.0017201661739019922,convergencia,Euler,0.10000000000000001,,,
5,0.0051537752073201135,0.006737946999085467,-0.0015841717917653535,0.0015841717917653535,convergencia,Euler,0.10000000000000001,,,
5.1000000000000005,0.0046383976865880996,0.0060967465655156327,-0.0014583488789275331,0.0014583488789275331,convergencia,Euler,0.10000000000000001,,,
5.2000000000000002,0.0041745579179292914,0.0055165644207607716,-0.0013420065028314802,0.0013420065028314802,convergencia,Euler,0.10000000000000001,,,
5.3000000000000007,0.00375710212613636,0.0049915939069102126,-0.0012344917807738526,0.0012344917807738526,convergencia,Euler,0.10000000000000001,,,
5.4000000000000004,0.0033813919135227254,0.0045165809426126659,-0.0011351890290899405,0.0011351890290899405,convergencia,Euler,0.10000000000000001,,,
5.5,0.0030432527221704543,0.0040867714384640666,-0.0010435187162936123,0.0010435187162936123,convergencia,Euler,0.10000000000000001,,,
5.6000000000000005,0.0027389274499534074,0.003697863716482929,-0.00095893626652952162,0.00095893626652952162,convergencia,Euler,0.10000000000000001,,,
5.7000000000000002,0.0024650347049580677,0.003345965457471272,-0.00088093075251320435,0.00088093075251320435,convergencia,Euler,0.10000000000000001,,,
5.8000000000000007,0.0022185312344622597,0.0030275547453758127,-0.00080902351091355308,0.00080902351091355308,convergencia,Euler,0.10000000000000001,,,
5.9000000000000004,0.0019966781110160345,0.0027394448187683684,-0.00074276670775233391,0.00074276670775233391,convergencia,Euler,0.10000000000000001,,,
6,0.0017970102999144318,0.0024787521766663585,-0.00068174187675192673,0.00068174187675192673,convergencia,Euler,0.10000000000000001,,,
6.1000000000000005,0.0016173092699229875,0.0022428677194858012,-0.00062555844956281364,0.00062555844956281364,convergencia,Euler,0.10000000000000001,,,
6.2000000000000002,0.0014555783429306894,0.002029430636295734,-0.00057385229336504463,0.00057385229336504463,convergencia,Euler,0.10000000000000001,,,
6.3000000000000007,0.0013100205086376197,0.0018363047770289056,-0.00052628426839128589,0.00052628426839128589,convergencia,Euler,0.10000000000000001,,,
6.4000000000000004,0.0011790184577738583,0.0016615572731739339,-0.00048253881540007561,0.00048253881540007561,convergencia,Euler,0.10000000000000001,,,
6.5,0.001061116611996473,0.0015034391929775724,-0.00044232258098109937,0.00044232258098109937,convergencia,Euler,0.10000000000000001,,,
6.6000000000000005,0.00095500495079682514,0.0013603680375478928,-0.00040536308675106765,0.00040536308675106765,convergencia,Euler,0.10000000000000001,,,
6.7000000000000002,0.00085950445571714293,0.001230911902673481,-0.00037140744695633807,0.00037140744695633807,convergencia,Euler,0.10000000000000001,,,
6.8000000000000007,0.0007735540101454282,0.0011137751478448024,-0.00034022113769937418,0.00034022113769937418,convergencia,Euler,0.10000000000000001,,,
6.9000000000000004,0.00069619860913088568,0.0010077854290485105,-0.00031158681991762477,0.00031158681991762477,convergencia,Euler,0.10000000000000001,,,
7,0.00062657874821779732,0.00091188196555451624,-0.00028530321733671892,0.00028530321733671892,convergencia,Euler,0.10000000000000001,,,
7.1000000000000005,0.00056392087339601727,0.00082510492326590384,-0.00026118404986988657,0.00026118404986988657,convergencia,Euler,0.10000000000000001,,,
7.2000000000000002,0.00050752878605641574,0.0007465858083766792,-0.00023905702232026346,0.00023905702232026346,convergencia,Euler,0.10000000000000001,,,
7.3000000000000007,0.0004567759074507739,0.00067553877519384374,-0.00021876286774306984,0.00021876286774306984,convergencia,Euler,0.10000000000000001,,,
7.4000000000000004,0.00041109831670569665,0.0006112527611295723,-0.00020015444442387565,0.00020015444442387565,convergencia,Euler,0.10000000000000001,,,
7.5,0.0003699884850351271,0.00055308437014783363,-0.00018309588511270652,0.00018309588511270652,convergencia,Euler,0.10000000000000001,,,
7.6000000000000005,0.00033298963653161421,0.0005004514334406104,-0.00016746179690899619,0.00016746179690899619,convergencia,Euler,0.10000000000000001,,,
7.7000000000000002,0.00029969067287845291,0.00045282718288679695,-0.00015313651000834405,0.00015313651000834405,convergencia,Euler,0.10000000000000001,,,
7.8000000000000007,0.00026972160559060745,0.00040973497897978643,-0.00014001337338917898,0.00014001337338917898,convergencia,Euler,0.10000000000000001,,,
7.9000000000000004,0.0002427494450315468,0.00037074354045908822,-0.00012799409542754142,0.00012799409542754142,convergencia,Euler,0.10000000000000001,,,
8,0.00021847450052839219,0.00033546262790251185,-0.00011698812737411966,0.00011698812737411966,convergencia,Euler,0.10000000000000001,,,
8.0999999999999996,0.00019662705047555304,0.00030353913807886678,-0.00010691208760331373,0.00010691208760331373,convergencia,Euler,0.10000000000000001,,,
8.2000000000000011,0.00017696434542799745,0.00027465356997214205,-9.7689224544144596e-05,9.7689224544144596e-05,convergencia,Euler,0.10000000000000001,,,
8.3000000000000007,0.00015926791088519777,0.00024851682710795185,-8.9248916222754075e-05,8.9248916222754075e-05,convergencia,Euler,0.10000000000000001,,,
8.4000000000000004,0.00014334111979667807,0.00022486732417884819,-8.1526204382170129e-05,8.1526204382170129e-05,convergencia,Euler,0.10000000000000001,,,
8.5,0.00012900700781701032,0.00020346836901064417,-7.4461361193633844e-05,7.4461361193633844e-05,convergencia,Euler,0.10000000000000001,,,
8.5999999999999996,0.00011610630703530934,0.00018410579366757919,-6.7999486632269851e-05,6.7999486632269851e-05,convergencia,Euler,0.10000000000000001,,,
8.7000000000000011,0.00010449567633177824,0.00016658581098763324,-6.2090134655854999e-05,6.2090134655854999e-05,convergencia,Euler,0.10000000000000001,,,
8.8000000000000007,9.4046108698600455e-05,0.0001507330750954765,-5.6686966396876049e-05,5.6686966396876049e-05,convergencia,Euler,0.10000000000000001,,,
8.9000000000000004,8.4641497828740449e-05,0.0001363889264820114,-5.1747428653270951e-05,5.1747428653270951e-05,convergencia,Euler,0.10000000000000001,,,
9,7.6177348045866432e-05,0.00012340980408667956,-4.7232456040813129e-05,4.7232456040813129e-05,convergencia,Euler,0.10000000000000001,,,
9.0999999999999996,6.8559613241279811e-05,0.00011166580849011478,-4.3106195248834967e-05,4.3106195248834967e-05,convergencia,Euler,0.10000000000000001,,,
9.2000000000000011,6.1703651917151733e-05,0.00010103940183709324,-3.9335749919941509e-05,3.9335749919941509e-05,convergencia,Euler,0.10000000000000001,,,
9.3000000000000007,5.5533286725436584e-05,9.142423147817327e-05,-3.5890944752736685e-05,3.5890944752736685e-05,convergencia,Euler,0.10000000000000001,,,
9.4000000000000004,4.9979958052892943e-05,8.2724065556632228e-05,-3.2744107503739286e-05,3.2744107503739286e-05,convergencia,Euler,0.10000000000000001,,,
9.5,4.4981962247603668e-05,7.4851829887700598e-05,-2.986986764009693e-05,2.986986764009693e-05,convergencia,Euler,0.10000000000000001,,,
9.6000000000000014,4.0483766022843239e-05,6.7728736490853776e-05,-2.7244970468010537e-05,2.7244970468010537e-05,convergencia,Euler,0.10000000000000001,,,
9.7000000000000011,3.6435389420558929e-05,6.1283495053222024e-05,-2.4848105632663095e-05,2.4848105632663095e-05,convergencia,Euler,0.10000000000000001,,,
9.8000000000000007,3.2791850478503051e-05,5.5451599432176945e-05,-2.2659748953673894e-05,2.2659748953673894e-05,convergencia,Euler,0.10000000000000001,,,
9.9000000000000004,2.9512665430652757e-05,5.0174682056175283e-05,-2.0662016625522525e-05,2.0662016625522525e-05,convergencia,Euler,0.10000000000000001,,,
10,2.6561398887587493e-05,4.5399929762484854e-05,-1.8838530874897361e-05,1.8838530874897361e-05,convergencia,Euler,0.10000000000000001,,,
0,1,1,0,0,convergencia,Euler,0.050000000000000003,,,
0.050000000000000003,0.94999999999999996,0.95122942450071402,-0.0012294245007140603,0.0012294245007140603,convergencia,Euler,0.050000000000000003,,,
0.10000000000000001,0.90249999999999997,0.90483741803595952,-0.0023374180359595487,0.0023374180359595487,convergencia,Euler,0.050000000000000003,,,
0.15000000000000002,0.857375,0.86070797642505781,-0.0033329764250578098,0.0033329764250578098,convergencia,Euler,0.050000000000000003,,,
0.20000000000000001,0.81450624999999999,0.81873075307798182,-0.0042245030779818338,0.0042245030779818338,convergencia,Euler,0.050000000000000003,,,
0.25,0.77378093749999999,0.77880078307140488,-0.0050198455714048906,0.0050198455714048906,convergencia,Euler,0.050000000000000003,,,
0.30000000000000004,0.73509189062499991,0.74081822068171788,-0.0057263300567179654,0.0057263300567179654,convergencia,Euler,0.050000000000000003,,,
0.35000000000000003,0.69833729609374995,0.70468808971871344,-0.0063507936249634911,0.0063507936249634911,convergencia,Euler,0.050000000000000003,,,
0.40000000000000002,0.66342043128906247,0.67032004603563933,-0.0068996147465768543,0.0068996147465768543,convergencia,Euler,0.050000000000000003,,,
0.45000000000000001,0.63024940972460941,0.63762815162177333,-0.0073787418971639207,0.0073787418971639207,convergencia,Euler,0.050000000000000003,,,
0.5,0.5987369392383789,0.60653065971263342,-0.0077937204742545285,0.0077937204742545285,convergencia,Euler,0.050000000000000003,,,
0.55000000000000004,0.56880009227645989,0.57694981038048665,-0.0081497181040267597,0.0081497181040267597,convergencia,Euler,0.050000000000000003,,,
0.60000000000000009,0.54036008766263688,0.54881163609402639,-0.0084515484313895106,0.0084515484313895106,convergencia,Euler,0.050000000000000003,,,
0.65000000000000002,0.51334208327950503,0.52204577676101604,-0.0087036934815110101,0.0087036934815110101,convergencia,Euler,0.050000000000000003,,,
0.70000000000000007,0.48767497911552976,0.49658530379140947,-0.0089103246758797106,0.0089103246758797106,convergencia,Euler,0.050000000000000003,,,
0.75,0.46329123015975332,0.47236655274101469,-0.0090753225812613691,0.0090753225812613691,convergencia,Euler,0.050000000000000003,,,
0.80000000000000004,0.44012666865176564,0.44932896411722156,-0.009202295465455923,0.009202295465455923,convergencia,Euler,0.050000000000000003,,,
0.85000000000000009,0.41812033521917735,0.42741493194872665,-0.0092945967295492982,0.0092945967295492982,convergencia,Euler,0.050000000000000003,,,
0.90000000000000002,0.39721431845821853,0.40656965974059911,-0.0093553412823805804,0.0093553412823805804,convergencia,Euler,0.050000000000000003,,,
0.95000000000000007,0.37735360253530759,0.38674102345450118,-0.0093874209191935898,0.0093874209191935898,convergencia,Euler,0.050000000000000003,,,
1,0.35848592240854221,0.36787944117144233,-0.0093935187629001216,0.0093935187629001216,convergencia,Euler,0.050000000000000003,,,
1.05,0.34056162628811509,0.34993774911115533,-0.0093761228230402338,0.0093761228230402338,convergencia,Euler,0.050000000000000003,,,
1.1000000000000001,0.32353354497370934,0.33287108369807955,-0.009337538724370209,0.009337538724370209,convergencia,Euler,0.050000000000000003,,,
1.1500000000000001,0.30735686772502385,0.31663676937905316,-0.00927990165402931,0.00927990165402931,convergencia,Euler,0.050000000000000003,,,
1.2000000000000002,0.29198902433877266,0.30119421191220203,-0.0092051875734293631,0.0092051875734293631,convergencia,Euler,0.050000000000000003,,,
1.25,0.2773895731218341,0.28650479686019009,-0.0091152237383559931,0.0091152237383559931,convergencia,Euler,0.050000000000000003,,,
1.3,0.26352009446574237,0.27253179303401259,-0.0090116985682702211,0.0090116985682702211,convergencia,Euler,0.050000000000000003,,,
1.3500000000000001,0.25034408974245526,0.25924026064589151,-0.0088961709034362513,0.0088961709034362513,convergencia,Euler,0.050000000000000003,,,
1.4000000000000001,0.23782688525533249,0.24659696394160643,-0.008770078686273941,0.008770078686273941,convergencia,Euler,0.050000000000000003,,,
1.4500000000000002,0.22593554099256585,0.23457028809379762,-0.0086347471012317711,0.0086347471012317711,convergencia,Euler,0.050000000000000003,,,
1.5,0.2146387639429376,0.22313016014842982,-0.0084913962054922187,0.0084913962054922187,convergencia,Euler,0.050000000000000003,,,
1.55,0.20390682574579072,0.21224797382674304,-0.0083411480809523209,0.0083411480809523209,convergencia,Euler,0.050000000000000003,,,
1.6000000000000001,0.19371148445850117,0.20189651799465538,-0.0081850335361542126,0.0081850335361542126,convergencia,Euler,0.050000000000000003,,,
1.6500000000000001,0.1840259102355761,0.19204990862075408,-0.0080239983851779773,0.0080239983851779773,convergencia,Euler,0.050000000000000003,,,
1.7000000000000002,0.17482461472379729,0.18268352405273461,-0.0078589093289373191,0.0078589093289373191,convergencia,Euler,0.050000000000000003,,,
1.75,0.16608338398760747,0.17377394345044514,-0.0076905594628376706,0.0076905594628376706,convergencia,Euler,0.050000000000000003,,,
1.8,0.1577792147882271,0.16529888822158653,-0.0075196734333594362,0.0075196734333594362,convergencia,Euler,0.050000000000000003,,,
1.8500000000000001,0.14989025404881573,0.15723716631362761,-0.0073469122648118779,0.0073469122648118779,convergencia,Euler,0.050000000000000003,,,
1.9000000000000001,0.14239574134637495,0.14956861922263504,-0.0071728778762600864,0.0071728778762600864,convergencia,Euler,0.050000000000000003,,,
1.9500000000000002,0.1352759542790562,0.14227407158651353,-0.0069981173074573355,0.0069981173074573355,convergencia,Euler,0.050000000000000003,,,
2,0.12851215656510342,0.1353352832366127,-0.0068231266715092775,0.0068231266715092775,convergencia,Euler,0.050000000000000003,,,
2.0500000000000003,0.12208654873684822,0.12873490358780418,-0.0066483548509559537,0.0066483548509559537,convergencia,Euler,0.050000000000000003,,,
2.1000000000000001,0.11598222130000584,0.12245642825298191,-0.0064742069529760693,0.0064742069529760693,convergencia,Euler,0.050000000000000003,,,
2.1499999999999999,0.11018311023500557,0.11648415777349697,-0.0063010475384913944,0.0063010475384913944,convergencia,Euler,0.050000000000000003,,,
2.2000000000000002,0.10467395472325526,0.11080315836233387,-0.0061292036390786092,0.0061292036390786092,convergencia,Euler,0.050000000000000003,,,
2.25,0.099440256987092523,0.10539922456186433,-0.0059589675747718091,0.0059589675747718091,convergencia,Euler,0.050000000000000003,,,
2.3000000000000003,0.09446824413773787,0.10025884372280371,-0.0057905995850658365,0.0057905995850658365,convergencia,Euler,0.050000000000000003,,,
2.3500000000000001,0.089744831930850991,0.095369162215549613,-0.0056243302846986226,0.0056243302846986226,convergencia,Euler,0.050000000000000003,,,
2.4000000000000004,0.085257590334308422,0.09071795328941247,-0.0054603629551040478,0.0054603629551040478,convergencia,Euler,0.050000000000000003,,,
2.4500000000000002,0.080994710817593019,0.086293586499370495,-0.0052988756817774763,0.0052988756817774763,convergencia,Euler,0.050000000000000003,,,
2.5,0.076944975276713387,0.0820849986238988,-0.0051400233471854129,0.0051400233471854129,convergencia,Euler,0.050000000000000003,,,
2.5500000000000003,0.0730977265128777,0.078081666001153127,-0.0049839394882754268,0.0049839394882754268,convergencia,Euler,0.050000000000000003,,,
2.6000000000000001,0.069442840187233831,0.074273578214333877,-0.0048307380271000455,0.0048307380271000455,convergencia,Euler,0.050000000000000003,,,
2.6500000000000004,0.065970698177872128,0.070651213060429569,-0.0046805148825574405,0.0046805148825574405,convergencia,Euler,0.050000000000000003,,,
2.7000000000000002,0.062672163268978537,0.067205512739749756,-0.0045333494707712196,0.0045333494707712196,convergencia,Euler,0.050000000000000003,,,
2.75,0.05953855510552962,0.06392786120670757,-0.0043893061011779505,0.0043893061011779505,convergencia,Euler,0.050000000000000003,,,
2.8000000000000003,0.056561627350253121,0.060810062625217952,-0.0042484352749648305,0.0042484352749648305,convergencia,Euler,0.050000000000000003,,,
2.8500000000000001,0.053733545982740473,0.057844320874838456,-0.0041107748920979834,0.0041107748920979834,convergencia,Euler,0.050000000000000003,,,
2.9000000000000004,0.051046868683603433,0.05502322005640721,-0.0039763513728037769,0.0039763513728037769,convergencia,Euler,0.050000000000000003,,,
2.9500000000000002,0.04849452524942327,0.052339705948432381,-0.0038451806990091111,0.0038451806990091111,convergencia,Euler,0.050000000000000003,,,
3,0.046069798986952112,0.049787068367863944,-0.0037172693809118321,0.0037172693809118321,convergencia,Euler,0.050000000000000003,,,
3.0500000000000003,0.043766309037604492,0.047358924391140908,-0.0035926153535364158,0.0035926153535364158,convergencia,Euler,0.050000000000000003,,,
3.1000000000000001,0.041577993585724275,0.045049202393557801,-0.0034712088078335257,0.0034712088078335257,convergencia,Euler,0.050000000000000003,,,
3.1500000000000004,0.039499093906438049,0.042852126867040166,-0.0033530329606021175,0.0033530329606021175,convergencia,Euler,0.050000000000000003,,,
3.2000000000000002,0.03752413921111615,0.040762203978366211,-0.0032380647672500609,0.0032380647672500609,convergencia,Euler,0.050000000000000003,,,
3.25,0.03564793225056035,0.038774207831722009,-0.0031262755811616583,0.0031262755811616583,convergencia,Euler,0.050000000000000003,,,
3.3000000000000003,0.033865535638032324,0.036883167401239994,-0.0030176317632076705,0.0030176317632076705,convergencia,Euler,0.050000000000000003,,,
3.3500000000000001,0.03217225885613071,0.035084354100845025,-0.0029120952447143147,0.0029120952447143147,convergencia,Euler,0.050000000000000003,,,
3.4000000000000004,0.030563645913324167,0.033373269960326066,-0.002809624047001899,0.002809624047001899,convergencia,Euler,0.050000000000000003,,,
3.4500000000000002,0.029035463617657964,0.031745636378067939,-0.0027101727604099748,0.0027101727604099748,convergencia,Euler,0.050000000000000003,,,
3.5,0.027583690436775072,0.030197383422318501,-0.0026136929855434289,0.0026136929855434289,convergencia,Euler,0.050000000000000003,,,
3.5500000000000003,0.02620450591493631,0.028724639654239423,-0.0025201337393031126,0.0025201337393031126,convergencia,Euler,0.050000000000000003,,,
3.6000000000000001,0.0248942806191895,0.027323722447292559,-0.0024294418281030593,0.0024294418281030593,convergencia,Euler,0.050000000000000003,,,
3.6500000000000004,0.023649566588230017,0.025991128778755333,-0.0023415621905253162,0.0023415621905253162,convergencia,Euler,0.050000000000000003,,,
3.7000000000000002,0.022467088258818522,0.024723526470339388,-0.0022564382115208663,0.0022564382115208663,convergencia,Euler,0.050000000000000003,,,
3.75,0.021343733845877601,0.023517745856009107,-0.0021740120101315062,0.0021740120101315062,convergencia,Euler,0.050000000000000003,,,
3.8000000000000003,0.020276547153583714,0.022370771856165591,-0.0020942247025818768,0.0020942247025818768,convergencia,Euler,0.050000000000000003,,,
3.8500000000000001,0.019262719795904531,0.021279736438377168,-0.0020170166424726375,0.0020170166424726375,convergencia,Euler,0.050000000000000003,,,
3.9000000000000004,0.018299583806109299,0.020241911445804381,-0.0019423276396950823,0.0019423276396950823,convergencia,Euler,0.050000000000000003,,,
3.9500000000000002,0.017384604615803836,0.01925470177538692,-0.001870097159583084,0.001870097159583084,convergencia,Euler,0.050000000000000003,,,
4,0.016515374385013649,0.018315638888734179,-0.0018002645037205299,0.0018002645037205299,convergencia,Euler,0.050000000000000003,,,
4.0499999999999998,0.015689605665762968,0.017422374639493515,-0.0017327689737305467,0.0017327689737305467,convergencia,Euler,0.050000000000000003,,,
4.1000000000000005,0.014905125382474809,0.016572675401761237,-0.0016675500192864286,0.0016675500192864286,convergencia,Euler,0.050000000000000003,,,
4.1500000000000004,0.01415986911335107,0.015764416484854486,-0.0016045473715034161,0.0016045473715034161,convergencia,Euler,0.050000000000000003,,,
4.2000000000000002,0.013451875657683519,0.014995576820477703,-0.0015437011627941841,0.0015437011627941841,convergencia,Euler,0.050000000000000003,,,
4.25,0.012779281874799346,0.014264233908999256,-0.0014849520341999097,0.0014849520341999097,convergencia,Euler,0.050000000000000003,,,
4.2999999999999998,0.012140317781059382,0.013568559012200934,-0.0014282412311415523,0.0014282412311415523,convergencia,Euler,0.050000000000000003,,,
4.3500000000000005,0.011533301892006404,0.012906812580479862,-0.0013735106884734585,0.0013735106884734585,convergencia,Euler,0.050000000000000003,,,
4.4000000000000004,0.010956636797406086,0.012277339903068436,-0.0013207031056623499,0.0013207031056623499,convergencia,Euler,0.050000000000000003,,,
4.4500000000000002,0.010408804957535784,0.011678566970395442,-0.0012697620128596585,0.0012697620128596585,convergencia,Euler,0.050000000000000003,,,
4.5,0.0098883647096589967,0.011108996538242306,-0.0012206318285833094,0.0012206318285833094,convergencia,Euler,0.050000000000000003,,,
4.5499999999999998,0.0093939464741760494,0.010567204383852655,-0.0011732579096766053,0.0011732579096766053,convergencia,Euler,0.050000000000000003,,,
4.6000000000000005,0.0089242491504672398,0.010051835744633576,-0.0011275865941663358,0.0011275865941663358,convergencia,Euler,0.050000000000000003,,,
4.6500000000000004,0.0084780366929438789,0.0095616019305435045,-0.0010835652375996256,0.0010835652375996256,convergencia,Euler,0.050000000000000003,,,
4.7000000000000002,0.0080541348582966864,0.0090952771016958155,-0.0010411422433991291,0.0010411422433991291,convergencia,Euler,0.050000000000000003,,,
4.75,0.0076514281153818534,0.0086516952031206341,-0.0010002670877387806,0.0010002670877387806,convergencia,Euler,0.050000000000000003,,,
4.8000000000000007,0.0072688567096127555,0.0082297470490200232,-0.00096089033940726775,0.00096089033940726775,convergencia,Euler,0.050000000000000003,,,
4.8500000000000005,0.0069054138741321191,0.0078283775492257665,-0.00092296367509364739,0.00092296367509364739,convergencia,Euler,0.050000000000000003,,,
4.9000000000000004,0.006560143180425514,0.0074465830709243381,-0.00088643989049882414,0.00088643989049882414,convergencia,Euler,0.050000000000000003,,,
4.9500000000000002,0.0062321360214042396,0.0070834089290521185,-0.00085127290764787887,0.00085127290764787887,convergencia,Euler,0.050000000000000003,,,
5,0.0059205292203340287,0.006737946999085467,-0.00081741777875143831,0.00081741777875143831,convergencia,Euler,0.050000000000000003,,,
5.0500000000000007,0.0056245027593173234,0.006409333446256377,-0.00078483068693905363,0.00078483068693905363,convergencia,Euler,0.050000000000000003,,,
5.1000000000000005,0.0053432776213514586,0.0060967465655156327,-0.00075346894416417412,0.00075346894416417412,convergencia,Euler,0.050000000000000003,,,
5.1500000000000004,0.0050761137402838864,0.0057994047268421414,-0.00072329098655825493,0.00072329098655825493,convergencia,Euler,0.050000000000000003,,,
5.2000000000000002,0.0048223080532696933,0.0055165644207607716,-0.00069425636749107823,0.00069425636749107823,convergencia,Euler,0.050000000000000003,,,
5.25,0.0045811926506062091,0.0052475183991813846,-0.00066632574857517553,0.00066632574857517553,convergencia,Euler,0.050000000000000003,,,
5.3000000000000007,0.0043521330180758952,0.0049915939069102126,-0.00063946088883431746,0.00063946088883431746,convergencia,Euler,0.050000000000000003,,,
5.3500000000000005,0.0041345263671721012,0.0047481509994114733,-0.00061362463223937208,0.00061362463223937208,convergencia,Euler,0.050000000000000003,,,
5.4000000000000004,0.003927800048813497,0.0045165809426126659,-0.00058878089379916891,0.00058878089379916891,convergencia,Euler,0.050000000000000003,,,
5.4500000000000002,0.0037314100463728228,0.0042963046907523398,-0.00056489464437951701,0.00056489464437951701,convergencia,Euler,0.050000000000000003,,,
5.5,0.0035448395440541825,0.0040867714384640666,-0.0005419318944098841,0.0005419318944098841,convergencia,Euler,0.050000000000000003,,,
5.5500000000000007,0.0033675975668514707,0.0038874572434761268,-0.00051985967662465616,0.00051985967662465616,convergencia,Euler,0.050000000000000003,,,
5.6000000000000005,0.0031992176885088978,0.003697863716482929,-0.00049864602797403124,0.00049864602797403124,convergencia,Euler,0.050000000000000003,,,
5.6500000000000004,0.0030392568040834536,0.0035175167749121284,-0.00047825997082867481,0.00047825997082867481,convergencia,Euler,0.050000000000000003,,,
5.7000000000000002,0.0028872939638792815,0.003345965457471272,-0.00045867149359199054,0.00045867149359199054,convergencia,Euler,0.050000000000000003,,,
5.75,0.0027429292656853178,0.0031827807965096669,-0.0004398515308243491,0.0004398515308243491,convergencia,Euler,0.050000000000000003,,,
5.8000000000000007,0.0026057828024010497,0.0030275547453758127,-0.00042177194297476298,0.00042177194297476298,convergencia,Euler,0.050000000000000003,,,
5.8500000000000005,0.0024754936622809979,0.0028798991580882404,-0.00040440549580724253,0.00040440549580724253,convergencia,Euler,0.050000000000000003,,,
5.9000000000000004,0.0023517189791669485,0.0027394448187683684,-0.00038772583960141986,0.00038772583960141986,convergencia,Euler,0.050000000000000003,,,
5.9500000000000002,0.0022341330302086014,0.0026058405184084983,-0.00037170748819989694,0.00037170748819989694,convergencia,Euler,0.050000000000000003,,,
6,0.0021224263786981715,0.0024787521766663585,-0.00035632579796818697,0.00035632579796818697,convergencia,Euler,0.050000000000000003,,,
6.0500000000000007,0.0020163050597632615,0.0023578620064902307,-0.00034155694672696919,0.00034155694672696919,convergencia,Euler,0.050000000000000003,,,
6.1000000000000005,0.0019154898067750988,0.0022428677194858012,-0.00032737791271070238,0.00032737791271070238,convergencia,Euler,0.050000000000000003,,,
6.1500000000000004,0.0018197153164363441,0.0021334817700377081,-0.00031376645360136398,0.00031376645360136398,convergencia,Euler,0.050000000000000003,,,
6.2000000000000002,0.0017287295506145273,0.002029430636295734,-0.00030070108568120671,0.00030070108568120671,convergencia,Euler,0.050000000000000003,,,
6.25,0.0016422930730838013,0.0019304541362277093,-0.00028816106314390796,0.00028816106314390796,convergencia,Euler,0.050000000000000003,,,
6.3000000000000007,0.0015601784194296101,0.0018363047770289056,-0.00027612635759929546,0.00027612635759929546,convergencia,Euler,0.050000000000000003,,,
6.3500000000000005,0.00148216949845813,0.0017467471362611182,-0.00026457763780298816,0.00026457763780298816,convergencia,Euler,0.050000000000000003,,,
6.4000000000000004,0.0014080610235352238,0.0016615572731739339,-0.00025349624963871007,0.00025349624963871007,convergencia,Euler,0.050000000000000003,,,
6.4500000000000002,0.001337657972358463,0.0015805221687362171,-0.00024286419637775409,0.00024286419637775409,convergencia,Euler,0.050000000000000003,,,
6.5,0.00127077507374054,0.0015034391929775724,-0.0002326641192370324,0.0002326641192370324,convergencia,Euler,0.050000000000000003,,,
6.5500000000000007,0.0012072363200535121,0.0014301155983078731,-0.000222879278254361,0.000222879278254361,convergencia,Euler,0.050000000000000003,,,
6.6000000000000005,0.0011468745040508366,0.0013603680375478928,-0.00021349353349705614,0.00021349353349705614,convergencia,Euler,0.050000000000000003,,,
6.6500000000000004,0.0010895307788482951,0.001294022105465848,-0.00020449132661755289,0.00020449132661755289,convergencia,Euler,0.050000000000000003,,,
6.7000000000000002,0.0010350542399058806,0.001230911902673481,-0.00019585766276760037,0.00019585766276760037,convergencia,Euler,0.050000000000000003,,,
6.75,0.00098330152791058678,0.0011708796207911744,-0.00018757809288058765,0.00018757809288058765,convergencia,Euler,0.050000000000000003,,,
6.8000000000000007,0.0009341364515150567,0.0011137751478448024,-0.00017963869632974569,0.00017963869632974569,convergencia,Euler,0.050000000000000003,,,
6.8500000000000005,0.00088742962893930397,0.0010594556929076091,-0.00017202606396830508,0.00017202606396830508,convergencia,Euler,0.050000000000000003,,,
6.9000000000000004,0.00084305814749233892,0.0010077854290485105,-0.00016472728155617154,0.00016472728155617154,convergencia,Euler,0.050000000000000003,,,
6.9500000000000002,0.00080090524011772212,0.00095863515369401986,-0.00015772991357629774,0.00015772991357629774,convergencia,Euler,0.050000000000000003,,,
7,0.00076085997811183611,0.00091188196555451624,-0.00015102198744268013,0.00015102198744268013,convergencia,Euler,0.050000000000000003,,,
7.0500000000000007,0.0007228169792062438,0.00086740895730700175,-0.00014459197810075795,0.00014459197810075795,convergencia,Euler,0.050000000000000003,,,
7.1000000000000005,0.00068667613024593177,0.00082510492326590384,-0.00013842879301997207,0.00013842879301997207,convergencia,Euler,0.050000000000000003,,,
7.1500000000000004,0.00065234232373363526,0.00078486408131093165,-0.00013252175757729639,0.00013252175757729639,convergencia,Euler,0.050000000000000003,,,
7.2000000000000002,0.00061972520754695359,0.0007465858083766792,-0.00012686060082972561,0.00012686060082972561,convergencia,Euler,0.050000000000000003,,,
7.25,0.00058873894716960598,0.00071017438884254903,-0.00012143544167294304,0.00012143544167294304,convergencia,Euler,0.050000000000000003,,,
7.3000000000000007,0.00055930199981112528,0.00067553877519384374,-0.00011623677538271846,0.00011623677538271846,convergencia,Euler,0.050000000000000003,,,
7.3500000000000005,0.00053133689982056917,0.00064259236035555734,-0.00011125546053498817,0.00011125546053498817,convergencia,Euler,0.050000000000000003,,,
7.4000000000000004,0.00050477005482954084,0.0006112527611295723,-0.00010648270630003146,0.00010648270630003146,convergencia,Euler,0.050000000000000003,,,
7.4500000000000002,0.0004795315520880639,0.00058144161219375557,-0.00010191006010569167,0.00010191006010569167,convergencia,Euler,0.050000000000000003,,,
7.5,0.00045555497448366081,0.00055308437014783363,-9.752939566417282e-05,9.752939566417282e-05,convergencia,Euler,0.050000000000000003,,,
7.5500000000000007,0.00043277722575947743,0.00052611012711606322,-9.3332901356585785e-05,9.3332901356585785e-05,convergencia,Euler,0.050000000000000003,,,
7.6000000000000005,0.00041113836447150362,0.0005004514334406104,-8.9313068969106783e-05,8.9313068969106783e-05,convergencia,Euler,0.050000000000000003,,,
7.6500000000000004,0.00039058144624792851,0.00047604412902226933,-8.5462682774340825e-05,8.5462682774340825e-05,convergencia,Euler,0.050000000000000003,,,
7.7000000000000002,0.00037105237393553214,0.00045282718288679695,-8.1774808951264814e-05,8.1774808951264814e-05,convergencia,Euler,0.050000000000000003,,,
7.75,0.00035249975523875558,0.00043074254057568753,-7.8242785336931947e-05,7.8242785336931947e-05,convergencia,Euler,0.050000000000000003,,,
7.8000000000000007,0.00033487476747681754,0.00040973497897978643,-7.4860211502968891e-05,7.4860211502968891e-05,convergencia,Euler,0.050000000000000003,,,
7.8500000000000005,0.00031813102910297674,0.00038975196825275448,-7.1620939149777743e-05,7.1620939149777743e-05,convergencia,Euler,0.050000000000000003,,,
7.9000000000000004,0.00030222447764782795,0.00037074354045908822,-6.8519062811260275e-05,6.8519062811260275e-05,convergencia,Euler,0.050000000000000003,,,
7.9500000000000002,0.00028711325376543659,0.00035266216462825575,-6.554891086281916e-05,6.554891086281916e-05,convergencia,Euler,0.050000000000000003,,,
8,0.0002727575910771648,0.00033546262790251185,-6.2705036825347056e-05,6.2705036825347056e-05,convergencia,Euler,0.050000000000000003,,,
8.0500000000000007,0.00025911971152330635,0.00031910192248120326,-5.9982210957896913e-05,5.9982210957896913e-05,convergencia,Euler,0.050000000000000003,,,
8.0999999999999996,0.0002461637259471413,0.00030353913807886678,-5.7375412131725474e-05,5.7375412131725474e-05,convergencia,Euler,0.050000000000000003,,,
8.1500000000000004,0.00023385553964978405,0.00028873535962820301,-5.487981997841896e-05,5.487981997841896e-05,convergencia,Euler,0.050000000000000003,,,
8.2000000000000011,0.00022216276266729469,0.00027465356997214205,-5.2490807304847356e-05,5.2490807304847356e-05,convergencia,Euler,0.050000000000000003,,,
8.25,0.0002110546245339302,0.00026125855730166754,-5.0203932767737338e-05,5.0203932767737338e-05,convergencia,Euler,0.050000000000000003,,,
8.3000000000000007,0.00020050189330723353,0.00024851682710795185,-4.8014933800718314e-05,4.8014933800718314e-05,convergencia,Euler,0.050000000000000003,,,
8.3499999999999996,0.00019047679864187206,0.00023639651842864072,-4.5919719786768659e-05,4.5919719786768659e-05,convergencia,Euler,0.050000000000000003,,,
8.4000000000000004,0.00018095295870977832,0.00022486732417884819,-4.391436546906987e-05,4.391436546906987e-05,convergencia,Euler,0.050000000000000003,,,
8.4500000000000011,0.00017190531077428928,0.00021390041536766111,-4.1995104593371826e-05,4.1995104593371826e-05,convergencia,Euler,0.050000000000000003,,,
8.5,0.000163310045235575,0.00020346836901064417,-4.0158323775069165e-05,4.0158323775069165e-05,convergencia,Euler,0.050000000000000003,,,
8.5500000000000007,0.00015514454297379615,0.00019354509955809383,-3.8400556584297678e-05,3.8400556584297678e-05,convergencia,Euler,0.050000000000000003,,,
8.5999999999999996,0.00014738731582510651,0.00018410579366757919,-3.6718477842472686e-05,3.6718477842472686e-05,convergencia,Euler,0.050000000000000003,,,
8.6500000000000004,0.00014001795003385108,0.00017512684815765842,-3.5108898123807343e-05,3.5108898123807343e-05,convergencia,Euler,0.050000000000000003,,,
8.7000000000000011,0.00013301705253215842,0.00016658581098763324,-3.3568758455474818e-05,3.3568758455474818e-05,convergencia,Euler,0.050000000000000003,,,
8.75,0.00012636619990555065,0.00015846132511575126,-3.2095125210200603e-05,3.2095125210200603e-05,convergencia,Euler,0.050000000000000003,,,
8.8000000000000007,0.00012004788991027303,0.0001507330750954765,-3.0685185185203471e-05,3.0685185185203471e-05,convergencia,Euler,0.050000000000000003,,,
8.8499999999999996,0.00011404549541475951,0.00014338173627629318,-2.9336240861533672e-05,2.9336240861533672e-05,convergencia,Euler,0.050000000000000003,,,
8.9000000000000004,0.00010834322064402145,0.0001363889264820114,-2.8045705837989951e-05,2.8045705837989951e-05,convergencia,Euler,0.050000000000000003,,,
8.9500000000000011,0.00010292605961182029,0.0001297371600457538,-2.6811100433933507e-05,2.6811100433933507e-05,convergencia,Euler,0.050000000000000003,,,
9,9.7779756631229391e-05,0.00012340980408667956,-2.563004745545017e-05,2.563004745545017e-05,convergencia,Euler,0.050000000000000003,,,
9.0500000000000007,9.2890768799667848e-05,0.00011739103691911796,-2.4500268119450117e-05,2.4500268119450117e-05,convergencia,Euler,0.050000000000000003,,,
9.0999999999999996,8.8246230359684556e-05,0.00011166580849011478,-2.3419578130430221e-05,2.3419578130430221e-05,convergencia,Euler,0.050000000000000003,,,
9.1500000000000004,8.3833918841700271e-05,0.00010621980274645875,-2.2385883904758479e-05,2.2385883904758479e-05,convergencia,Euler,0.050000000000000003,,,
9.2000000000000011,7.9642222899615196e-05,0.00010103940183709324,-2.1397178937478047e-05,2.1397178937478047e-05,convergencia,Euler,0.050000000000000003,,,
9.25,7.5660111754634522e-05,9.6111652061394695e-05,-2.0451540306760173e-05,2.0451540306760173e-05,convergencia,Euler,0.050000000000000003,,,
9.3000000000000007,7.1877106166902746e-05,9.142423147817327e-05,-1.9547125311270523e-05,1.9547125311270523e-05,convergencia,Euler,0.050000000000000003,,,
9.3499999999999996,6.8283250858557692e-05,8.6965419094402918e-05,-1.8682168235845226e-05,1.8682168235845226e-05,convergencia,Euler,0.050000000000000003,,,
9.4000000000000004,6.4869088315629758e-05,8.2724065556632228e-05,-1.7854977241002471e-05,1.7854977241002471e-05,convergencia,Euler,0.050000000000000003,,,
9.4500000000000011,6.1625633899848228e-05,7.868956527179456e-05,-1.7063931371946332e-05,1.7063931371946332e-05,convergencia,Euler,0.050000000000000003,,,
9.5,5.8544352204855884e-05,7.4851829887700598e-05,-1.6307477682844714e-05,1.6307477682844714e-05,convergencia,Euler,0.050000000000000003,,,
9.5500000000000007,5.5617134594613049e-05,7.1201263066902732e-05,-1.5584128472289683e-05,1.5584128472289683e-05,convergencia,Euler,0.050000000000000003,,,
9.6000000000000014,5.2836277864882355e-05,6.7728736490853776e-05,-1.4892458625971421e-05,1.4892458625971421e-05,convergencia,Euler,0.050000000000000003,,,
9.6500000000000004,5.0194463971638291e-05,6.4425567034355417e-05,-1.4231103062717126e-05,1.4231103062717126e-05,convergencia,Euler,0.050000000000000003,,,
9.7000000000000011,4.7684740773056339e-05,6.1283495053222024e-05,-1.3598754280165685e-05,1.3598754280165685e-05,convergencia,Euler,0.050000000000000003,,,
9.75,4.5300503734403572e-05,5.8294663730868811e-05,-1.2994159996465239e-05,1.2994159996465239e-05,convergencia,Euler,0.050000000000000003,,,
9.8000000000000007,4.3035478547683363e-05,5.5451599432176945e-05,-1.2416120884493582e-05,1.2416120884493582e-05,convergencia,Euler,0.050000000000000003,,,
9.8500000000000014,4.0883704620299162e-05,5.2747193015513757e-05,-1.1863488395214595e-05,1.1863488395214595e-05,convergencia,Euler,0.050000000000000003,,,
9.9000000000000004,3.8839519389284245e-05,5.0174682056175283e-05,-1.1335162666891037e-05,1.1335162666891037e-05,convergencia,Euler,0.050000000000000003,,,
9.9500000000000011,3.6897543419820003e-05,4.7727633936801882e-05,-1.083009051698188e-05,1.083009051698188e-05,convergencia,Euler,0.050000000000000003,,,
10,3.5052666248829045e-05,4.5399929762484854e-05,-1.0347263513655809e-05,1.0347263513655809e-05,convergencia,Euler,0.050000000000000003,,,
0,1,1,0,0,convergencia,Euler,0.025000000000000001,,,
0.025000000000000001,0.97499999999999998,0.97530991202833262,-0.00030991202833263731,0.00030991202833263731,convergencia,Euler,0.025000000000000001,,,
0.050000000000000003,0.95062499999999994,0.95122942450071402,-0.00060442450071407361,0.00060442450071407361,convergencia,Euler,0.025000000000000001,,,
0.075000000000000011,0.92685937499999993,0.92774348632855286,-0.00088411132855292784,0.00088411132855292784,convergencia,Euler,0.025000000000000001,,,
0.10000000000000001,0.90368789062499999,0.90483741803595952,-0.0011495274109595277,0.0011495274109595277,convergencia,Euler,0.025000000000000001,,,
0.125,0.88109569335937499,0.88249690258459546,-0.0014012092252204678,0.0014012092252204678,convergencia,Euler,0.025000000000000001,,,
0.15000000000000002,0.85906830102539056,0.86070797642505781,-0.0016396753996672508,0.0016396753996672508,convergencia,Euler,0.025000000000000001,,,
0.17500000000000002,0.83759159349975576,0.83945702076920736,-0.0018654272694516028,0.0018654272694516028,convergencia,Euler,0.025000000000000001,,,
0.20000000000000001,0.81665180366226187,0.81873075307798182,-0.0020789494157199551,0.0020789494157199551,convergencia,Euler,0.025000000000000001,,,
0.22500000000000001,0.79623550857070535,0.79851621875937706,-0.0022807101886717085,0.0022807101886717085,convergencia,Euler,0.025000000000000001,,,
0.25,0.77632962085643775,0.77880078307140488,-0.0024711622149671264,0.0024711622149671264,convergencia,Euler,0.025000000000000001,,,
0.27500000000000002,0.75692138033502676,0.75957212322496848,-0.0026507428899417151,0.0026507428899417151,convergencia,Euler,0.025000000000000001,,,
0.30000000000000004,0.73799834582665103,0.74081822068171788,-0.0028198748550668506,0.0028198748550668506,convergencia,Euler,0.025000000000000001,,,
0.32500000000000001,0.71954838718098479,0.72252735364207221,-0.0029789664610874178,0.0029789664610874178,convergencia,Euler,0.025000000000000001,,,
0.35000000000000003,0.7015596775014602,0.70468808971871344,-0.0031284122172532403,0.0031284122172532403,convergencia,Euler,0.025000000000000001,,,
0.375,0.6840206855639237,0.68728927879097224,-0.0032685932270485329,0.0032685932270485329,convergencia,Euler,0.025000000000000001,,,
0.40000000000000002,0.6669201684248256,0.67032004603563933,-0.0033998776108137285,0.0033998776108137285,convergencia,Euler,0.025000000000000001,,,
0.42500000000000004,0.65024716421420492,0.65376978512984729,-0.0035226209156423716,0.0035226209156423716,convergencia,Euler,0.025000000000000001,,,
0.45000000000000001,0.63399098510884977,0.63762815162177333,-0.003637166512923562,0.003637166512923562,convergencia,Euler,0.025000000000000001,,,
0.47500000000000003,0.61814121048112847,0.62188505646502001,-0.0037438459838915472,0.0037438459838915472,convergencia,Euler,0.025000000000000001,,,
0.5,0.60268768021910024,0.60653065971263342,-0.0038429794935331829,0.0038429794935331829,convergencia,Euler,0.025000000000000001,,,
0.52500000000000002,0.58762048821362267,0.59155536436681511,-0.0039348761531924348,0.0039348761531924348,convergencia,Euler,0.025000000000000001,,,
0.55000000000000004,0.5729299760082821,0.57694981038048665,-0.0040198343722045449,0.0040198343722045449,convergencia,Euler,0.025000000000000001,,,
0.57500000000000007,0.55860672660807509,0.56270486880695569,-0.0040981421988806055,0.0040981421988806055,convergencia,Euler,0.025000000000000001,,,
0.60000000000000009,0.54464155844287321,0.54881163609402639,-0.0041700776511531812,0.0041700776511531812,convergencia,Euler,0.025000000000000001,,,
0.625,0.53102551948180143,0.53526142851899028,-0.0042359090371888453,0.0042359090371888453,convergencia,Euler,0.025000000000000001,,,
0.65000000000000002,0.51774988149475643,0.52204577676101604,-0.0042958952662596195,0.0042958952662596195,convergencia,Euler,0.025000000000000001,,,
0.67500000000000004,0.50480613445738753,0.50915642060754918,-0.0043502861501616419,0.0043502861501616419,convergencia,Euler,0.025000000000000001,,,
0.70000000000000007,0.49218598109595285,0.49658530379140947,-0.00439932269545662,0.00439932269545662,convergencia,Euler,0.025000000000000001,,,
0.72500000000000009,0.479881331568554,0.48432456895536241,-0.0044432373868084074,0.0044432373868084074,convergencia,Euler,0.025000000000000001,,,
0.75,0.46788429827934019,0.47236655274101469,-0.0044822544616744953,0.0044822544616744953,convergencia,Euler,0.025000000000000001,,,
0.77500000000000002,0.4561871908223567,0.46070378099896581,-0.0045165901766091032,0.0045165901766091032,convergencia,Euler,0.025000000000000001,,,
0.80000000000000004,0.44478251105179778,0.44932896411722156,-0.0045464530654237834,0.0045464530654237834,convergencia,Euler,0.025000000000000001,,,
0.82500000000000007,0.43366294827550284,0.43823499246494918,-0.0045720441894463448,0.0045720441894463448,convergencia,Euler,0.025000000000000001,,,
0.85000000000000009,0.42282137456861524,0.42741493194872665,-0.0045935573801114127,0.0045935573801114127,convergencia,Euler,0.025000000000000001,,,
0.875,0.41225084020439989,0.41686201967850839,-0.0046111794741084955,0.0046111794741084955,convergencia,Euler,0.025000000000000001,,,
0.90000000000000002,0.40194456919928989,0.40656965974059911,-0.004625090541309218,0.004625090541309218,convergencia,Euler,0.025000000000000001,,,
0.92500000000000004,0.39189595496930762,0.39653141907499284,-0.0046354641056852164,0.0046354641056852164,convergencia,Euler,0.025000000000000001,,,
0.95000000000000007,0.38209855609507493,0.38674102345450118,-0.00464246735942625,0.00464246735942625,convergencia,Euler,0.025000000000000001,,,
0.97500000000000009,0.37254609219269802,0.37719235356315689,-0.0046462613704588707,0.0046462613704588707,convergencia,Euler,0.025000000000000001,,,
1,0.36323243988788062,0.36787944117144233,-0.0046470012835617136,0.0046470012835617136,convergencia,Euler,0.025000000000000001,,,
1.0250000000000001,0.35415162889068358,0.35879646540595156,-0.0046448365152679805,0.0046448365152679805,convergencia,Euler,0.025000000000000001,,,
1.05,0.34529783816841653,0.34993774911115533,-0.0046399109427388008,0.0046399109427388008,convergencia,Euler,0.025000000000000001,,,
1.075,0.33666539221420616,0.34129775530099371,-0.0046323630867875498,0.0046323630867875498,convergencia,Euler,0.025000000000000001,,,
1.1000000000000001,0.32824875740885096,0.33287108369807955,-0.0046223262892285955,0.0046223262892285955,convergencia,Euler,0.025000000000000001,,,
1.125,0.32004253847362973,0.32465246735834974,-0.0046099288847200048,0.0046099288847200048,convergencia,Euler,0.025000000000000001,,,
1.1500000000000001,0.31204147501178897,0.31663676937905316,-0.004595294367264191,0.004595294367264191,convergencia,Euler,0.025000000000000001,,,
1.175,0.30424043813649426,0.30881897968801986,-0.0045785415515255945,0.0045785415515255945,convergencia,Euler,0.025000000000000001,,,
1.2000000000000002,0.29663442718308186,0.30119421191220203,-0.0045597847291201643,0.0045597847291201643,convergencia,Euler,0.025000000000000001,,,
1.2250000000000001,0.28921856650350486,0.29375770032353277,-0.0045391338200279074,0.0045391338200279074,convergencia,Euler,0.025000000000000001,,,
1.25,0.28198810234091726,0.28650479686019009,-0.0045166945192728347,0.0045166945192728347,convergencia,Euler,0.025000000000000001,,,
1.2750000000000001,0.27493839978239432,0.27943096822140728,-0.0044925684390129672,0.0044925684390129672,convergencia,Euler,0.025000000000000001,,,
1.3,0.26806493978783447,0.27253179303401259,-0.0044668532461781263,0.0044668532461781263,convergencia,Euler,0.025000000000000001,,,
1.3250000000000002,0.26136331629313858,0.26580295908892654,-0.004439642795787957,0.004439642795787957,convergencia,Euler,0.025000000000000001,,,
1.3500000000000001,0.25482923338581015,0.25924026064589151,-0.0044110272600813571,0.0044110272600813571,convergencia,Euler,0.025000000000000001,,,
1.375,0.24845850255116492,0.25283959580474646,-0.0043810932535815472,0.0043810932535815472,convergencia,Euler,0.025000000000000001,,,
1.4000000000000001,0.24224703998738575,0.24659696394160643,-0.0043499239542206802,0.0043499239542206802,convergencia,Euler,0.025000000000000001,,,
1.425,0.23619086398770114,0.24050846320834213,-0.004317599220640983,0.004317599220640983,convergencia,Euler,0.025000000000000001,,,
1.4500000000000002,0.2302860923880086,0.23457028809379762,-0.004284195705789029,0.004284195705789029,convergencia,Euler,0.025000000000000001,,,
1.4750000000000001,0.2245289400783084,0.22877872704522242,-0.0042497869669140265,0.0042497869669140265,convergencia,Euler,0.025000000000000001,,,
1.5,0.2189157165763507,0.22313016014842982,-0.0042144435720791185,0.0042144435720791185,convergencia,Euler,0.025000000000000001,,,
1.5250000000000001,0.21344282366194189,0.21762105686523284,-0.0041782332032909431,0.0041782332032909431,convergencia,Euler,0.025000000000000001,,,
1.55,0.20810675307039336,0.21224797382674304,-0.0041412207563496783,0.0041412207563496783,convergencia,Euler,0.025000000000000001,,,
1.5750000000000002,0.20290408424363351,0.20700755268115259,-0.0041034684375190755,0.0041034684375190755,convergencia,Euler,0.025000000000000001,,,
1.6000000000000001,0.1978314821375427,0.20189651799465538,-0.004065035857112681,0.004065035857112681,convergencia,Euler,0.025000000000000001,,,
1.625,0.19288569508410416,0.19691167520419406,-0.0040259801200898948,0.0040259801200898948,convergencia,Euler,0.025000000000000001,,,
1.6500000000000001,0.18806355270700154,0.19204990862075408,-0.0039863559137525428,0.0039863559137525428,convergencia,Euler,0.025000000000000001,,,
1.675,0.18336196388932652,0.18730817948195702,-0.0039462155926305031,0.0039462155926305031,convergencia,Euler,0.025000000000000001,,,
1.7000000000000002,0.17877791479209332,0.18268352405273461,-0.0039056092606412907,0.0039056092606412907,convergencia,Euler,0.025000000000000001,,,
1.7250000000000001,0.17430846692229099,0.17817305177289841,-0.0038645848506074221,0.0038645848506074221,convergencia,Euler,0.025000000000000001,,,
1.75,0.16995075524923373,0.17377394345044514,-0.0038231882012114138,0.0038231882012114138,convergencia,Euler,0.025000000000000001,,,
1.7750000000000001,0.16570198636800287,0.16948344949947006,-0.0037814631314671832,0.0037814631314671832,convergencia,Euler,0.025000000000000001,,,
1.8,0.16155943670880282,0.16529888822158653,-0.0037394515127837091,0.0037394515127837091,convergencia,Euler,0.025000000000000001,,,
1.8250000000000002,0.15752045079108273,0.16121764412977674,-0.0036971933386940048,0.0036971933386940048,convergencia,Euler,0.025000000000000001,,,
1.8500000000000001,0.15358243952130568,0.15723716631362761,-0.0036547267923219273,0.0036547267923219273,convergencia,Euler,0.025000000000000001,,,
1.875,0.14974287853327306,0.15335496684492847,-0.0036120883116554092,0.0036120883116554092,convergencia,Euler,0.025000000000000001,,,
1.9000000000000001,0.1459993065699412,0.14956861922263504,-0.0035693126526938346,0.0035693126526938346,convergencia,Euler,0.025000000000000001,,,
1.925,0.14234932390569269,0.14587575685622736,-0.0035264329505346748,0.0035264329505346748,convergencia,Euler,0.025000000000000001,,,
1.9500000000000002,0.13879059080805034,0.14227407158651353,-0.0034834807784631938,0.0034834807784631938,convergencia,Euler,0.025000000000000001,,,
1.9750000000000001,0.13532082603784909,0.13876131224295524,-0.0034404862051061469,0.0034404862051061469,convergencia,Euler,0.025000000000000001,,,
2,0.13193780538690286,0.1353352832366127,-0.0033974778497098401,0.0033974778497098401,convergencia,Euler,0.025000000000000001,,,
2.0249999999999999,0.1286393602522303,0.13199384318783022,-0.0033544829355999228,0.0033544829355999228,convergencia,Euler,0.025000000000000001,,,
2.0500000000000003,0.12542337624592451,0.12873490358780418,-0.003311527341879672,0.003311527341879672,convergencia,Euler,0.025000000000000001,,,
2.0750000000000002,0.12228779183977641,0.1255564274931972,-0.0032686356534207955,0.0032686356534207955,convergencia,Euler,0.025000000000000001,,,
2.1000000000000001,0.11923059704378201,0.12245642825298191,-0.003225831209199892,0.003225831209199892,convergencia,Euler,0.025000000000000001,,,
2.125,0.11624983211768747,0.11943296826671962,-0.0031831361490321508,0.0031831361490321508,convergencia,Euler,0.025000000000000001,,,
2.1499999999999999,0.1133435863147453,0.11648415777349697,-0.0031405714587516703,0.0031405714587516703,convergencia,Euler,0.025000000000000001,,,
2.1750000000000003,0.11050999665687662,0.11360815367076371,-0.0030981570138870901,0.0030981570138870901,convergencia,Euler,0.025000000000000001,,,
2.2000000000000002,0.10774724674045472,0.11080315836233387,-0.0030559116218791538,0.0030559116218791538,convergencia,Euler,0.025000000000000001,,,
2.2250000000000001,0.10505356557194336,0.10806741863482926,-0.0030138530628859017,0.0030138530628859017,convergencia,Euler,0.025000000000000001,,,
2.25,0.10242722643264478,0.10539922456186433,-0.0029719981292195552,0.0029719981292195552,convergencia,Euler,0.025000000000000001,,,
2.2749999999999999,0.099866545771828671,0.1027969084352864,-0.0029303626634577251,0.0029303626634577251,convergencia,Euler,0.025000000000000001,,,
2.3000000000000003,0.09736988212753292,0.10025884372280371,-0.0028889615952707864,0.0028889615952707864,convergencia,Euler,0.025000000000000001,,,
2.3250000000000002,0.094935635074344604,0.097783444051350046,-0.0028478089770054421,0.0028478089770054421,convergencia,Euler,0.025000000000000001,,,
2.3500000000000001,0.092562244197486002,0.095369162215549613,-0.0028069180180636116,0.0028069180180636116,convergencia,Euler,0.025000000000000001,,,
2.375,0.090248188092548864,0.093014489210663492,-0.002766301118114628,0.002766301118114628,convergencia,Euler,0.025000000000000001,,,
2.4000000000000004,0.087991983390235118,0.09071795328941247,-0.0027259698991773523,0.0027259698991773523,convergencia,Euler,0.025000000000000001,,,
2.4250000000000003,0.085792183805479247,0.088478119042087272,-0.0026859352366080252,0.0026859352366080252,convergencia,Euler,0.025000000000000001,,,
2.4500000000000002,0.083647379210342279,0.086293586499370495,-0.0026462072890282157,0.0026462072890282157,convergencia,Euler,0.025000000000000001,,,
2.4750000000000001,0.081556194730083728,0.084162990257310361,-0.0026067955272266324,0.0026067955272266324,convergencia,Euler,0.025000000000000001,,,
2.5,0.079517289861831639,0.0820849986238988,-0.0025677087620671613,0.0025677087620671613,convergencia,Euler,0.025000000000000001,,,
2.5250000000000004,0.077529357615285815,0.080058312786720515,-0.0025289551714346992,0.0025289551714346992,convergencia,Euler,0.025000000000000001,,,
2.5500000000000003,0.075591123674903671,0.078081666001153127,-0.0024905423262494564,0.0024905423262494564,convergencia,Euler,0.025000000000000001,,,
2.5750000000000002,0.073701345583031083,0.076153822798610327,-0.0024524772155792435,0.0024524772155792435,convergencia,Euler,0.025000000000000001,,,
2.6000000000000001,0.071858811943455309,0.074273578214333877,-0.0024147662708785683,0.0024147662708785683,convergencia,Euler,0.025000000000000001,,,
2.625,0.070062341644868936,0.072439757034251456,-0.0023774153893825201,0.0023774153893825201,convergencia,Euler,0.025000000000000001,,,
2.6500000000000004,0.068310783103747191,0.070651213060429569,-0.0023404299566823772,0.0023404299566823772,convergencia,Euler,0.025000000000000001,,,
2.6750000000000003,0.066603013526153512,0.068906828394662556,-0.0023038148685090437,0.0023038148685090437,convergencia,Euler,0.025000000000000001,,,
2.7000000000000002,0.064937938187999686,0.067205512739749756,-0.0022675745517500706,0.0022675745517500706,convergencia,Euler,0.025000000000000001,,,
2.7250000000000001,0.0633144897332997,0.065546202718024332,-0.002231712984724632,0.002231712984724632,convergencia,Euler,0.025000000000000001,,,
2.75,0.061731627489967217,0.06392786120670757,-0.0021962337167403534,0.0021962337167403534,convergencia,Euler,0.025000000000000001,,,
2.7750000000000004,0.060188336802718012,0.062349476689673403,-0.0021611398869553905,0.0021611398869553905,convergencia,Euler,0.025000000000000001,,,
2.8000000000000003,0.058683628382650066,0.060810062625217952,-0.0021264342425678859,0.0021264342425678859,convergencia,Euler,0.025000000000000001,,,
2.8250000000000002,0.057216537673083823,0.05930865682943872,-0.0020921191563548977,0.0020921191563548977,convergencia,Euler,0.025000000000000001,,,
2.8500000000000001,0.055786124231256735,0.057844320874838456,-0.0020581966435817209,0.0020581966435817209,convergencia,Euler,0.025000000000000001,,,
2.875,0.054391471125475321,0.05641613950377735,-0.0020246683783020289,0.0020246683783020289,convergencia,Euler,0.025000000000000001,,,
2.9000000000000004,0.053031684347338418,0.05502322005640721,-0.0019915357090687924,0.0019915357090687924,convergencia,Euler,0.025000000000000001,,,
2.9250000000000003,0.05170589223865496,0.053664691912730107,-0.001958799674075147,0.001958799674075147,convergencia,Euler,0.025000000000000001,,,
2.9500000000000002,0.050413244932688589,0.052339705948432381,-0.0019264610157437925,0.0019264610157437925,convergencia,Euler,0.025000000000000001,,,
2.9750000000000001,0.049152913809371382,0.051047434004154395,-0.0018945201947830129,0.0018945201947830129,convergencia,Euler,0.025000000000000001,,,
3,0.047924090964137099,0.049787068367863944,-0.0018629774037268454,0.0018629774037268454,convergencia,Euler,0.025000000000000001,,,
3.0250000000000004,0.046725988690033651,0.048557821270009946,-0.0018318325799762947,0.0018318325799762947,convergencia,Euler,0.025000000000000001,,,
3.0500000000000003,0.045557838972782816,0.047358924391140908,-0.0018010854183580921,0.0018010854183580921,convergencia,Euler,0.025000000000000001,,,
3.0750000000000002,0.044418892998463251,0.046189628381680101,-0.0017707353832168496,0.0017707353832168496,convergencia,Euler,0.025000000000000001,,,
3.1000000000000001,0.043308420673501671,0.045049202393557801,-0.0017407817200561296,0.0017407817200561296,convergencia,Euler,0.025000000000000001,,,
3.125,0.042225710156664133,0.04393693362340742,-0.0017112234667432877,0.0017112234667432877,convergencia,Euler,0.025000000000000001,,,
3.1500000000000004,0.041170067402747514,0.042852126867040166,-0.0016820594642926526,0.0016820594642926526,convergencia,Euler,0.025000000000000001,,,
3.1750000000000003,0.040140815717678829,0.041794104084919896,-0.0016532883672410667,0.0016532883672410667,convergencia,Euler,0.025000000000000001,,,
3.2000000000000002,0.039137295324736865,0.040762203978366211,-0.0016249086536293464,0.0016249086536293464,convergencia,Euler,0.025000000000000001,,,
3.2250000000000001,0.038158862941618445,0.039755781576221304,-0.0015969186346028591,0.0015969186346028591,convergencia,Euler,0.025000000000000001,,,
3.25,0.037204891368077989,0.038774207831722009,-0.0015693164636440202,0.0015693164636440202,convergencia,Euler,0.025000000000000001,,,
3.2750000000000004,0.036274769083876023,0.037816869229325069,-0.0015421001454490463,0.0015421001454490463,convergencia,Euler,0.025000000000000001,,,
3.3000000000000003,0.035367899856779128,0.036883167401239994,-0.001515267544460866,0.001515267544460866,convergencia,Euler,0.025000000000000001,,,
3.3250000000000002,0.03448370236035965,0.035972518753429654,-0.0014888163930700041,0.0014888163930700041,convergencia,Euler,0.025000000000000001,,,
3.3500000000000001,0.033621609801350663,0.035084354100845025,-0.0014627442994943618,0.0014627442994943618,convergencia,Euler,0.025000000000000001,,,
3.375,0.032781069556316898,0.034218118311666032,-0.0014370487553491337,0.0014370487553491337,convergencia,Euler,0.025000000000000001,,,
3.4000000000000004,0.031961542817408962,0.033373269960326066,-0.0014117271429171033,0.0014117271429171033,convergencia,Euler,0.025000000000000001,,,
3.4250000000000003,0.031162504246973741,0.032549280989103417,-0.0013867767421296764,0.0013867767421296764,convergencia,Euler,0.025000000000000001,,,
3.4500000000000002,0.0303834416407994,0.031745636378067939,-0.0013621947372685385,0.0013621947372685385,convergencia,Euler,0.025000000000000001,,,
3.4750000000000001,0.029623855599779418,0.030961833823176882,-0.0013379782233974638,0.0013379782233974638,convergencia,Euler,0.025000000000000001,,,
3.5,0.028883259209784934,0.030197383422318501,-0.001314124212533567,0.001314124212533567,convergencia,Euler,0.025000000000000001,,,
3.5250000000000004,0.028161177729540299,0.029451807369107279,-0.0012906296395669807,0.0012906296395669807,convergencia,Euler,0.025000000000000001,,,
3.5500000000000003,0.027457148286301795,0.028724639654239423,-0.0012674913679376273,0.0012674913679376273,convergencia,Euler,0.025000000000000001,,,
3.5750000000000002,0.026770719579144252,0.028015425774221808,-0.0012447061950775565,0.0012447061950775565,convergencia,Euler,0.025000000000000001,,,
3.6000000000000001,0.026101451589665647,0.027323722447292559,-0.0012222708576269115,0.0012222708576269115,convergencia,Euler,0.025000000000000001,,,
3.625,0.025448915299924008,0.026649097336355485,-0.0012001820364314769,0.0012001820364314769,convergencia,Euler,0.025000000000000001,,,
3.6500000000000004,0.0248126924174259,0.025991128778755333,-0.0011784363613294331,0.0011784363613294331,convergencia,Euler,0.025000000000000001,,,
3.6750000000000003,0.024192375106990256,0.025349405522724931,-0.0011570304157346757,0.0011570304157346757,convergencia,Euler,0.025000000000000001,,,
3.7000000000000002,0.023587565729315502,0.024723526470339388,-0.0011359607410238864,0.0011359607410238864,convergencia,Euler,0.025000000000000001,,,
3.7250000000000001,0.022997876586082617,0.024113100426816865,-0.0011152238407342481,0.0011152238407342481,convergencia,Euler,0.025000000000000001,,,
3.75,0.022422929671430555,0.023517745856009107,-0.0010948161845785523,0.0010948161845785523,convergencia,Euler,0.025000000000000001,,,
3.7750000000000004,0.021862356429644784,0.02293709064192892,-0.0010747342122841355,0.0010747342122841355,convergencia,Euler,0.025000000000000001,,,
3.8000000000000003,0.021315797518903667,0.022370771856165591,-0.0010549743372619234,0.0010549743372619234,convergencia,Euler,0.025000000000000001,,,
3.8250000000000002,0.020782902580931076,0.021818435531042762,-0.001035532950111686,0.001035532950111686,convergencia,Euler,0.025000000000000001,,,
3.8500000000000001,0.020263330016407802,0.021279736438377168,-0.0010164064219693666,0.0010164064219693666,convergencia,Euler,0.025000000000000001,,,
3.875,0.019756746765997608,0.020754337873699742,-0.00099759110770213447,0.00099759110770213447,convergencia,Euler,0.025000000000000001,,,
3.9000000000000004,0.019262828096847661,0.020241911445804381,-0.00097908334895671981,0.00097908334895671981,convergencia,Euler,0.025000000000000001,,,
3.9250000000000003,0.01878125739442647,0.019742136871492774,-0.00096087947706630442,0.00096087947706630442,convergencia,Euler,0.025000000000000001,,,
3.9500000000000002,0.01831172595956581,0.01925470177538692,-0.00094297581582111073,0.00094297581582111073,convergencia,Euler,0.025000000000000001,,,
3.9750000000000001,0.017853932810576668,0.018779301494684399,-0.0009253686841077316,0.0009253686841077316,convergencia,Euler,0.025000000000000001,,,
4,0.017407584490312253,0.018315638888734179,-0.00090805439842192581,0.00090805439842192581,convergencia,Euler,0.025000000000000001,,,
4.0250000000000004,0.01697239487805444,0.017863424153314034,-0.00089102927525959441,0.00089102927525959441,convergencia,Euler,0.025000000000000001,,,
4.0499999999999998,0.016548085006103087,0.017422374639493515,-0.00087428963339042723,0.00087428963339042723,convergencia,Euler,0.025000000000000001,,,
4.0750000000000002,0.016134382880950503,0.016992214676969066,-0.00085783179601856344,0.00085783179601856344,convergencia,Euler,0.025000000000000001,,,
4.1000000000000005,0.015731023308926735,0.016572675401761237,-0.00084165209283450226,0.00084165209283450226,convergencia,Euler,0.025000000000000001,,,
4.125,0.015337747726203575,0.016163494588165874,-0.00082574686196229888,0.00082574686196229888,convergencia,Euler,0.025000000000000001,,,
4.1500000000000004,0.01495430403304848,0.015764416484854486,-0.00081011245180600579,0.00081011245180600579,convergencia,Euler,0.025000000000000001,,,
4.1749999999999998,0.014580446432222276,0.015375191655021433,-0.00079474522279915708,0.00079474522279915708,convergencia,Euler,0.025000000000000001,,,
4.2000000000000002,0.014215935271416714,0.014995576820477703,-0.0007796415490609887,0.0007796415490609887,convergencia,Euler,0.025000000000000001,,,
4.2250000000000005,0.013860536889631292,0.014625334709594208,-0.00076479781996291636,0.00076479781996291636,convergencia,Euler,0.025000000000000001,,,
4.25,0.013514023467390517,0.014264233908999256,-0.00075021044160873858,0.00075021044160873858,convergencia,Euler,0.025000000000000001,,,
4.2750000000000004,0.01317617288070575,0.013912048718937619,-0.00073587583823186975,0.00073587583823186975,convergencia,Euler,0.025000000000000001,,,
4.2999999999999998,0.012846768558688113,0.013568559012200934,-0.00072179045351282098,0.00072179045351282098,convergencia,Euler,0.025000000000000001,,,
4.3250000000000002,0.012525599344720905,0.013233550096540928,-0.0007079507518200235,0.0007079507518200235,convergencia,Euler,0.025000000000000001,,,
4.3500000000000005,0.012212459361102877,0.012906812580479862,-0.00069435321937698531,0.00069435321937698531,convergencia,Euler,0.025000000000000001,,,
4.375,0.011907147877075312,0.012588142242433998,-0.00068099436535868675,0.00068099436535868675,convergencia,Euler,0.025000000000000001,,,
4.4000000000000004,0.011609469180148425,0.012277339903068436,-0.00066787072292001128,0.00066787072292001128,convergencia,Euler,0.025000000000000001,,,
4.4249999999999998,0.01131923245064472,0.011974211300803622,-0.00065497885015890212,0.00065497885015890212,convergencia,Euler,0.025000000000000001,,,
4.4500000000000002,0.011036251639378597,0.011678566970395442,-0.00064231533101684508,0.00064231533101684508,convergencia,Euler,0.025000000000000001,,,
4.4750000000000005,0.010760345348394129,0.011390222124513367,-0.00062987677611923802,0.00062987677611923802,convergencia,Euler,0.025000000000000001,,,
4.5,0.010491336714684281,0.011108996538242306,-0.00061765982355802516,0.00061765982355802516,convergencia,Euler,0.025000000000000001,,,
4.5250000000000004,0.01022905329681717,0.010834714436436152,-0.0006056611396189817,0.0006056611396189817,convergencia,Euler,0.025000000000000001,,,
4.5499999999999998,0.0099733269643967459,0.010567204383852655,-0.00059387741945590884,0.00059387741945590884,convergencia,Euler,0.025000000000000001,,,
4.5750000000000002,0.009723993790286824,0.010306299178000741,-0.0005823053877139165,0.0005823053877139165,convergencia,Euler,0.025000000000000001,,,
4.6000000000000005,0.00948089394552965,0.010051835744633576,-0.00057094179910392555,0.00057094179910392555,convergencia,Euler,0.025000000000000001,,,
4.625,0.0092438715968914138,0.0098036550358218278,-0.00055978343893041405,0.00055978343893041405,convergencia,Euler,0.025000000000000001,,,
4.6500000000000004,0.0090127748069691246,0.0095616019305435045,-0.00054882712357437989,0.00054882712357437989,convergencia,Euler,0.025000000000000001,,,
4.6749999999999998,0.0087874554367949019,0.0093255251377283264,-0.00053806970093342454,0.00053806970093342454,convergencia,Euler,0.025000000000000001,,,
4.7000000000000002,0.0085677690508750258,0.0090952771016958155,-0.00052750805082078973,0.00052750805082078973,convergencia,Euler,0.025000000000000001,,,
4.7250000000000005,0.0083535748246031469,0.0088707139099282514,-0.00051713908532510441,0.00051713908532510441,convergencia,Euler,0.025000000000000001,,,
4.75,0.008144735453988073,0.0086516952031206341,-0.00050695974913256107,0.00050695974913256107,convergencia,Euler,0.025000000000000001,,,
4.7750000000000004,0.0079411170676383681,0.0084380840874515306,-0.00049696701981316246,0.00049696701981316246,convergencia,Euler,0.025000000000000001,,,
4.8000000000000007,0.0077425891409474059,0.0082297470490200232,-0.00048715790807261732,0.00048715790807261732,convergencia,Euler,0.025000000000000001,,,
4.8250000000000002,0.007549024412423725,0.008026553870395154,-0.00047752945797142898,0.00047752945797142898,convergencia,Euler,0.025000000000000001,,,
4.8500000000000005,0.0073602988021131289,0.0078283775492257665,-0.00046807874711263762,0.00046807874711263762,convergencia,Euler,0.025000000000000001,,,
4.875,0.0071762913320603042,0.0076350942188599617,-0.00045880288679965749,0.00045880288679965749,convergencia,Euler,0.025000000000000001,,,
4.9000000000000004,0.006996884048758794,0.0074465830709243381,-0.00044969902216554416,0.00044969902216554416,convergencia,Euler,0.025000000000000001,,,
4.9250000000000007,0.0068219619475398214,0.0072627262798148845,-0.00044076433227506311,0.00044076433227506311,convergencia,Euler,0.025000000000000001,,,
4.9500000000000002,0.0066514128988513299,0.0070834089290521185,-0.00043199603020078851,0.00043199603020078851,convergencia,Euler,0.025000000000000001,,,
4.9750000000000005,0.0064851275763800446,0.0069085189394545252,-0.0004233913630744806,0.0004233913630744806,convergencia,Euler,0.025000000000000001,,,
5,0.0063229993869705469,0.006737946999085467,-0.00041494761211492009,0.00041494761211492009,convergencia,Euler,0.025000000000000001,,,
5.0250000000000004,0.0061649244022962809,0.0065715864949296128,-0.0004066620926333319,0.0004066620926333319,convergencia,Euler,0.025000000000000001,,,
5.0500000000000007,0.0060108012922388716,0.006409333446256377,-0.0003985321540175054,0.0003985321540175054,convergencia,Euler,0.025000000000000001,,,
5.0750000000000002,0.0058605312599329029,0.0062510864396285613,-0.00039055517969565842,0.00039055517969565842,convergencia,Euler,0.025000000000000001,,,
5.1000000000000005,0.0057140179784345782,0.0060967465655156327,-0.00038272858708105449,0.00038272858708105449,convergencia,Euler,0.025000000000000001,,,
5.125,0.0055711675289737165,0.0059462173564720942,-0.00037504982749837767,0.00037504982749837767,convergencia,Euler,0.025000000000000001,,,
5.1500000000000004,0.0054318883407493716,0.0057994047268421414,-0.00036751638609276976,0.00036751638609276976,convergencia,Euler,0.025000000000000001,,,
5.1750000000000007,0.0052960911322306355,0.0056562169139531037,-0.00036012578172246821,0.00036012578172246821,convergencia,Euler,0.025000000000000001,,,
5.2000000000000002,0.0051636888539248723,0.0055165644207607716,-0.00035287556683589929,0.00035287556683589929,convergencia,Euler,0.025000000000000001,,,
5.2250000000000005,0.0050345966325767485,0.0053803599599108161,-0.00034576332733406764,0.00034576332733406764,convergencia,Euler,0.025000000000000001,,,
5.25,0.0049087317167623322,0.0052475183991813846,-0.00033878668241905247,0.00033878668241905247,convergencia,Euler,0.025000000000000001,,,
5.2750000000000004,0.0047860134238432717,0.0051179567082726514,-0.0003319432844293797,0.0003319432844293797,convergencia,Euler,0.025000000000000001,,,
5.3000000000000007,0.004666363088247188,0.0049915939069102126,-0.00032523081866302466,0.00032523081866302466,convergencia,Euler,0.025000000000000001,,,
5.3250000000000002,0.0045497040110410109,0.0048683510142297631,-0.00031864700318875224,0.00031864700318875224,convergencia,Euler,0.025000000000000001,,,
5.3500000000000005,0.0044359614107649841,0.0047481509994114733,-0.00031218958864648923,0.00031218958864648923,convergencia,Euler,0.025000000000000001,,,
5.375,0.004325062375495862,0.0046309187335332458,-0.00030585635803738378,0.00030585635803738378,convergencia,Euler,0.025000000000000001,,,
5.4000000000000004,0.0042169358161084636,0.0045165809426126659,-0.00029964512650420237,0.00029964512650420237,convergencia,Euler,0.025000000000000001,,,
5.4250000000000007,0.0041115124207057501,0.0044050661618084018,-0.00029355374110265169,0.00029355374110265169,convergencia,Euler,0.025000000000000001,,,
5.4500000000000002,0.0040087246101881083,0.0042963046907523398,-0.00028758008056423146,0.00028758008056423146,convergencia,Euler,0.025000000000000001,,,
5.4750000000000005,0.0039085064949334041,0.0041902285499845759,-0.00028172205505117183,0.00028172205505117183,convergencia,Euler,0.025000000000000001,,,
5.5,0.0038107938325600711,0.0040867714384640666,-0.00027597760590399555,0.00027597760590399555,convergencia,Euler,0.025000000000000001,,,
5.5250000000000004,0.0037155239867460678,0.0039858686921282905,-0.00027034470538222274,0.00027034470538222274,convergencia,Euler,0.025000000000000001,,,
5.5500000000000007,0.0036226358870774149,0.0038874572434761268,-0.00026482135639871191,0.00026482135639871191,convergencia,Euler,0.025000000000000001,,,
5.5750000000000002,0.0035320699899004816,0.0037914755821486078,-0.00025940559224812629,0.00025940559224812629,convergencia,Euler,0.025000000000000001,,,
5.6000000000000005,0.0034437682401529681,0.003697863716482929,-0.00025409547632996091,0.00025409547632996091,convergencia,Euler,0.025000000000000001,,,
5.625,0.0033576740341491459,0.0036065631360157305,-0.00024888910186658458,0.00024888910186658458,convergencia,Euler,0.025000000000000001,,,
5.6500000000000004,0.0032737321832954159,0.0035175167749121284,-0.00024378459161671258,0.00024378459161671258,convergencia,Euler,0.025000000000000001,,,
5.6750000000000007,0.0031918888787130294,0.0034306689762977315,-0.00023878009758470211,0.00023878009758470211,convergencia,Euler,0.025000000000000001,,,
5.7000000000000002,0.0031120916567452055,0.003345965457471272,-0.00023387380072606651,0.00023387380072606651,convergencia,Euler,0.025000000000000001,,,
5.7250000000000005,0.0030342893653265745,0.0032633532759761452,-0.00022906391064957078,0.00022906391064957078,convergencia,Euler,0.025000000000000001,,,
5.75,0.0029584321311934116,0.0031827807965096669,-0.0002243486653162553,0.0002243486653162553,convergencia,Euler,0.025000000000000001,,,
5.7750000000000004,0.0028844713279135752,0.0031041976586493087,-0.00021972633073573345,0.00021972633073573345,convergencia,Euler,0.025000000000000001,,,
5.8000000000000007,0.0028123595447157347,0.0030275547453758127,-0.00021519520066007802,0.00021519520066007802,convergencia,Euler,0.025000000000000001,,,
5.8250000000000002,0.0027420505560978429,0.0029528041523734466,-0.0002107535962756037,0.0002107535962756037,convergencia,Euler,0.025000000000000001,,,
5.8500000000000005,0.0026734992921953957,0.0028798991580882404,-0.00020639986589284474,0.00020639986589284474,convergencia,Euler,0.025000000000000001,,,
5.875,0.002606661809890512,0.0028087941945255128,-0.00020213238463500077,0.00020213238463500077,convergencia,Euler,0.025000000000000001,,,
5.9000000000000004,0.0025414952646432482,0.0027394448187683684,-0.00019794955412512014,0.00019794955412512014,convergencia,Euler,0.025000000000000001,,,
5.9250000000000007,0.002477957883027166,0.002671807685199448,-0.000193849802172282,0.000193849802172282,convergencia,Euler,0.025000000000000001,,,
5.9500000000000002,0.0024160089359514881,0.0026058405184084983,-0.00018983158245701025,0.00018983158245701025,convergencia,Euler,0.025000000000000001,,,
5.9750000000000005,0.0023556087125526999,0.0025415020867688562,-0.00018589337421615624,0.00018589337421615624,convergencia,Euler,0.025000000000000001,,,
6,0.0022967184947388837,0.0024787521766663585,-0.00018203368192747484,0.00018203368192747484,convergencia,Euler,0.025000000000000001,,,
6.0250000000000004,0.0022393005323704108,0.0024175515673645035,-0.00017825103499409262,0.00017825103499409262,convergencia,Euler,0.025000000000000001,,,
6.0500000000000007,0.0021833180190611499,0.0023578620064902307,-0.00017454398742908087,0.00017454398742908087,convergencia,Euler,0.025000000000000001,,,
6.0750000000000002,0.0021287350685846224,0.002299646186124936,-0.00017091111754031357,0.00017091111754031357,convergencia,Euler,0.025000000000000001,,,
6.1000000000000005,0.0020755166918700061,0.0022428677194858012,-0.00016735102761579511,0.00016735102761579511,convergencia,Euler,0.025000000000000001,,,
6.125,0.0020236287745732571,0.0021874911181828851,-0.00016386234360962803,0.00016386234360962803,convergencia,Euler,0.025000000000000001,,,
6.1500000000000004,0.001973038055208925,0.0021334817700377081,-0.0001604437148287831,0.0001604437148287831,convergencia,Euler,0.025000000000000001,,,
6.1750000000000007,0.0019237121038287012,0.0020808059174495276,-0.00015709381362082639,0.00015709381362082639,convergencia,Euler,0.025000000000000001,,,
6.2000000000000002,0.0018756193012329848,0.002029430636295734,-0.00015381133506274926,0.00015381133506274926,convergencia,Euler,0.025000000000000001,,,
6.2250000000000005,0.0018287288187021594,0.001979323815353195,-0.00015059499665103556,0.00015059499665103556,convergencia,Euler,0.025000000000000001,,,
6.25,0.0017830105982346064,0.0019304541362277093,-0.0001474435379931029,0.0001474435379931029,convergencia,Euler,0.025000000000000001,,,
6.2750000000000004,0.0017384353332787405,0.0018827910537789773,-0.00014435572050023682,0.00014435572050023682,convergencia,Euler,0.025000000000000001,,,
6.3000000000000007,0.0016949744499467714,0.0018363047770289056,-0.00014133032708213422,0.00014133032708213422,convergencia,Euler,0.025000000000000001,,,
6.3250000000000002,0.0016526000886981031,0.0017909662505412698,-0.0001383661618431667,0.0001383661618431667,convergencia,Euler,0.025000000000000001,,,
6.3500000000000005,0.00161128508648065,0.0017467471362611182,-0.0001354620497804682,0.0001354620497804682,convergencia,Euler,0.025000000000000001,,,
6.375,0.0015710029593186347,0.001703619795802574,-0.0001326168364839393,0.0001326168364839393,convergencia,Euler,0.025000000000000001,,,
6.4000000000000004,0.0015317278853356681,0.0016615572731739339,-0.00012982938783826577,0.00012982938783826577,convergencia,Euler,0.025000000000000001,,,
6.4250000000000007,0.0014934346882022758,0.0016205332779293052,-0.00012709858972702933,0.00012709858972702933,convergencia,Euler,0.025000000000000001,,,
6.4500000000000002,0.0014560988209972197,0.0015805221687362171,-0.00012442334773899734,0.00012442334773899734,convergencia,Euler,0.025000000000000001,,,
6.4750000000000005,0.0014196963504722888,0.001541498937348949,-0.00012180258687666018,0.00012180258687666018,convergencia,Euler,0.025000000000000001,,,
6.5,0.0013842039417104822,0.0015034391929775724,-0.00011923525126709012,0.00011923525126709012,convergencia,Euler,0.025000000000000001,,,
6.5250000000000004,0.0013495988431677197,0.001466319147042903,-0.00011672030387518332,0.00011672030387518332,convergencia,Euler,0.025000000000000001,,,
6.5500000000000007,0.0013158588720885262,0.0014301155983078731,-0.00011425672621934689,0.00011425672621934689,convergencia,Euler,0.025000000000000001,,,
6.5750000000000002,0.0012829624002863138,0.0013948059183759988,-0.00011184351808968501,0.00011184351808968501,convergencia,Euler,0.025000000000000001,,,
6.6000000000000005,0.0012508883402791555,0.0013603680375478928,-0.00010947969726873732,0.00010947969726873732,convergencia,Euler,0.025000000000000001,,,
6.625,0.0012196161317721773,0.0013267804310269915,-0.00010716429925481416,0.00010716429925481416,convergencia,Euler,0.025000000000000001,,,
6.6500000000000004,0.0011891257284778725,0.001294022105465848,-0.0001048963769879755,0.0001048963769879755,convergencia,Euler,0.025000000000000001,,,
6.6750000000000007,0.0011593975852659253,0.0012620725858446134,-0.00010267500057868813,0.00010267500057868813,convergencia,Euler,0.025000000000000001,,,
6.7000000000000002,0.0011304126456342777,0.001230911902673481,-0.00010049925703920328,0.00010049925703920328,convergencia,Euler,0.025000000000000001,,,
6.7250000000000005,0.0011021523294934203,0.0012005205795111,-9.8368250017679673e-05,9.8368250017679673e-05,convergencia,Euler,0.025000000000000001,,,
6.75,0.0010745985212560853,0.0011708796207911744,-9.6281099535089083e-05,9.6281099535089083e-05,convergencia,Euler,0.025000000000000001,,,
6.7750000000000004,0.0010477335582246828,0.0011419704999496075,-9.423694172492475e-05,9.423694172492475e-05,convergencia,Euler,0.025000000000000001,,,
6.8000000000000007,0.0010215402192690654,0.0011137751478448024,-9.2234928575736985e-05,9.2234928575736985e-05,convergencia,Euler,0.025000000000000001,,,
6.8250000000000002,0.0009960017137873394,0.0010862759414638579,-9.0274227676518477e-05,9.0274227676518477e-05,convergencia,Euler,0.025000000000000001,,,
6.8500000000000005,0.00097110167094265553,0.0010594556929076091,-8.8354021964953526e-05,8.8354021964953526e-05,convergencia,Euler,0.025000000000000001,,,
6.875,0.00094682412916908968,0.001033297638647637,-8.6473509478547346e-05,8.6473509478547346e-05,convergencia,Euler,0.025000000000000001,,,
6.9000000000000004,0.0009231535259398621,0.0010077854290485105,-8.4631903108648354e-05,8.4631903108648354e-05,convergencia,Euler,0.025000000000000001,,,
6.9250000000000007,0.00090007468779136526,0.00098290311814873779,-8.2828430357372528e-05,8.2828430357372528e-05,convergencia,Euler,0.025000000000000001,,,
6.9500000000000002,0.00087757282059658165,0.00095863515369401986,-8.1062333097438213e-05,8.1062333097438213e-05,convergencia,Euler,0.025000000000000001,,,
6.9750000000000005,0.00085563350008166679,0.00093496636741658139,-7.9332867334914602e-05,7.9332867334914602e-05,convergencia,Euler,0.025000000000000001,,,
7,0.00083424266257962562,0.00091188196555451624,-7.7639302974890625e-05,7.7639302974890625e-05,convergencia,Euler,0.025000000000000001,,,
7.0250000000000004,0.00081338659601513463,0.00088936751960519802,-7.5980923590063384e-05,7.5980923590063384e-05,convergencia,Euler,0.025000000000000001,,,
7.0500000000000007,0.00079305193111475596,0.00086740895730700175,-7.4357026192245794e-05,7.4357026192245794e-05,convergencia,Euler,0.025000000000000001,,,
7.0750000000000002,0.00077322563283688749,0.00084599255384368007,-7.2766921006792574e-05,7.2766921006792574e-05,convergencia,Euler,0.025000000000000001,,,
7.1000000000000005,0.00075389499201596499,0.00082510492326590384,-7.1209931249938845e-05,7.1209931249938845e-05,convergencia,Euler,0.025000000000000001,,,
7.125,0.00073504761721556627,0.00080473301012461325,-6.9685392909046981e-05,6.9685392909046981e-05,convergencia,Euler,0.025000000000000001,,,
7.1500000000000004,0.00071667142678517686,0.00078486408131093165,-6.819265452575479e-05,6.819265452575479e-05,convergencia,Euler,0.025000000000000001,,,
7.1750000000000007,0.00069875464111554715,0.00076548571809756263,-6.6731076982015484e-05,6.6731076982015484e-05,convergencia,Euler,0.025000000000000001,,,
7.2000000000000002,0.00068128577508765888,0.0007465858083766792,-6.5300033289020318e-05,6.5300033289020318e-05,convergencia,Euler,0.025000000000000001,,,
7.2250000000000005,0.00066425363071046721,0.00072815253908946039,-6.3898908378993177e-05,6.3898908378993177e-05,convergencia,Euler,0.025000000000000001,,,
7.25,0.00064764728994270591,0.00071017438884254903,-6.2527098899843115e-05,6.2527098899843115e-05,convergencia,Euler,0.025000000000000001,,,
7.2750000000000004,0.00063145610769413808,0.00069264012070680123,-6.1184013012663147e-05,6.1184013012663147e-05,convergencia,Euler,0.025000000000000001,,,
7.3000000000000007,0.00061566970500178439,0.00067553877519384374,-5.9869070192059351e-05,5.9869070192059351e-05,convergencia,Euler,0.025000000000000001,,,
7.3250000000000002,0.00060027796237674012,0.00065885966340603576,-5.8581701029295635e-05,5.8581701029295635e-05,convergencia,Euler,0.025000000000000001,,,
7.3500000000000005,0.00058527101331732137,0.00064259236035555734,-5.7321347038235973e-05,5.7321347038235973e-05,convergencia,Euler,0.025000000000000001,,,
7.375,0.00057063923798438866,0.00062672669844845757,-5.6087460464068913e-05,5.6087460464068913e-05,convergencia,Euler,0.025000000000000001,,,
7.4000000000000004,0.00055637325703477875,0.0006112527611295723,-5.4879504094793551e-05,5.4879504094793551e-05,convergencia,Euler,0.025000000000000001,,,
7.4250000000000007,0.00054246392560890905,0.00059616087668435845,-5.3696951075449403e-05,5.3696951075449403e-05,convergencia,Euler,0.025000000000000001,,,
7.4500000000000002,0.00052890232746868665,0.00058144161219375557,-5.2539284725068927e-05,5.2539284725068927e-05,convergencia,Euler,0.025000000000000001,,,
7.4750000000000005,0.0005156797692819693,0.00056708576763830345,-5.1405998356334154e-05,5.1405998356334154e-05,convergencia,Euler,0.025000000000000001,,,
7.5,0.00050278777504992038,0.00055308437014783363,-5.0296595097913243e-05,5.0296595097913243e-05,convergencia,Euler,0.025000000000000001,,,
7.5250000000000004,0.00049021808067367223,0.00053942866839312915,-4.9210587719456921e-05,4.9210587719456921e-05,convergencia,Euler,0.025000000000000001,,,
7.5500000000000007,0.00047796262865683022,0.00052611012711606322,-4.8147498459232994e-05,4.8147498459232994e-05,convergencia,Euler,0.025000000000000001,,,
7.5750000000000002,0.00046601356294040971,0.00051312042179478285,-4.7106858854373138e-05,4.7106858854373138e-05,convergencia,Euler,0.025000000000000001,,,
7.6000000000000005,0.0004543632238668993,0.0005004514334406104,-4.6088209573711097e-05,4.6088209573711097e-05,convergencia,Euler,0.025000000000000001,,,
7.625,0.00044300414327022705,0.000488095243523415,-4.5091100253187946e-05,4.5091100253187946e-05,convergencia,Euler,0.025000000000000001,,,
7.6500000000000004,0.00043192903968847121,0.00047604412902226933,-4.4115089333798124e-05,4.4115089333798124e-05,convergencia,Euler,0.025000000000000001,,,
7.6750000000000007,0.00042113081369625927,0.00046429055759831357,-4.3159743902054294e-05,4.3159743902054294e-05,convergencia,Euler,0.025000000000000001,,,
7.7000000000000002,0.000410602543353853,0.00045282718288679695,-4.2224639532943958e-05,4.2224639532943958e-05,convergencia,Euler,0.025000000000000001,,,
7.7250000000000005,0.0004003374797700065,0.00044164683990535953,-4.1309360135353024e-05,4.1309360135353024e-05,convergencia,Euler,0.025000000000000001,,,
7.75,0.00039032904277575654,0.00043074254057568753,-4.041349779993099e-05,4.041349779993099e-05,convergencia,Euler,0.025000000000000001,,,
7.7750000000000004,0.00038057081670636247,0.0004201074693557342,-3.953665264937173e-05,3.953665264937173e-05,convergencia,Euler,0.025000000000000001,,,
7.8000000000000007,0.00037105654628870327,0.00040973497897978643,-3.8678432691083156e-05,3.8678432691083156e-05,convergencia,Euler,0.025000000000000001,,,
7.8250000000000002,0.00036178013263148589,0.00039961858630370645,-3.7838453672220558e-05,3.7838453672220558e-05,convergencia,Euler,0.025000000000000001,,,
7.8500000000000005,0.00035273562931569864,0.00038975196825275448,-3.7016338937055843e-05,3.7016338937055843e-05,convergencia,Euler,0.025000000000000001,,,
7.875,0.00034391723858280635,0.00038012895786946368,-3.6211719286657331e-05,3.6211719286657331e-05,convergencia,Euler,0.025000000000000001,,,
7.9000000000000004,0.00033531930761823605,0.00037074354045908822,-3.5424232840852168e-05,3.5424232840852168e-05,convergencia,Euler,0.025000000000000001,,,
7.9250000000000007,0.00032693632492778005,0.00036158984983022583,-3.4653524902445777e-05,3.4653524902445777e-05,convergencia,Euler,0.025000000000000001,,,
7.9500000000000002,0.00031876291680458575,0.00035266216462825575,-3.3899247823670001e-05,3.3899247823670001e-05,convergencia,Euler,0.025000000000000001,,,
7.9750000000000005,0.000310793843884471,0.00034395490475930539,-3.3161060874834392e-05,3.3161060874834392e-05,convergencia,Euler,0.025000000000000001,,,
8,0.00030302399778735938,0.00033546262790251185,-3.2438630115152469e-05,3.2438630115152469e-05,convergencia,Euler,0.025000000000000001,,,
8.0250000000000004,0.00029544839784267527,0.00032718002610839203,-3.1731628265716752e-05,3.1731628265716752e-05,convergencia,Euler,0.025000000000000001,,,
8.0500000000000007,0.00028806218789660827,0.00031910192248120326,-3.1039734584594988e-05,3.1039734584594988e-05,convergencia,Euler,0.025000000000000001,,,
8.0750000000000011,0.00028086063319919297,0.00031122326794321407,-3.0362634744021102e-05,3.0362634744021102e-05,convergencia,Euler,0.025000000000000001,,,
8.0999999999999996,0.00027383911736921353,0.00030353913807886678,-2.9700020709653248e-05,2.9700020709653248e-05,convergencia,Euler,0.025000000000000001,,,
8.125,0.00026699313943498307,0.00029604473005685538,-2.9051590621872309e-05,2.9051590621872309e-05,convergencia,Euler,0.025000000000000001,,,
8.1500000000000004,0.00026031831094910842,0.00028873535962820301,-2.8417048679094592e-05,2.8417048679094592e-05,convergencia,Euler,0.025000000000000001,,,
8.1750000000000007,0.00025381035317538063,0.00028160645819845157,-2.7796105023070931e-05,2.7796105023070931e-05,convergencia,Euler,0.025000000000000001,,,
8.2000000000000011,0.00024746509434599601,0.00027465356997214205,-2.7188475626146037e-05,2.7188475626146037e-05,convergencia,Euler,0.025000000000000001,,,
8.2249999999999996,0.00024127846698734646,0.00026787234916779776,-2.6593882180451296e-05,2.6593882180451296e-05,convergencia,Euler,0.025000000000000001,,,
8.25,0.00023524650531266272,0.00026125855730166754,-2.6012051989004824e-05,2.6012051989004824e-05,convergencia,Euler,0.025000000000000001,,,
8.2750000000000004,0.00022936534267984607,0.00025480806053853841,-2.5442717858692335e-05,2.5442717858692335e-05,convergencia,Euler,0.025000000000000001,,,
8.3000000000000007,0.00022363120911284983,0.00024851682710795185,-2.4885617995102022e-05,2.4885617995102022e-05,convergencia,Euler,0.025000000000000001,,,
8.3250000000000011,0.0002180404288850285,0.00024238092478421678,-2.4340495899188277e-05,2.4340495899188277e-05,convergencia,Euler,0.025000000000000001,,,
8.3499999999999996,0.0002125894181629031,0.00023639651842864072,-2.3807100265737618e-05,2.3807100265737618e-05,convergencia,Euler,0.025000000000000001,,,
8.375,0.00020727468270883046,0.00023055986759244163,-2.3285184883611165e-05,2.3285184883611165e-05,convergencia,Euler,0.025000000000000001,,,
8.4000000000000004,0.00020209281564110963,0.00022486732417884819,-2.2774508537738567e-05,2.2774508537738567e-05,convergencia,Euler,0.025000000000000001,,,
8.4250000000000007,0.00019704049525008183,0.00021931533016291891,-2.2274834912837079e-05,2.2274834912837079e-05,convergencia,Euler,0.025000000000000001,,,
8.4500000000000011,0.0001921144828688297,0.00021390041536766111,-2.1785932498831403e-05,2.1785932498831403e-05,convergencia,Euler,0.025000000000000001,,,
8.4749999999999996,0.00018731162079710923,0.00020861919529505766,-2.1307574497948431e-05,2.1307574497948431e-05,convergencia,Euler,0.025000000000000001,,,
8.5,0.00018262883027718143,0.00020346836901064417,-2.0839538733462742e-05,2.0839538733462742e-05,convergencia,Euler,0.025000000000000001,,,
8.5250000000000004,0.00017806310952025181,0.00019844471708031962,-2.0381607560067801e-05,2.0381607560067801e-05,convergencia,Euler,0.025000000000000001,,,
8.5500000000000007,0.00017361153178224546,0.00019354509955809383,-1.9933567775848364e-05,1.9933567775848364e-05,convergencia,Euler,0.025000000000000001,,,
8.5750000000000011,0.00016927124348768927,0.00018876645402351932,-1.9495210535830051e-05,1.9495210535830051e-05,convergencia,Euler,0.025000000000000001,,,
8.5999999999999996,0.00016503946240049728,0.00018410579366757919,-1.9066331267081918e-05,1.9066331267081918e-05,convergencia,Euler,0.025000000000000001,,,
8.625,0.00016091347584048479,0.00017956020542583297,-1.8646729585348174e-05,1.8646729585348174e-05,convergencia,Euler,0.025000000000000001,,,
8.6500000000000004,0.0001568906389444726,0.00017512684815765842,-1.8236209213185817e-05,1.8236209213185817e-05,convergencia,Euler,0.025000000000000001,,,
8.6750000000000007,0.00015296837297086073,0.00017080295087044495,-1.7834577899584217e-05,1.7834577899584217e-05,convergencia,Euler,0.025000000000000001,,,
8.7000000000000011,0.00014914416364658915,0.00016658581098763324,-1.7441647341044089e-05,1.7441647341044089e-05,convergencia,Euler,0.025000000000000001,,,
8.7249999999999996,0.00014541555955542465,0.00016247279265951725,-1.7057233104092597e-05,1.7057233104092597e-05,convergencia,Euler,0.025000000000000001,,,
8.75,0.00014178017056653899,0.00015846132511575126,-1.6681154549212266e-05,1.6681154549212266e-05,convergencia,Euler,0.025000000000000001,,,
8.7750000000000004,0.00013823566630237548,0.00015454890105853631,-1.6313234756160831e-05,1.6313234756160831e-05,convergencia,Euler,0.025000000000000001,,,
8.8000000000000007,0.00013477977464481603,0.0001507330750954765,-1.5953300450660473e-05,1.5953300450660473e-05,convergencia,Euler,0.025000000000000001,,,
8.8250000000000011,0.00013141028027869559,0.00014701146221112919,-1.5601181932433598e-05,1.5601181932433598e-05,convergencia,Euler,0.025000000000000001,,,
8.8499999999999996,0.00012812502327172839,0.00014338173627629318,-1.5256713004564791e-05,1.5256713004564791e-05,convergencia,Euler,0.025000000000000001,,,
8.875,0.00012492189768993514,0.00013984162859410104,-1.4919730904165896e-05,1.4919730904165896e-05,convergencia,Euler,0.025000000000000001,,,
8.9000000000000004,0.00012179885024768673,0.0001363889264820114,-1.4590076234324674e-05,1.4590076234324674e-05,convergencia,Euler,0.025000000000000001,,,
8.9250000000000007,0.00011875387899149452,0.00013302147188880921,-1.426759289731469e-05,1.426759289731469e-05,convergencia,Euler,0.025000000000000001,,,
8.9500000000000011,0.00011578503201670712,0.0001297371600457538,-1.3952128029046679e-05,1.3952128029046679e-05,convergencia,Euler,0.025000000000000001,,,
8.9749999999999996,0.00011289040621628961,0.00012653393815103005,-1.3643531934740441e-05,1.3643531934740441e-05,convergencia,Euler,0.025000000000000001,,,
9,0.00011006814606088233,0.00012340980408667956,-1.3341658025797228e-05,1.3341658025797228e-05,convergencia,Euler,0.025000000000000001,,,
9.0250000000000004,0.00010731644240936023,0.00012036280516721316,-1.3046362757852928e-05,1.3046362757852928e-05,convergencia,Euler,0.025000000000000001,,,
9.0500000000000007,0.00010463353134912618,0.00011739103691911796,-1.2757505569991782e-05,1.2757505569991782e-05,convergencia,Euler,0.025000000000000001,,,
9.0750000000000011,0.000102017693065398,0.00011449264189049966,-1.2474948825101661e-05,1.2474948825101661e-05,convergencia,Euler,0.025000000000000001,,,
9.0999999999999996,9.9467250738763196e-05,0.00011166580849011478,-1.2198557751351581e-05,1.2198557751351581e-05,convergencia,Euler,0.025000000000000001,,,
9.125,9.6980569470294078e-05,0.00010890876985506645,-1.1928200384772372e-05,1.1928200384772372e-05,convergencia,Euler,0.025000000000000001,,,
9.1500000000000004,9.4556055233536692e-05,0.00010621980274645875,-1.1663747512922058e-05,1.1663747512922058e-05,convergencia,Euler,0.025000000000000001,,,
9.1750000000000007,9.2192153852698242e-05,0.00010359722647231549,-1.1405072619617246e-05,1.1405072619617246e-05,convergencia,Euler,0.025000000000000001,,,
9.2000000000000011,8.9887350006380759e-05,0.00010103940183709324,-1.1152051830712483e-05,1.1152051830712483e-05,convergencia,Euler,0.025000000000000001,,,
9.2249999999999996,8.7640166256221363e-05,9.8544730117130908e-05,-1.0904563860909545e-05,1.0904563860909545e-05,convergencia,Euler,0.025000000000000001,,,
9.25,8.5449162099815804e-05,9.6111652061394695e-05,-1.0662489961578891e-05,1.0662489961578891e-05,convergencia,Euler,0.025000000000000001,,,
9.2750000000000004,8.3312933047320373e-05,9.3738646916896546e-05,-1.0425713869576173e-05,1.0425713869576173e-05,convergencia,Euler,0.025000000000000001,,,
9.3000000000000007,8.1230109721137334e-05,9.142423147817327e-05,-1.0194121757035936e-05,1.0194121757035936e-05,convergencia,Euler,0.025000000000000001,,,
9.3250000000000011,7.9199356978108869e-05,8.9166959160235062e-05,-9.9676021821261932e-06,9.9676021821261932e-06,convergencia,Euler,0.025000000000000001,,,
9.3499999999999996,7.7219373053656265e-05,8.6965419094402918e-05,-9.7460460407466524e-06,9.7460460407466524e-06,convergencia,Euler,0.025000000000000001,,,
9.375,7.5288888727314832e-05,8.4818235246469155e-05,-9.5293465191543229e-06,9.5293465191543229e-06,convergencia,Euler,0.025000000000000001,,,
9.4000000000000004,7.3406666509131938e-05,8.2724065556632228e-05,-9.3173990475002902e-06,9.3173990475002902e-06,convergencia,Euler,0.025000000000000001,,,
9.4250000000000007,7.1571499846403617e-05,8.068160110066498e-05,-9.1101012542613629e-06,9.1101012542613629e-06,convergencia,Euler,0.025000000000000001,,,
9.4500000000000011,6.9782212350243499e-05,7.868956527179456e-05,-8.9073529215510613e-06,8.9073529215510613e-06,convergencia,Euler,0.025000000000000001,,,
9.4749999999999996,6.8037657041487514e-05,7.674671298278181e-05,-8.7090559412942952e-06,8.7090559412942952e-06,convergencia,Euler,0.025000000000000001,,,
9.5,6.6336715615450303e-05,7.4851829887700598e-05,-8.515114272250295e-06,8.515114272250295e-06,convergencia,Euler,0.025000000000000001,,,
9.5250000000000004,6.4678297725064024e-05,7.3003731622932965e-05,-8.325433897868941e-06,8.325433897868941e-06,convergencia,Euler,0.025000000000000001,,,
9.5500000000000007,6.3061340281937405e-05,7.1201263066902732e-05,-8.1399227849653273e-06,8.1399227849653273e-06,convergencia,Euler,0.025000000000000001,,,
9.5750000000000011,6.1484806774888943e-05,6.9443297618087041e-05,-7.9584908431980982e-06,7.9584908431980982e-06,convergencia,Euler,0.025000000000000001,,,
9.6000000000000014,5.9947686605516698e-05,6.7728736490853776e-05,-7.7810498853370777e-06,7.7810498853370777e-06,convergencia,Euler,0.025000000000000001,,,
9.625,5.8448994440378866e-05,6.6056508028684814e-05,-7.6075135883059476e-06,7.6075135883059476e-06,convergencia,Euler,0.025000000000000001,,,
9.6500000000000004,5.6987769579369376e-05,6.4425567034355417e-05,-7.4377974549860417e-06,7.4377974549860417e-06,convergencia,Euler,0.025000000000000001,,,
9.6750000000000007,5.5563075339885124e-05,6.2834894116652612e-05,-7.271818776767488e-06,7.271818776767488e-06,convergencia,Euler,0.025000000000000001,,,
9.7000000000000011,5.4173998456387974e-05,6.1283495053222024e-05,-7.1094965968340507e-06,7.1094965968340507e-06,convergencia,Euler,0.025000000000000001,,,
9.7250000000000014,5.2819648494978254e-05,5.9770400169146719e-05,-6.9507516741684649e-06,6.9507516741684649e-06,convergencia,Euler,0.025000000000000001,,,
9.75,5.1499157282603875e-05,5.8294663730868811e-05,-6.7955064482649359e-06,6.7955064482649359e-06,convergencia,Euler,0.025000000000000001,,,
9.7750000000000004,5.0211678350538756e-05,5.6855363355074873e-05,-6.6436850045361166e-06,6.6436850045361166e-06,convergencia,Euler,0.025000000000000001,,,
9.8000000000000007,4.8956386391775269e-05,5.5451599432176945e-05,-6.4952130404016765e-06,6.4952130404016765e-06,convergencia,Euler,0.025000000000000001,,,
9.8250000000000011,4.7732476731980867e-05,5.4082494564026818e-05,-6.3500178320459512e-06,6.3500178320459512e-06,convergencia,Euler,0.025000000000000001,,,
9.8500000000000014,4.6539164813681328e-05,5.2747193015513757e-05,-6.2080282018324291e-06,6.2080282018324291e-06,convergencia,Euler,0.025000000000000001,,,
9.875,4.537568569333936e-05,5.1444860179702278e-05,-6.0691744863629183e-06,6.0691744863629183e-06,convergencia,Euler,0.025000000000000001,,,
9.9000000000000004,4.4241293551005863e-05,5.0174682056175283e-05,-5.9333885051694201e-06,5.9333885051694201e-06,convergencia,Euler,0.025000000000000001,,,
9.9250000000000007,4.3135261212230698e-05,4.893586474225786e-05,-5.8006035300271617e-06,5.8006035300271617e-06,convergencia,Euler,0.025000000000000001,,,
9.9500000000000011,4.2056879681924918e-05,4.7727633936801882e-05,-5.6707542548769648e-06,5.6707542548769648e-06,convergencia,Euler,0.025000000000000001,,,
9.9750000000000014,4.100545768987678e-05,4.654923445622269e-05,-5.5437767663459104e-06,5.5437767663459104e-06,convergencia,Euler,0.025000000000000001,,,
10,3.9980321247629918e-05,4.5399929762484854e-05,-5.4196085148549365e-06,5.4196085148549365e-06,convergencia,Euler,0.025000000000000001,,,
0,1,1,0,0,convergencia,Euler,0.012500000000000001,,,
0.012500000000000001,0.98750000000000004,0.98757780049388144,-7.7800493881396982e-05,7.7800493881396982e-05,convergencia,Euler,0.012500000000000001,,,
0.025000000000000001,0.97515625000000006,0.97530991202833262,-0.00015366202833255738,0.00015366202833255738,convergencia,Euler,0.012500000000000001,,,
0.037500000000000006,0.96296679687500009,0.96319441772082182,-0.00022762084582172992,0.00022762084582172992,convergencia,Euler,0.012500000000000001,,,
0.050000000000000003,0.95092971191406261,0.95122942450071402,-0.00029971258665140166,0.00029971258665140166,convergencia,Euler,0.012500000000000001,,,
0.0625,0.93904309051513679,0.93941306281347581,-0.00036997229833901635,0.00036997229833901635,convergencia,Euler,0.012500000000000001,,,
0.075000000000000011,0.92730505188369761,0.92774348632855286,-0.00043843444485525129,0.00043843444485525129,convergencia,Euler,0.012500000000000001,,,
0.087500000000000008,0.91571373873515138,0.91621887165087756,-0.0005051329157261808,0.0005051329157261808,convergencia,Euler,0.012500000000000001,,,
0.10000000000000001,0.90426731700096197,0.90483741803595952,-0.00057010103499754994,0.00057010103499754994,convergencia,Euler,0.012500000000000001,,,
0.1125,0.89296397553844997,0.89359734710851568,-0.00063337157006571054,0.00063337157006571054,convergencia,Euler,0.012500000000000001,,,
0.125,0.88180192584421935,0.88249690258459546,-0.00069497674037610757,0.00069497674037610757,convergencia,Euler,0.012500000000000001,,,
0.13750000000000001,0.87077940177116664,0.87153434999715784,-0.00075494822599120326,0.00075494822599120326,convergencia,Euler,0.012500000000000001,,,
0.15000000000000002,0.85989465924902708,0.86070797642505781,-0.00081331717603072562,0.00081331717603072562,convergencia,Euler,0.012500000000000001,,,
0.16250000000000001,0.84914597600841424,0.85001609022539815,-0.00087011421698390823,0.00087011421698390823,convergencia,Euler,0.012500000000000001,,,
0.17500000000000002,0.83853165130830909,0.83945702076920736,-0.00092536946089827321,0.00092536946089827321,convergencia,Euler,0.012500000000000001,,,
0.1875,0.82805000566695519,0.82902911818040037,-0.00097911251344517947,0.00097911251344517947,convergencia,Euler,0.012500000000000001,,,
0.20000000000000001,0.81769938059611824,0.81873075307798182,-0.0010313724818635794,0.0010313724818635794,convergencia,Euler,0.012500000000000001,,,
0.21250000000000002,0.80747813833866677,0.80856031632145242,-0.0010821779827856481,0.0010821779827856481,convergencia,Euler,0.012500000000000001,,,
0.22500000000000001,0.79738466160943344,0.79851621875937706,-0.0011315571499436183,0.0011315571499436183,convergencia,Euler,0.012500000000000001,,,
0.23750000000000002,0.78741735333931551,0.78859689098107666,-0.0011795376417611525,0.0011795376417611525,convergencia,Euler,0.012500000000000001,,,
0.25,0.77757463642257407,0.77880078307140488,-0.0012261466488308059,0.0012261466488308059,convergencia,Euler,0.012500000000000001,,,
0.26250000000000001,0.76785495346729193,0.76912636436857051,-0.0012714109012785801,0.0012714109012785801,convergencia,Euler,0.012500000000000001,,,
0.27500000000000002,0.7582567665489508,0.75957212322496848,-0.001315356676017676,0.001315356676017676,convergencia,Euler,0.012500000000000001,,,
0.28750000000000003,0.74877855696708895,0.75013656677098184,-0.0013580098038928901,0.0013580098038928901,convergencia,Euler,0.012500000000000001,,,
0.30000000000000004,0.73941882500500034,0.74081822068171788,-0.0013993956767175408,0.0013993956767175408,convergencia,Euler,0.012500000000000001,,,
0.3125,0.73017608969243786,0.73161562894664178,-0.0014395392542039254,0.0014395392542039254,convergencia,Euler,0.012500000000000001,,,
0.32500000000000001,0.72104888857128235,0.72252735364207221,-0.0014784650707898583,0.0014784650707898583,convergencia,Euler,0.012500000000000001,,,
0.33750000000000002,0.71203577746414126,0.71355197470650245,-0.0015161972423611836,0.0015161972423611836,convergencia,Euler,0.012500000000000001,,,
0.35000000000000003,0.70313533024583952,0.70468808971871344,-0.0015527594728739214,0.0015527594728739214,convergencia,Euler,0.012500000000000001,,,
0.36250000000000004,0.69434613861776651,0.695934313678642,-0.0015881750608754963,0.0015881750608754963,convergencia,Euler,0.012500000000000001,,,
0.375,0.68566681188504441,0.68728927879097224,-0.0016224669059278218,0.0016224669059278218,convergencia,Euler,0.012500000000000001,,,
0.38750000000000001,0.67709597673648136,0.67875163425141438,-0.0016556575149330177,0.0016556575149330177,convergencia,Euler,0.012500000000000001,,,
0.40000000000000002,0.66863227702727535,0.67032004603563933,-0.0016877690083639818,0.0016877690083639818,convergencia,Euler,0.012500000000000001,,,
0.41250000000000003,0.66027437356443441,0.66199319669083401,-0.0017188231263995934,0.0017188231263995934,convergencia,Euler,0.012500000000000001,,,
0.42500000000000004,0.65202094389487897,0.65376978512984729,-0.0017488412349683236,0.0017488412349683236,convergencia,Euler,0.012500000000000001,,,
0.4375,0.64387068209619303,0.64564852642789206,-0.00177784433169903,0.00177784433169903,convergencia,Euler,0.012500000000000001,,,
0.45000000000000001,0.63582229856999062,0.63762815162177333,-0.0018058530517827132,0.0018058530517827132,convergencia,Euler,0.012500000000000001,,,
0.46250000000000002,0.62787451983786569,0.62970740751161003,-0.0018328876737443434,0.0018328876737443434,convergencia,Euler,0.012500000000000001,,,
0.47500000000000003,0.62002608833989237,0.62188505646502001,-0.0018589681251276469,0.0018589681251276469,convergencia,Euler,0.012500000000000001,,,
0.48750000000000004,0.61227576223564373,0.6141598762237378,-0.0018841139880940716,0.0018841139880940716,convergencia,Euler,0.012500000000000001,,,
0.5,0.60462231520769816,0.60653065971263342,-0.0019083445049352665,0.0019083445049352665,convergencia,Euler,0.012500000000000001,,,
0.51250000000000007,0.59706453626760192,0.59899621485110532,-0.0019316785835034045,0.0019316785835034045,convergencia,Euler,0.012500000000000001,,,
0.52500000000000002,0.58960122956425687,0.59155536436681511,-0.0019541348025582383,0.0019541348025582383,convergencia,Euler,0.012500000000000001,,,
0.53749999999999998,0.58223121419470369,0.58420694561173581,-0.0019757314170321116,0.0019757314170321116,convergencia,Euler,0.012500000000000001,,,
0.55000000000000004,0.57495332401726984,0.57694981038048665,-0.0019964863632168095,0.0019964863632168095,convergencia,Euler,0.012500000000000001,,,
0.5625,0.56776640746705398,0.56978282473092301,-0.0020164172638690303,0.0020164172638690303,convergencia,Euler,0.012500000000000001,,,
0.57500000000000007,0.56066932737371578,0.56270486880695569,-0.002035541433239918,0.002035541433239918,convergencia,Euler,0.012500000000000001,,,
0.58750000000000002,0.55366096078154436,0.55571483666357135,-0.0020538758820269898,0.0020538758820269898,convergencia,Euler,0.012500000000000001,,,
0.60000000000000009,0.54674019877177504,0.54881163609402639,-0.002071437322251346,0.002071437322251346,convergencia,Euler,0.012500000000000001,,,
0.61250000000000004,0.53990594628712785,0.54199418845918712,-0.0020882421720592736,0.0020882421720592736,convergencia,Euler,0.012500000000000001,,,
0.625,0.53315712195853882,0.53526142851899028,-0.0021043065604514632,0.0021043065604514632,convergencia,Euler,0.012500000000000001,,,
0.63750000000000007,0.52649265793405708,0.52861230426599726,-0.0021196463319401726,0.0021196463319401726,convergencia,Euler,0.012500000000000001,,,
0.65000000000000002,0.51991149970988138,0.52204577676101604,-0.0021342770511346698,0.0021342770511346698,convergencia,Euler,0.012500000000000001,,,
0.66250000000000009,0.5134126059635078,0.51556081997076397,-0.0021482140072561773,0.0021482140072561773,convergencia,Euler,0.012500000000000001,,,
0.67500000000000004,0.50699494838896397,0.50915642060754918,-0.0021614722185852031,0.0021614722185852031,convergencia,Euler,0.012500000000000001,,,
0.6875,0.50065751153410198,0.50283157797094091,-0.0021740664368389284,0.0021740664368389284,convergencia,Euler,0.012500000000000001,,,
0.70000000000000007,0.49439929263992566,0.49658530379140947,-0.0021860111514838132,0.0021860111514838132,convergencia,Euler,0.012500000000000001,,,
0.71250000000000002,0.4882193014819266,0.49041662207590614,-0.0021973205939795348,0.0021973205939795348,convergencia,Euler,0.012500000000000001,,,
0.72500000000000009,0.48211656021340249,0.48432456895536241,-0.0022080087419599215,0.0022080087419599215,convergencia,Euler,0.012500000000000001,,,
0.73750000000000004,0.47609010321073497,0.47830819253408408,-0.0022180893233491039,0.0022180893233491039,convergencia,Euler,0.012500000000000001,,,
0.75,0.4701389769206008,0.47236655274101469,-0.0022275758204138851,0.0022275758204138851,convergencia,Euler,0.012500000000000001,,,
0.76250000000000007,0.46426223970909325,0.4664987211828483,-0.0022364814737550476,0.0022364814737550476,convergencia,Euler,0.012500000000000001,,,
0.77500000000000002,0.4584589617127296,0.46070378099896581,-0.0022448192862362104,0.0022448192862362104,convergencia,Euler,0.012500000000000001,,,
0.78750000000000009,0.45272822469132046,0.45498082671817347,-0.0022526020268530123,0.0022526020268530123,convergencia,Euler,0.012500000000000001,,,
0.80000000000000004,0.447069121882679,0.44932896411722156,-0.0022598422345425639,0.0022598422345425639,convergencia,Euler,0.012500000000000001,,,
0.8125,0.44148075785914553,0.44374731008107987,-0.002266552221934337,0.002266552221934337,convergencia,Euler,0.012500000000000001,,,
0.82500000000000007,0.43596224838590619,0.43823499246494918,-0.0022727440790429876,0.0022727440790429876,convergencia,Euler,0.012500000000000001,,,
0.83750000000000002,0.43051272028108239,0.43279114995798723,-0.0022784296769048362,0.0022784296769048362,convergencia,Euler,0.012500000000000001,,,
0.85000000000000009,0.42513131127756881,0.42741493194872665,-0.0022836206711578377,0.0022836206711578377,convergencia,Euler,0.012500000000000001,,,
0.86250000000000004,0.41981716988659923,0.42210549839216549,-0.0022883285055662617,0.0022883285055662617,convergencia,Euler,0.012500000000000001,,,
0.875,0.41456945526301675,0.41686201967850839,-0.002292564415491638,0.002292564415491638,convergencia,Euler,0.012500000000000001,,,
0.88750000000000007,0.40938733707222902,0.41168367650353843,-0.0022963394313094132,0.0022963394313094132,convergencia,Euler,0.012500000000000001,,,
0.90000000000000002,0.40426999535882618,0.40656965974059911,-0.0022996643817729256,0.0022996643817729256,convergencia,Euler,0.012500000000000001,,,
0.91250000000000009,0.39921662041684081,0.40151917031416662,-0.0023025498973258118,0.0023025498973258118,convergencia,Euler,0.012500000000000001,,,
0.92500000000000004,0.39422641266163033,0.39653141907499284,-0.0023050064133625092,0.0023050064133625092,convergencia,Euler,0.012500000000000001,,,
0.9375,0.38929858250335997,0.39160562667679899,-0.0023070441734390212,0.0023070441734390212,convergencia,Euler,0.012500000000000001,,,
0.95000000000000007,0.38443235022206795,0.38674102345450118,-0.0023086732324332226,0.0023086732324332226,convergencia,Euler,0.012500000000000001,,,
0.96250000000000002,0.37962694584429213,0.38193684930394889,-0.0023099034596567591,0.0023099034596567591,convergencia,Euler,0.012500000000000001,,,
0.97500000000000009,0.37488160902123846,0.37719235356315689,-0.0023107445419184303,0.0023107445419184303,convergencia,Euler,0.012500000000000001,,,
0.98750000000000004,0.37019558890847298,0.37250679489501293,-0.0023112059865399437,0.0023112059865399437,convergencia,Euler,0.012500000000000001,,,
1,0.36556814404711707,0.36787944117144233,-0.0023112971243252622,0.0023112971243252622,convergencia,Euler,0.012500000000000001,,,
1.0125,0.36099854224652811,0.36330956935901126,-0.002311027112483155,0.002311027112483155,convergencia,Euler,0.012500000000000001,,,
1.0250000000000001,0.35648606046844644,0.35879646540595156,-0.0023104049375051172,0.0023104049375051172,convergencia,Euler,0.012500000000000001,,,
1.0375000000000001,0.35202998471259089,0.35433942413058866,-0.0023094394179977717,0.0023094394179977717,convergencia,Euler,0.012500000000000001,,,
1.05,0.34762960990368352,0.34993774911115533,-0.0023081392074718043,0.0023081392074718043,convergencia,Euler,0.012500000000000001,,,
1.0625,0.34328423977988748,0.34559075257697452,-0.0023065127970870458,0.0023065127970870458,convergencia,Euler,0.012500000000000001,,,
1.075,0.3389931867826389,0.34129775530099371,-0.0023045685183548104,0.0023045685183548104,convergencia,Euler,0.012500000000000001,,,
1.0875000000000001,0.33475577194785583,0.33705808649365426,-0.002302314545798434,0.002302314545798434,convergencia,Euler,0.012500000000000001,,,
1.1000000000000001,0.33057132479850765,0.33287108369807955,-0.002299758899571902,0.002299758899571902,convergencia,Euler,0.012500000000000001,,,
1.1125,0.32643918323852633,0.32873609268656412,-0.0022969094480377872,0.0022969094480377872,convergencia,Euler,0.012500000000000001,,,
1.125,0.32235869344804474,0.32465246735834974,-0.002293773910304997,0.002293773910304997,convergencia,Euler,0.012500000000000001,,,
1.1375,0.31832920977994422,0.32061956963867067,-0.0022903598587264429,0.0022903598587264429,convergencia,Euler,0.012500000000000001,,,
1.1500000000000001,0.31435009465769487,0.31663676937905316,-0.002286674721358295,0.002286674721358295,convergencia,Euler,0.012500000000000001,,,
1.1625000000000001,0.31042071847447372,0.31270344425885371,-0.0022827257843799909,0.0022827257843799909,convergencia,Euler,0.012500000000000001,,,
1.175,0.30654045949354281,0.30881897968801986,-0.0022785201944770517,0.0022785201944770517,convergencia,Euler,0.012500000000000001,,,
1.1875,0.30270870374987352,0.30498276871105928,-0.0022740649611857622,0.0022740649611857622,convergencia,Euler,0.012500000000000001,,,
1.2000000000000002,0.29892484495300004,0.30119421191220203,-0.0022693669592019905,0.0022693669592019905,convergencia,Euler,0.012500000000000001,,,
1.2125000000000001,0.29518828439108757,0.2974527173217405,-0.0022644329306529265,0.0022644329306529265,convergencia,Euler,0.012500000000000001,,,
1.2250000000000001,0.29149843083619897,0.29375770032353277,-0.0022592694873337926,0.0022592694873337926,convergencia,Euler,0.012500000000000001,,,
1.2375,0.28785470045074651,0.29010858356365526,-0.00225388311290875,0.00225388311290875,convergencia,Euler,0.012500000000000001,,,
1.25,0.2842565166951122,0.28650479686019009,-0.0022482801650778872,0.0022482801650778872,convergencia,Euler,0.012500000000000001,,,
1.2625000000000002,0.28070331023642325,0.28294577711413277,-0.0022424668777095147,0.0022424668777095147,convergencia,Euler,0.012500000000000001,,,
1.2750000000000001,0.27719451885846796,0.27943096822140728,-0.002236449362939319,0.002236449362939319,convergencia,Euler,0.012500000000000001,,,
1.2875000000000001,0.27372958737273712,0.2759598209859731,-0.0022302336132359879,0.0022302336132359879,convergencia,Euler,0.012500000000000001,,,
1.3,0.2703079675305779,0.27253179303401259,-0.0022238255034346954,0.0022238255034346954,convergencia,Euler,0.012500000000000001,,,
1.3125,0.26692911793644569,0.26914634872918386,-0.0022172307927381674,0.0022172307927381674,convergencia,Euler,0.012500000000000001,,,
1.3250000000000002,0.2635925039622401,0.26580295908892654,-0.0022104551266864392,0.0022104551266864392,convergencia,Euler,0.012500000000000001,,,
1.3375000000000001,0.2602975976627121,0.26250110170180724,-0.0022035040390951388,0.0022035040390951388,convergencia,Euler,0.012500000000000001,,,
1.3500000000000001,0.25704387769192821,0.25924026064589151,-0.002196382953963294,0.002196382953963294,convergencia,Euler,0.012500000000000001,,,
1.3625,0.2538308292207791,0.25601992640813004,-0.0021890971873509413,0.0021890971873509413,convergencia,Euler,0.012500000000000001,,,
1.375,0.25065794385551937,0.25283959580474646,-0.0021816519492270925,0.0021816519492270925,convergencia,Euler,0.012500000000000001,,,
1.3875000000000002,0.24752471955732533,0.2496987719026135,-0.0021740523452881688,0.0021740523452881688,convergencia,Euler,0.012500000000000001,,,
1.4000000000000001,0.24443066056285878,0.24659696394160643,-0.0021663033787476527,0.0021663033787476527,convergencia,Euler,0.012500000000000001,,,
1.4125000000000001,0.24137527730582306,0.24353368725792068,-0.002158409952097623,0.002158409952097623,convergencia,Euler,0.012500000000000001,,,
1.425,0.23835808633950029,0.24050846320834213,-0.0021503768688418412,0.0021503768688418412,convergencia,Euler,0.012500000000000001,,,
1.4375,0.23537861026025655,0.23752081909545814,-0.0021422088352015811,0.0021422088352015811,convergencia,Euler,0.012500000000000001,,,
1.4500000000000002,0.23243637763200331,0.23457028809379762,-0.0021339104617943139,0.0021339104617943139,convergencia,Euler,0.012500000000000001,,,
1.4625000000000001,0.22953092291160329,0.23165640917688876,-0.00212548626528547,0.00212548626528547,convergencia,Euler,0.012500000000000001,,,
1.4750000000000001,0.22666178637520826,0.22877872704522242,-0.0021169406700141669,0.0021169406700141669,convergencia,Euler,0.012500000000000001,,,
1.4875,0.22382851404551815,0.22593679205511083,-0.002108278009592679,0.002108278009592679,convergencia,Euler,0.012500000000000001,,,
1.5,0.22103065761994919,0.22313016014842982,-0.0020995025284806235,0.0020995025284806235,convergencia,Euler,0.012500000000000001,,,
1.5125000000000002,0.2182677743996998,0.2203583927832338,-0.0020906183835339986,0.0020906183835339986,convergencia,Euler,0.012500000000000001,,,
1.5250000000000001,0.21553942721970357,0.21762105686523284,-0.0020816296455292704,0.0020816296455292704,convergencia,Euler,0.012500000000000001,,,
1.5375000000000001,0.21284518437945729,0.21491772468012055,-0.0020725403006632559,0.0020725403006632559,convergencia,Euler,0.012500000000000001,,,
1.55,0.21018461957471407,0.21224797382674304,-0.0020633542520289705,0.0020633542520289705,convergencia,Euler,0.012500000000000001,,,
1.5625,0.20755731183003015,0.20961138715109781,-0.002054075321067661,0.002054075321067661,convergencia,Euler,0.012500000000000001,,,
1.5750000000000002,0.20496284543215473,0.20700755268115259,-0.0020447072489978568,0.0020447072489978568,convergencia,Euler,0.012500000000000001,,,
1.5875000000000001,0.2024008098642528,0.20443606356247396,-0.0020352536982211622,0.0020352536982211622,convergencia,Euler,0.012500000000000001,,,
1.6000000000000001,0.19987079974094965,0.20189651799465538,-0.0020257182537057328,0.0020257182537057328,convergencia,Euler,0.012500000000000001,,,
1.6125,0.19737241474418779,0.19938851916853514,-0.0020161044243473536,0.0020161044243473536,convergencia,Euler,0.012500000000000001,,,
1.625,0.19490525955988544,0.19691167520419406,-0.0020064156443086179,0.0020064156443086179,convergencia,Euler,0.012500000000000001,,,
1.6375000000000002,0.19246894381538684,0.1944655990897235,-0.0019966552743366506,0.0019966552743366506,convergencia,Euler,0.012500000000000001,,,
1.6500000000000001,0.19006308201769451,0.19204990862075408,-0.0019868266030595716,0.0019868266030595716,convergencia,Euler,0.012500000000000001,,,
1.6625000000000001,0.18768729349247334,0.18966422634073524,-0.001976932848261892,0.001976932848261892,convergencia,Euler,0.012500000000000001,,,
1.675,0.18534120232381743,0.18730817948195702,-0.0019669771581395934,0.0019669771581395934,convergencia,Euler,0.012500000000000001,,,
1.6875,0.18302443729476972,0.18498139990730428,-0.0019569626125345574,0.0019569626125345574,convergencia,Euler,0.012500000000000001,,,
1.7000000000000002,0.18073663182858507,0.18268352405273461,-0.0019468922241495379,0.0019468922241495379,convergencia,Euler,0.012500000000000001,,,
1.7125000000000001,0.17847742393072777,0.18041419287047075,-0.0019367689397429833,0.0019367689397429833,convergencia,Euler,0.012500000000000001,,,
1.7250000000000001,0.17624645613159368,0.17817305177289841,-0.0019265956413047347,0.0019265956413047347,convergencia,Euler,0.012500000000000001,,,
1.7375,0.17404337542994877,0.17595975057716148,-0.0019163751472127122,0.0019163751472127122,convergencia,Euler,0.012500000000000001,,,
1.75,0.17186783323707441,0.17377394345044514,-0.0019061102133707264,0.0019061102133707264,convergencia,Euler,0.012500000000000001,,,
1.7625000000000002,0.16971948532161096,0.17161528885593871,-0.0018958035343277502,0.0018958035343277502,convergencia,Euler,0.012500000000000001,,,
1.7750000000000001,0.16759799175509082,0.16948344949947006,-0.001885457744379232,0.001885457744379232,convergencia,Euler,0.012500000000000001,,,
1.7875000000000001,0.16550301685815219,0.16737809227680248,-0.0018750754186502849,0.0018750754186502849,convergencia,Euler,0.012500000000000001,,,
1.8,0.16343422914742531,0.16529888822158653,-0.0018646590741612235,0.0018646590741612235,convergencia,Euler,0.012500000000000001,,,
1.8125,0.16139130128308249,0.16324551245395841,-0.001854211170875919,0.001854211170875919,convergencia,Euler,0.012500000000000001,,,
1.8250000000000002,0.15937391001704393,0.16121764412977674,-0.0018437341127328088,0.0018437341127328088,convergencia,Euler,0.012500000000000001,,,
1.8375000000000001,0.15738173614183087,0.15921496639049024,-0.0018332302486593621,0.0018332302486593621,convergencia,Euler,0.012500000000000001,,,
1.8500000000000001,0.15541446444005799,0.15723716631362761,-0.0018227018735696154,0.0018227018735696154,convergencia,Euler,0.012500000000000001,,,
1.8625,0.15347178363455727,0.15528393486390299,-0.0018121512293457209,0.0018121512293457209,convergencia,Euler,0.012500000000000001,,,
1.875,0.1515533863391253,0.15335496684492847,-0.0018015805058031742,0.0018015805058031742,convergencia,Euler,0.012500000000000001,,,
1.8875000000000002,0.14965896900988621,0.15144996085152654,-0.0017909918416403325,0.0017909918416403325,convergencia,Euler,0.012500000000000001,,,
1.9000000000000001,0.14778823189726265,0.14956861922263504,-0.0017803873253723901,0.0017803873253723901,convergencia,Euler,0.012500000000000001,,,
1.9125000000000001,0.14594087899854688,0.14771064799479677,-0.001769768996249893,0.001769768996249893,convergencia,Euler,0.012500000000000001,,,
1.925,0.14411661801106504,0.14587575685622736,-0.0017591388451623224,0.0017591388451623224,convergencia,Euler,0.012500000000000001,,,
1.9375,0.14231516028592672,0.14406365910145327,-0.0017484988155265502,0.0017484988155265502,convergencia,Euler,0.012500000000000001,,,
1.9500000000000002,0.14053622078235262,0.14227407158651353,-0.0017378508041609175,0.0017378508041609175,convergencia,Euler,0.012500000000000001,,,
1.9625000000000001,0.13877951802257321,0.14050671468471809,-0.0017271966621448809,0.0017271966621448809,convergencia,Euler,0.012500000000000001,,,
1.9750000000000001,0.13704477404729104,0.13876131224295524,-0.0017165381956641967,0.0017165381956641967,convergencia,Euler,0.012500000000000001,,,
1.9875,0.13533171437169991,0.13703759153854245,-0.0017058771668425343,0.0017058771668425343,convergencia,Euler,0.012500000000000001,,,
2,0.13364006794205366,0.1353352832366127,-0.0016952152945590437,0.0016952152945590437,convergencia,Euler,0.012500000000000001,,,
2.0125000000000002,0.13196956709277796,0.1336541213480304,-0.0016845542552524351,0.0016845542552524351,convergencia,Euler,0.012500000000000001,,,
2.0249999999999999,0.13031994750411827,0.13199384318783022,-0.0016738956837119567,0.0016738956837119567,convergencia,Euler,0.012500000000000001,,,
2.0375000000000001,0.12869094816031676,0.13035418933417164,-0.0016632411738548847,0.0016632411738548847,convergencia,Euler,0.012500000000000001,,,
2.0500000000000003,0.12708231130831277,0.12873490358780418,-0.0016525922794914105,0.0016525922794914105,convergencia,Euler,0.012500000000000001,,,
2.0625,0.12549378241695888,0.12713573293203559,-0.0016419505150767066,0.0016419505150767066,convergencia,Euler,0.012500000000000001,,,
2.0750000000000002,0.12392511013674687,0.1255564274931972,-0.0016313173564503347,0.0016313173564503347,convergencia,Euler,0.012500000000000001,,,
2.0874999999999999,0.12237604626003756,0.12399674050160123,-0.0016206942415636638,0.0016206942415636638,convergencia,Euler,0.012500000000000001,,,
2.1000000000000001,0.12084634568178707,0.12245642825298191,-0.0016100825711948402,0.0016100825711948402,convergencia,Euler,0.012500000000000001,,,
2.1125000000000003,0.11933576636076471,0.12093525007041664,-0.0015994837096519332,0.0015994837096519332,convergencia,Euler,0.012500000000000001,,,
2.125,0.11784406928125518,0.11943296826671962,-0.0015888989854644375,0.0015888989854644375,convergencia,Euler,0.012500000000000001,,,
2.1375000000000002,0.11637101841523947,0.11794934810730248,-0.0015783296920630074,0.0015783296920630074,convergencia,Euler,0.012500000000000001,,,
2.1499999999999999,0.11491638068504902,0.11648415777349697,-0.0015677770884479497,0.0015677770884479497,convergencia,Euler,0.012500000000000001,,,
2.1625000000000001,0.11347992592648588,0.11503716832633237,-0.0015572423998464896,0.0015572423998464896,convergencia,Euler,0.012500000000000001,,,
2.1750000000000003,0.11206142685240479,0.11360815367076371,-0.0015467268183589206,0.0015467268183589206,convergencia,Euler,0.012500000000000001,,,
2.1875,0.11066065901674976,0.11219689052034373,-0.0015362315035939711,0.0015362315035939711,convergencia,Euler,0.012500000000000001,,,
2.2000000000000002,0.10927740077904037,0.11080315836233387,-0.0015257575832934994,0.0015257575832934994,convergencia,Euler,0.012500000000000001,,,
2.2124999999999999,0.1079114332693024,0.10942673942324893,-0.0015153061539465301,0.0015153061539465301,convergencia,Euler,0.012500000000000001,,,
2.2250000000000001,0.1065625403534361,0.10806741863482926,-0.0015048782813931599,0.0015048782813931599,convergencia,Euler,0.012500000000000001,,,
2.2375000000000003,0.10523050859901813,0.10672498360043615,-0.0014944750014180275,0.0014944750014180275,convergencia,Euler,0.012500000000000001,,,
2.25,0.10391512724153043,0.10539922456186433,-0.001484097320333902,0.001484097320333902,convergencia,Euler,0.012500000000000001,,,
2.2625000000000002,0.10261618815101128,0.10408993436656665,-0.0014737462155553632,0.0014737462155553632,convergencia,Euler,0.012500000000000001,,,
2.2749999999999999,0.10133348579912367,0.1027969084352864,-0.0014634226361627256,0.0014634226361627256,convergencia,Euler,0.012500000000000001,,,
2.2875000000000001,0.1000668172266346,0.10151994473009104,-0.0014531275034564417,0.0014531275034564417,convergencia,Euler,0.012500000000000001,,,
2.3000000000000003,0.098815982011301651,0.10025884372280371,-0.0014428617115020553,0.0014428617115020553,convergencia,Euler,0.012500000000000001,,,
2.3125,0.097580782236160402,0.0990134083638263,-0.001432626127665898,0.001432626127665898,convergencia,Euler,0.012500000000000001,,,
2.3250000000000002,0.096361022458208379,0.097783444051350046,-0.0014224215931416678,0.0014224215931416678,convergencia,Euler,0.012500000000000001,,,
2.3374999999999999,0.095156509677480794,0.096568758600948823,-0.0014122489234680291,0.0014122489234680291,convergencia,Euler,0.012500000000000001,,,
2.3500000000000001,0.093967053306512269,0.095369162215549613,-0.0014021089090373445,0.0014021089090373445,convergencia,Euler,0.012500000000000001,,,
2.3625000000000003,0.092792465140180844,0.094184467455776646,-0.0013920023155958028,0.0013920023155958028,convergencia,Euler,0.012500000000000001,,,
2.375,0.091632559325928606,0.093014489210663492,-0.0013819298847348865,0.0013819298847348865,convergencia,Euler,0.012500000000000001,,,
2.3875000000000002,0.090487152334354476,0.091859044668728893,-0.0013718923343744166,0.0013718923343744166,convergencia,Euler,0.012500000000000001,,,
2.4000000000000004,0.089356062930175034,0.09071795328941247,-0.001361890359237436,0.001361890359237436,convergencia,Euler,0.012500000000000001,,,
2.4125000000000001,0.088239112143547876,0.089591036774864671,-0.0013519246313167949,0.0013519246313167949,convergencia,Euler,0.012500000000000001,,,
2.4250000000000003,0.087136123241753516,0.088478119042087272,-0.0013419958003337562,0.0013419958003337562,convergencia,Euler,0.012500000000000001,,,
2.4375,0.086046921701231627,0.087379026195420387,-0.00133210449418876,0.00133210449418876,convergencia,Euler,0.012500000000000001,,,
2.4500000000000002,0.084971335179966218,0.086293586499370495,-0.0013222513194042773,0.0013222513194042773,convergencia,Euler,0.012500000000000001,,,
2.4625000000000004,0.083909193490216624,0.085221630351776795,-0.0013124368615601706,0.0013124368615601706,convergencia,Euler,0.012500000000000001,,,
2.4750000000000001,0.08286032857158894,0.084162990257310361,-0.0013026616857214207,0.0013026616857214207,convergencia,Euler,0.012500000000000001,,,
2.4875000000000003,0.081824574464444064,0.083117500801302521,-0.0012929263368584576,0.0012929263368584576,convergencia,Euler,0.012500000000000001,,,
2.5,0.08080176728363854,0.0820849986238988,-0.0012832313402602602,0.0012832313402602602,convergencia,Euler,0.012500000000000001,,,
2.5125000000000002,0.07979174519259305,0.081065322394533249,-0.0012735772019401986,0.0012735772019401986,convergencia,Euler,0.012500000000000001,,,
2.5250000000000004,0.078794348377685619,0.080058312786720515,-0.0012639644090348956,0.0012639644090348956,convergencia,Euler,0.012500000000000001,,,
2.5375000000000001,0.077809419022964565,0.079063812453160645,-0.0012543934301960796,0.0012543934301960796,convergencia,Euler,0.012500000000000001,,,
2.5500000000000003,0.076836801285177489,0.078081666001153127,-0.0012448647159756382,0.0012448647159756382,convergencia,Euler,0.012500000000000001,,,
2.5625,0.075876341269112788,0.077111719968316714,-0.0012353786992039262,0.0012353786992039262,convergencia,Euler,0.012500000000000001,,,
2.5750000000000002,0.074927887003248858,0.076153822798610327,-0.0012259357953614686,0.0012259357953614686,convergencia,Euler,0.012500000000000001,,,
2.5875000000000004,0.073991288415708234,0.075207824818652375,-0.0012165364029441406,0.0012165364029441406,convergencia,Euler,0.012500000000000001,,,
2.6000000000000001,0.073066397310511899,0.074273578214333877,-0.0012071809038219777,0.0012071809038219777,convergencia,Euler,0.012500000000000001,,,
2.6125000000000003,0.072153067344130489,0.073350937007722106,-0.0011978696635916164,0.0011978696635916164,convergencia,Euler,0.012500000000000001,,,
2.625,0.071251154002328884,0.072439757034251456,-0.0011886030319225721,0.0011886030319225721,convergencia,Euler,0.012500000000000001,,,
2.6375000000000002,0.070360514577299763,0.071539895920197216,-0.0011793813428974537,0.0011793813428974537,convergencia,Euler,0.012500000000000001,,,
2.6500000000000004,0.069481008145083498,0.070651213060429569,-0.0011702049153460709,0.0011702049153460709,convergencia,Euler,0.012500000000000001,,,
2.6625000000000001,0.068612495543269966,0.069773569596443638,-0.0011610740531736718,0.0011610740531736718,convergencia,Euler,0.012500000000000001,,,
2.6750000000000003,0.067754839348979079,0.068906828394662556,-0.0011519890456834769,0.0011519890456834769,convergencia,Euler,0.012500000000000001,,,
2.6875,0.066907903857116854,0.068050854025010196,-0.0011429501678933418,0.0011429501678933418,convergencia,Euler,0.012500000000000001,,,
2.7000000000000002,0.066071555058902887,0.067205512739749756,-0.0011339576808468699,0.0011339576808468699,convergencia,Euler,0.012500000000000001,,,
2.7125000000000004,0.065245660620666585,0.066370672452585572,-0.0011250118319189872,0.0011250118319189872,convergencia,Euler,0.012500000000000001,,,
2.7250000000000001,0.064430089862908269,0.065546202718024332,-0.0011161128551160637,0.0011161128551160637,convergencia,Euler,0.012500000000000001,,,
2.7375000000000003,0.063624713739621905,0.064731974710992526,-0.0011072609713706216,0.0011072609713706216,convergencia,Euler,0.012500000000000001,,,
2.75,0.062829404817876647,0.06392786120670757,-0.0010984563888309234,0.0010984563888309234,convergencia,Euler,0.012500000000000001,,,
2.7625000000000002,0.06204403725765318,0.063133736560798376,-0.001089699303145196,0.001089699303145196,convergencia,Euler,0.012500000000000001,,,
2.7750000000000004,0.061268486791932503,0.062349476689673403,-0.0010809898977408999,0.0010809898977408999,convergencia,Euler,0.012500000000000001,,,
2.7875000000000001,0.060502630707033364,0.061574959051132208,-0.001072328344098844,0.001072328344098844,convergencia,Euler,0.012500000000000001,,,
2.8000000000000003,0.059746347823195434,0.060810062625217952,-0.0010637148020225182,0.0010637148020225182,convergencia,Euler,0.012500000000000001,,,
2.8125,0.058999518475405507,0.060054667895307945,-0.0010551494199024375,0.0010551494199024375,convergencia,Euler,0.012500000000000001,,,
2.8250000000000002,0.058262024494462931,0.05930865682943872,-0.0010466323349757889,0.0010466323349757889,convergencia,Euler,0.012500000000000001,,,
2.8375000000000004,0.057533749188282135,0.058571912861863501,-0.001038163673581366,0.001038163673581366,convergencia,Euler,0.012500000000000001,,,
2.8500000000000001,0.056814577323428622,0.057844320874838456,-0.0010297435514098341,0.0010297435514098341,convergencia,Euler,0.012500000000000001,,,
2.8625000000000003,0.056104395106885752,0.057125767180635265,-0.001021372073749513,0.001021372073749513,convergencia,Euler,0.012500000000000001,,,
2.875,0.055403090168049694,0.05641613950377735,-0.001013049335727656,0.001013049335727656,convergencia,Euler,0.012500000000000001,,,
2.8875000000000002,0.054710551540949066,0.055715326963496396,-0.0010047754225473299,0.0010047754225473299,convergencia,Euler,0.012500000000000001,,,
2.9000000000000004,0.054026669646687196,0.05502322005640721,-0.00099655040972001369,0.00099655040972001369,convergencia,Euler,0.012500000000000001,,,
2.9125000000000001,0.053351336276103618,0.054339710639397472,-0.00098837436329385353,0.00098837436329385353,convergencia,Euler,0.012500000000000001,,,
2.9250000000000003,0.052684444572652311,0.053664691912730107,-0.00098024734007779585,0.00098024734007779585,convergencia,Euler,0.012500000000000001,,,
2.9375,0.052025889015494174,0.052998058403355801,-0.00097216938786162665,0.00097216938786162665,convergencia,Euler,0.012500000000000001,,,
2.9500000000000002,0.051375565402800485,0.052339705948432381,-0.00096414054563189605,0.00096414054563189605,convergencia,Euler,0.012500000000000001,,,
2.9625000000000004,0.050733370835265468,0.051689531679049369,-0.00095616084378390143,0.00095616084378390143,convergencia,Euler,0.012500000000000001,,,
2.9750000000000001,0.050099203699824665,0.051047434004154395,-0.00094823030432972938,0.00094823030432972938,convergencia,Euler,0.012500000000000001,,,
2.9875000000000003,0.049472963653576847,0.050413312594679356,-0.000940348941102509,0.000940348941102509,convergencia,Euler,0.012500000000000001,,,
3,0.048854551607907151,0.049787068367863944,-0.00093251675995679323,0.00093251675995679323,convergencia,Euler,0.012500000000000001,,,
3.0125000000000002,0.0482438697128083,0.049168603471773563,-0.00092473375896526266,0.00092473375896526266,convergencia,Euler,0.012500000000000001,,,
3.0250000000000004,0.047640821341398187,0.048557821270009946,-0.00091699992861175861,0.00091699992861175861,convergencia,Euler,0.012500000000000001,,,
3.0375000000000001,0.047045311074630725,0.047954626326611453,-0.00090931525198072877,0.00090931525198072877,convergencia,Euler,0.012500000000000001,,,
3.0500000000000003,0.046457244686197829,0.047358924391140908,-0.00090167970494307859,0.00090167970494307859,convergencia,Euler,0.012500000000000001,,,
3.0625,0.045876529127620372,0.04677062238395898,-0.00089409325633860864,0.00089409325633860864,convergencia,Euler,0.012500000000000001,,,
3.0750000000000002,0.045303072513525111,0.046189628381680101,-0.00088655586815498955,0.00088655586815498955,convergencia,Euler,0.012500000000000001,,,
3.0875000000000004,0.044736784107106041,0.045615851602809385,-0.00087906749570334369,0.00087906749570334369,convergencia,Euler,0.012500000000000001,,,
3.1000000000000001,0.044177574305767228,0.045049202393557801,-0.00087162808779057271,0.00087162808779057271,convergencia,Euler,0.012500000000000001,,,
3.1125000000000003,0.043625354626945133,0.044489592213833508,-0.00086423758688837504,0.00086423758688837504,convergencia,Euler,0.012500000000000001,,,
3.125,0.043080037694108328,0.04393693362340742,-0.00085689592929909242,0.00085689592929909242,convergencia,Euler,0.012500000000000001,,,
3.1375000000000002,0.042541537222931969,0.043391140268250354,-0.00084960304531838532,0.00084960304531838532,convergencia,Euler,0.012500000000000001,,,
3.1500000000000004,0.042009768007645311,0.042852126867040166,-0.00084235885939485527,0.00084235885939485527,convergencia,Euler,0.012500000000000001,,,
3.1625000000000001,0.041484645907549758,0.042319809197836296,-0.00083516329028653774,0.00083516329028653774,convergencia,Euler,0.012500000000000001,,,
3.1750000000000003,0.040966087833705381,0.041794104084919896,-0.00082801625121451533,0.00082801625121451533,convergencia,Euler,0.012500000000000001,,,
3.1875,0.040454011735784078,0.041274929385797549,-0.000820917650013471,0.000820917650013471,convergencia,Euler,0.012500000000000001,,,
3.2000000000000002,0.039948336589086766,0.040762203978366211,-0.00081386738927944485,0.00081386738927944485,convergencia,Euler,0.012500000000000001,,,
3.2125000000000004,0.039448982381723174,0.040255847748237837,-0.00080686536651466273,0.00080686536651466273,convergencia,Euler,0.012500000000000001,,,
3.2250000000000001,0.038955870101951645,0.039755781576221304,-0.00079991147426965864,0.00079991147426965864,convergencia,Euler,0.012500000000000001,,,
3.2375000000000003,0.038468921725677244,0.039261927325959803,-0.00079300560028255918,0.00079300560028255918,convergencia,Euler,0.012500000000000001,,,
3.25,0.037988060204106291,0.038774207831722009,-0.00078614762761571727,0.00078614762761571727,convergencia,Euler,0.012500000000000001,,,
3.2625000000000002,0.037513209451554959,0.038292546886344647,-0.00077933743478968837,0.00077933743478968837,convergencia,Euler,0.012500000000000001,,,
3.2750000000000004,0.037044294333410513,0.037816869229325069,-0.00077257489591455591,0.00077257489591455591,convergencia,Euler,0.012500000000000001,,,
3.2875000000000001,0.03658124065424289,0.037347100535061607,-0.00076585988081871725,0.00076585988081871725,convergencia,Euler,0.012500000000000001,,,
3.3000000000000003,0.03612397514606485,0.036883167401239994,-0.00075919225517514372,0.00075919225517514372,convergencia,Euler,0.012500000000000001,,,
3.3125,0.03567242545673905,0.036424997337364234,-0.00075257188062518438,0.00075257188062518438,convergencia,Euler,0.012500000000000001,,,
3.3250000000000002,0.035226520138529803,0.035972518753429654,-0.00074599861489985098,0.00074599861489985098,convergencia,Euler,0.012500000000000001,,,
3.3375000000000004,0.034786188636798172,0.035525660948736951,-0.00073947231193877833,0.00073947231193877833,convergencia,Euler,0.012500000000000001,,,
3.3500000000000001,0.034351361278838206,0.035084354100845025,-0.00073299282200681853,0.00073299282200681853,convergencia,Euler,0.012500000000000001,,,
3.3625000000000003,0.033921969262852722,0.034648529254661012,-0.0007265599918082899,0.0007265599918082899,convergencia,Euler,0.012500000000000001,,,
3.375,0.033497944647067075,0.034218118311666032,-0.00072017366459895676,0.00072017366459895676,convergencia,Euler,0.012500000000000001,,,
3.3875000000000002,0.033079220338978733,0.033793054019274543,-0.00071383368029580979,0.00071383368029580979,convergencia,Euler,0.012500000000000001,,,
3.4000000000000004,0.032665730084741496,0.033373269960326066,-0.00070753987558457021,0.00070753987558457021,convergencia,Euler,0.012500000000000001,,,
3.4125000000000001,0.032257408458682232,0.032958700542707352,-0.00070129208402511939,0.00070129208402511939,convergencia,Euler,0.012500000000000001,,,
3.4250000000000003,0.031854190852948702,0.032549280989103417,-0.00069509013615471488,0.00069509013615471488,convergencia,Euler,0.012500000000000001,,,
3.4375,0.031456013467286853,0.032144947326876068,-0.00068893385958921499,0.00068893385958921499,convergencia,Euler,0.012500000000000001,,,
3.4500000000000002,0.031062813298945762,0.031745636378067939,-0.00068282307912217663,0.00068282307912217663,convergencia,Euler,0.012500000000000001,,,
3.4625000000000004,0.030674528132708934,0.031351285749530874,-0.0006767576168219408,0.0006767576168219408,convergencia,Euler,0.012500000000000001,,,
3.4750000000000001,0.030291096531050079,0.030961833823176882,-0.00067073729212680303,0.00067073729212680303,convergencia,Euler,0.012500000000000001,,,
3.4875000000000003,0.029912457824411948,0.030577219746350082,-0.0006647619219381333,0.0006647619219381333,convergencia,Euler,0.012500000000000001,,,
3.5,0.029538552101606805,0.030197383422318501,-0.0006588313207116954,0.0006588313207116954,convergencia,Euler,0.012500000000000001,,,
3.5125000000000002,0.029169320200336715,0.029822265500883696,-0.00065294530054698166,0.00065294530054698166,convergencia,Euler,0.012500000000000001,,,
3.5250000000000004,0.028804703697832501,0.029451807369107279,-0.00064710367127477839,0.00064710367127477839,convergencia,Euler,0.012500000000000001,,,
3.5375000000000001,0.028444644901609601,0.029085951142152462,-0.00064130624054286114,0.00064130624054286114,convergencia,Euler,0.012500000000000001,,,
3.5500000000000003,0.028089086840339474,0.028724639654239423,-0.00063555281389994847,0.00063555281389994847,convergencia,Euler,0.012500000000000001,,,
3.5625,0.027737973254835239,0.028367816449713101,-0.00062984319487786183,0.00062984319487786183,convergencia,Euler,0.012500000000000001,,,
3.5750000000000002,0.027391248589149795,0.028015425774221808,-0.00062417718507201334,0.00062417718507201334,convergencia,Euler,0.012500000000000001,,,
3.5875000000000004,0.027048857981785416,0.027667412566005564,-0.00061855458422014828,0.00061855458422014828,convergencia,Euler,0.012500000000000001,,,
3.6000000000000001,0.026710747257013105,0.027323722447292559,-0.00061297519027945363,0.00061297519027945363,convergencia,Euler,0.012500000000000001,,,
3.6125000000000003,0.026376862916300436,0.026984301715802475,-0.0006074387995020393,0.0006074387995020393,convergencia,Euler,0.012500000000000001,,,
3.625,0.026047152129846686,0.026649097336355485,-0.00060194520650879921,0.00060194520650879921,convergencia,Euler,0.012500000000000001,,,
3.6375000000000002,0.025721562728223599,0.0263180569325853,-0.00059649420436170067,0.00059649420436170067,convergencia,Euler,0.012500000000000001,,,
3.6500000000000004,0.0254000431941208,0.025991128778755333,-0.00059108558463453337,0.00059108558463453337,convergencia,Euler,0.012500000000000001,,,
3.6625000000000001,0.025082542654194295,0.025668261791676424,-0.00058571913748212828,0.00058571913748212828,convergencia,Euler,0.012500000000000001,,,
3.6750000000000003,0.024769010871016864,0.025349405522724931,-0.00058039465170806742,0.00058039465170806742,convergencia,Euler,0.012500000000000001,,,
3.6875,0.024459398235129159,0.025034510149960148,-0.00057511191483098842,0.00057511191483098842,convergencia,Euler,0.012500000000000001,,,
3.7000000000000002,0.024153655757190039,0.024723526470339388,-0.0005698707131493487,0.0005698707131493487,convergencia,Euler,0.012500000000000001,,,
3.7125000000000004,0.023851735060225161,0.024416405892030021,-0.00056467083180486086,0.00056467083180486086,convergencia,Euler,0.012500000000000001,,,
3.7250000000000001,0.023553588371972353,0.024113100426816865,-0.00055951205484451247,0.00055951205484451247,convergencia,Euler,0.012500000000000001,,,
3.7375000000000003,0.023259168517322695,0.023813562682603866,-0.00055439416528117041,0.00055439416528117041,convergencia,Euler,0.012500000000000001,,,
3.75,0.022968428910856167,0.023517745856009107,-0.00054931694515293963,0.00054931694515293963,convergencia,Euler,0.012500000000000001,,,
3.7625000000000002,0.022681323549470462,0.023225603725051565,-0.00054428017558110289,0.00054428017558110289,convergencia,Euler,0.012500000000000001,,,
3.7750000000000004,0.022397807005102077,0.02293709064192892,-0.00053928363682684277,0.00053928363682684277,convergencia,Euler,0.012500000000000001,,,
3.7875000000000001,0.022117834417538309,0.022652161525884961,-0.0005343271083466522,0.0005343271083466522,convergencia,Euler,0.012500000000000001,,,
3.8000000000000003,0.021841361487319078,0.022370771856165591,-0.00052941036884651335,0.00052941036884651335,convergencia,Euler,0.012500000000000001,,,
3.8125,0.021568344468727595,0.022092877665062443,-0.00052453319633484832,0.00052453319633484832,convergencia,Euler,0.012500000000000001,,,
3.8250000000000002,0.021298740162868497,0.021818435531042762,-0.00051969536817426595,0.00051969536817426595,convergencia,Euler,0.012500000000000001,,,
3.8375000000000004,0.021032505910832635,0.02154740257196476,-0.00051489666113212554,0.00051489666113212554,convergencia,Euler,0.012500000000000001,,,
3.8500000000000001,0.020769599586947234,0.021279736438377168,-0.00051013685142993481,0.00051013685142993481,convergencia,Euler,0.012500000000000001,,,
3.8625000000000003,0.02050997959211039,0.02101539530690202,-0.00050541571479163078,0.00050541571479163078,convergencia,Euler,0.012500000000000001,,,
3.875,0.020253604847209016,0.020754337873699742,-0.00050073302649072601,0.00050073302649072601,convergencia,Euler,0.012500000000000001,,,
3.8875000000000002,0.020000434786618899,0.020496523348015248,-0.00049608856139634824,0.00049608856139634824,convergencia,Euler,0.012500000000000001,,,
3.9000000000000004,0.019750429351786159,0.020241911445804381,-0.00049148209401822171,0.00049148209401822171,convergencia,Euler,0.012500000000000001,,,
3.9125000000000001,0.019503548984888836,0.01999046238343942,-0.00048691339855058344,0.00048691339855058344,convergencia,Euler,0.012500000000000001,,,
3.9250000000000003,0.019259754622577722,0.019742136871492774,-0.00048238224891505171,0.00048238224891505171,convergencia,Euler,0.012500000000000001,,,
3.9375,0.019019007689795506,0.019496896108597995,-0.00047788841880248845,0.00047788841880248845,convergencia,Euler,0.012500000000000001,,,
3.9500000000000002,0.018781270093673058,0.01925470177538692,-0.0004734316817138623,0.0004734316817138623,convergencia,Euler,0.012500000000000001,,,
3.9625000000000004,0.018546504217502143,0.019015516028502245,-0.00046901181100010222,0.00046901181100010222,convergencia,Euler,0.012500000000000001,,,
3.9750000000000001,0.018314672914783371,0.018779301494684399,-0.00046462857990102815,0.00046462857990102815,convergencia,Euler,0.012500000000000001,,,
3.9875000000000003,0.018085739503348575,0.018546021264931878,-0.00046028176158330325,0.00046028176158330325,convergencia,Euler,0.012500000000000001,,,
4,0.017859667759556722,0.018315638888734179,-0.00045597112917745639,0.00045597112917745639,convergencia,Euler,0.012500000000000001,,,
4.0125000000000002,0.017636421912562261,0.018088118368376298,-0.00045169645581403725,0.00045169645581403725,convergencia,Euler,0.012500000000000001,,,
4.0250000000000004,0.017415966638655231,0.017863424153314034,-0.00044745751465880348,0.00044745751465880348,convergencia,Euler,0.012500000000000001,,,
4.0375000000000005,0.017198267055672036,0.017641521134619149,-0.0004432540789471133,0.0004432540789471133,convergencia,Euler,0.012500000000000001,,,
4.0499999999999998,0.016983288717476147,0.017422374639493515,-0.00043908592201736749,0.00043908592201736749,convergencia,Euler,0.012500000000000001,,,
4.0625,0.016770997608507691,0.017205950425851383,-0.00043495281734369159,0.00043495281734369159,convergencia,Euler,0.012500000000000001,,,
4.0750000000000002,0.016561360138401343,0.016992214676969066,-0.00043085453856772302,0.00043085453856772302,convergencia,Euler,0.012500000000000001,,,
4.0875000000000004,0.016354343136671324,0.016781133996200959,-0.00042679085952963478,0.00042679085952963478,convergencia,Euler,0.012500000000000001,,,
4.1000000000000005,0.016149913847462928,0.016572675401761237,-0.00042276155429830931,0.00042276155429830931,convergencia,Euler,0.012500000000000001,,,
4.1124999999999998,0.015948039924369654,0.016366806321570428,-0.00041876639720077324,0.00041876639720077324,convergencia,Euler,0.012500000000000001,,,
4.125,0.015748689425315029,0.016163494588165874,-0.00041480516285084465,0.00041480516285084465,convergencia,Euler,0.012500000000000001,,,
4.1375000000000002,0.015551830807498588,0.015962708433675608,-0.00041087762617702042,0.00041087762617702042,convergencia,Euler,0.012500000000000001,,,
4.1500000000000004,0.015357432922404853,0.015764416484854486,-0.00040698356244963339,0.00040698356244963339,convergencia,Euler,0.012500000000000001,,,
4.1625000000000005,0.01516546501087479,0.015568587758182076,-0.00040312274730728605,0.00040312274730728605,convergencia,Euler,0.012500000000000001,,,
4.1749999999999998,0.014975896698238867,0.015375191655021433,-0.00039929495678256606,0.00039929495678256606,convergencia,Euler,0.012500000000000001,,,
4.1875,0.014788697989510878,0.015184197956837946,-0.00039549996732706795,0.00039549996732706795,convergencia,Euler,0.012500000000000001,,,
4.2000000000000002,0.014603839264641989,0.014995576820477703,-0.0003917375558357139,0.0003917375558357139,convergencia,Euler,0.012500000000000001,,,
4.2125000000000004,0.014421291273833962,0.0148092987735044,-0.00038800749967043795,0.00038800749967043795,convergencia,Euler,0.012500000000000001,,,
4.2250000000000005,0.014241025132911034,0.014625334709594208,-0.00038430957668317452,0.00038430957668317452,convergencia,Euler,0.012500000000000001,,,
4.2374999999999998,0.014063012318749657,0.014443655883987879,-0.0003806435652382225,0.0003806435652382225,convergencia,Euler,0.012500000000000001,,,
4.25,0.013887224664765283,0.014264233908999256,-0.00037700924423397265,0.00037700924423397265,convergencia,Euler,0.012500000000000001,,,
4.2625000000000002,0.013713634356455714,0.014087040749579723,-0.00037340639312400878,0.00037340639312400878,convergencia,Euler,0.012500000000000001,,,
4.2750000000000004,0.013542213927000016,0.013912048718937619,-0.00036983479193760348,0.00036983479193760348,convergencia,Euler,0.012500000000000001,,,
4.2875000000000005,0.013372936252912514,0.013739230474212131,-0.00036629422129961717,0.00036629422129961717,convergencia,Euler,0.012500000000000001,,,
4.2999999999999998,0.013205774549751118,0.013568559012200934,-0.00036278446244981596,0.00036278446244981596,convergencia,Euler,0.012500000000000001,,,
4.3125,0.013040702367879227,0.013400007665140828,-0.00035930529726160149,0.00035930529726160149,convergencia,Euler,0.012500000000000001,,,
4.3250000000000002,0.012877693588280734,0.013233550096540928,-0.00035585650826019423,0.00035585650826019423,convergencia,Euler,0.012500000000000001,,,
4.3375000000000004,0.012716722418427223,0.01306916029706748,-0.00035243787864025662,0.00035243787864025662,convergencia,Euler,0.012500000000000001,,,
4.3500000000000005,0.01255776338819688,0.012906812580479862,-0.00034904919228298179,0.00034904919228298179,convergencia,Euler,0.012500000000000001,,,
4.3624999999999998,0.012400791345844429,0.012746481579617068,-0.00034569023377263933,0.00034569023377263933,convergencia,Euler,0.012500000000000001,,,
4.375,0.012245781454021372,0.012588142242433998,-0.00034236078841262674,0.00034236078841262674,convergencia,Euler,0.012500000000000001,,,
4.3875000000000002,0.012092709185846102,0.012431769828087082,-0.00033906064224097955,0.00033906064224097955,convergencia,Euler,0.012500000000000001,,,
4.4000000000000004,0.011941550321023025,0.012277339903068436,-0.0003357895820454114,0.0003357895820454114,convergencia,Euler,0.012500000000000001,,,
4.4125000000000005,0.011792280942010234,0.012124828337388089,-0.00033254739537785447,0.00033254739537785447,convergencia,Euler,0.012500000000000001,,,
4.4249999999999998,0.011644877430235115,0.011974211300803622,-0.00032933387056850727,0.00032933387056850727,convergencia,Euler,0.012500000000000001,,,
4.4375,0.011499316462357174,0.011825465259096618,-0.00032614879673944358,0.00032614879673944358,convergencia,Euler,0.012500000000000001,,,
4.4500000000000002,0.011355575006577707,0.011678566970395442,-0.00032299196381773559,0.00032299196381773559,convergencia,Euler,0.012500000000000001,,,
4.4625000000000004,0.011213630318995483,0.011533493481543622,-0.00031986316254813824,0.00031986316254813824,convergencia,Euler,0.012500000000000001,,,
4.4750000000000005,0.011073459940008037,0.011390222124513367,-0.00031676218450532936,0.00031676218450532936,convergencia,Euler,0.012500000000000001,,,
4.4874999999999998,0.010935041690757945,0.011248730512863665,-0.00031368882210571977,0.00031368882210571977,convergencia,Euler,0.012500000000000001,,,
4.5,0.01079835366962347,0.011108996538242306,-0.00031064286861883644,0.00031064286861883644,convergencia,Euler,0.012500000000000001,,,
4.5125000000000002,0.010663374248753174,0.010970998366931477,-0.00030762411817830335,0.00030762411817830335,convergencia,Euler,0.012500000000000001,,,
4.5250000000000004,0.010530082070643758,0.010834714436436152,-0.00030463236579239376,0.00030463236579239376,convergencia,Euler,0.012500000000000001,,,
4.5375000000000005,0.010398456044760709,0.010700123452114917,-0.00030166740735420791,0.00030166740735420791,convergencia,Euler,0.012500000000000001,,,
4.5499999999999998,0.010268475344201208,0.010567204383852655,-0.00029872903965144637,0.00029872903965144637,convergencia,Euler,0.012500000000000001,,,
4.5625,0.010140119402398692,0.010435936462774504,-0.00029581706037581229,0.00029581706037581229,convergencia,Euler,0.012500000000000001,,,
4.5750000000000002,0.010013367909868707,0.010306299178000741,-0.00029293126813203368,0.00029293126813203368,convergencia,Euler,0.012500000000000001,,,
4.5875000000000004,0.009888200810995347,0.010178272273441868,-0.00029007146244652143,0.00029007146244652143,convergencia,Euler,0.012500000000000001,,,
4.6000000000000005,0.0097645983008579039,0.010051835744633576,-0.00028723744377567167,0.00028723744377567167,convergencia,Euler,0.012500000000000001,,,
4.6124999999999998,0.009642540822097187,0.0099269698356110117,-0.00028442901351382471,0.00028442901351382471,convergencia,Euler,0.012500000000000001,,,
4.625,0.0095220090618209699,0.0098036550358218278,-0.0002816459740008579,0.0002816459740008579,convergencia,Euler,0.012500000000000001,,,
4.6375000000000002,0.0094029839485482054,0.0096818720770776839,-0.00027888812852947843,0.00027888812852947843,convergencia,Euler,0.012500000000000001,,,
4.6500000000000004,0.009285446649191351,0.0095616019305435045,-0.00027615528135215353,0.00027615528135215353,convergencia,Euler,0.012500000000000001,,,
4.6625000000000005,0.0091693785660764571,0.0094428258037642029,-0.0002734472376877458,0.0002734472376877458,convergencia,Euler,0.012500000000000001,,,
4.6749999999999998,0.0090547613340005075,0.0093255251377283264,-0.00027076380372781893,0.00027076380372781893,convergencia,Euler,0.012500000000000001,,,
4.6875,0.0089415768173255004,0.0092096816039681402,-0.00026810478664263983,0.00026810478664263983,convergencia,Euler,0.012500000000000001,,,
4.7000000000000002,0.0088298071071089296,0.0090952771016958155,-0.00026546999458688589,0.00026546999458688589,convergencia,Euler,0.012500000000000001,,,
4.7125000000000004,0.0087194345182700656,0.008982293754975116,-0.00026285923670505036,0.00026285923670505036,convergencia,Euler,0.012500000000000001,,,
4.7250000000000005,0.0086104415867916881,0.0088707139099282514,-0.00026027232313656327,0.00026027232313656327,convergencia,Euler,0.012500000000000001,,,
4.7374999999999998,0.0085028110669567985,0.0087605201319774281,-0.00025770906502062957,0.00025770906502062957,convergencia,Euler,0.012500000000000001,,,
4.75,0.0083965259286198374,0.0086516952031206341,-0.00025516927450079663,0.00025516927450079663,convergencia,Euler,0.012500000000000001,,,
4.7625000000000002,0.0082915693545120885,0.0085442221192413396,-0.00025265276472925119,0.00025265276472925119,convergencia,Euler,0.012500000000000001,,,
4.7750000000000004,0.0081879247375806867,0.0084380840874515306,-0.0002501593498708439,0.0002501593498708439,convergencia,Euler,0.012500000000000001,,,
4.7875000000000005,0.0080855756783609258,0.008333264523467802,-0.00024768884510687622,0.00024768884510687622,convergencia,Euler,0.012500000000000001,,,
4.8000000000000007,0.0079845059823814134,0.0082297470490200232,-0.00024524106663860977,0.00024524106663860977,convergencia,Euler,0.012500000000000001,,,
4.8125,0.0078846996576016522,0.008127515489292211,-0.00024281583169055883,0.00024281583169055883,convergencia,Euler,0.012500000000000001,,,
4.8250000000000002,0.0077861409118816305,0.008026553870395154,-0.0002404129585135235,0.0002404129585135235,convergencia,Euler,0.012500000000000001,,,
4.8375000000000004,0.007688814150483109,0.0079268464168704943,-0.00023803226638738524,0.00023803226638738524,convergencia,Euler,0.012500000000000001,,,
4.8500000000000005,0.0075927039736020689,0.0078283775492257665,-0.00023567357562369762,0.00023567357562369762,convergencia,Euler,0.012500000000000001,,,
4.8625000000000007,0.0074977951739320413,0.0077311318815000635,-0.00023333670756802219,0.00023333670756802219,convergencia,Euler,0.012500000000000001,,,
4.875,0.0074040727342578961,0.0076350942188599617,-0.0002310214846020656,0.0002310214846020656,convergencia,Euler,0.012500000000000001,,,
4.8875000000000002,0.0073115218250796709,0.0075402495552252691,-0.00022872773014559825,0.00022872773014559825,convergencia,Euler,0.012500000000000001,,,
4.9000000000000004,0.0072201278022661734,0.0074465830709243381,-0.0002264552686581647,0.0002264552686581647,convergencia,Euler,0.012500000000000001,,,
4.9125000000000005,0.007129876204737845,0.0073540801303784292,-0.00022420392564058422,0.00022420392564058422,convergencia,Euler,0.012500000000000001,,,
4.9250000000000007,0.0070407527521786206,0.0072627262798148845,-0.00022197352763626398,0.00022197352763626398,convergencia,Euler,0.012500000000000001,,,
4.9375,0.0069527433427763932,0.0071725072450086989,-0.00021976390223230578,0.00021976390223230578,convergencia,Euler,0.012500000000000001,,,
4.9500000000000002,0.0068658340509916869,0.0070834089290521185,-0.00021757487806043155,0.00021757487806043155,convergencia,Euler,0.012500000000000001,,,
4.9625000000000004,0.0067800111253542893,0.0069954174101520107,-0.00021540628479772145,0.00021540628479772145,convergencia,Euler,0.012500000000000001,,,
4.9750000000000005,0.0066952609862873597,0.0069085189394545252,-0.00021325795316716554,0.00021325795316716554,convergencia,Euler,0.012500000000000001,,,
4.9875000000000007,0.0066115702239587662,0.006822699938896822,-0.00021112971493805581,0.00021112971493805581,convergencia,Euler,0.012500000000000001,,,
5,0.0065289255961592865,0.006737946999085467,-0.00020902140292618047,0.00020902140292618047,convergencia,Euler,0.012500000000000001,,,
5.0125000000000002,0.0064473140262072941,0.0066542468772011736,-0.00020693285099387948,0.00020693285099387948,convergencia,Euler,0.012500000000000001,,,
5.0250000000000004,0.0063667226008797019,0.0065715864949296128,-0.00020486389404991093,0.00020486389404991093,convergencia,Euler,0.012500000000000001,,,
5.0375000000000005,0.0062871385683687048,0.0064899529364178818,-0.00020281436804917702,0.00020281436804917702,convergencia,Euler,0.012500000000000001,,,
5.0500000000000007,0.0062085493362640945,0.006409333446256377,-0.0002007841099922825,0.0002007841099922825,convergencia,Euler,0.012500000000000001,,,
5.0625,0.0061309424695607977,0.006329715427485747,-0.00019877295792494927,0.00019877295792494927,convergencia,Euler,0.012500000000000001,,,
5.0750000000000002,0.0060543056886912866,0.0062510864396285613,-0.00019678075093727473,0.00019678075093727473,convergencia,Euler,0.012500000000000001,,,
5.0875000000000004,0.0059786268675826445,0.0061734341967455012,-0.00019480732916285666,0.00019480732916285666,convergencia,Euler,0.012500000000000001,,,
5.1000000000000005,0.0059038940317378604,0.0060967465655156327,-0.00019285253377777228,0.00019285253377777228,convergencia,Euler,0.012500000000000001,,,
5.1125000000000007,0.0058300953563411358,0.0060210115633405536,-0.00019091620699941778,0.00019091620699941778,convergencia,Euler,0.012500000000000001,,,
5.125,0.0057572191643868757,0.0059462173564720942,-0.00018899819208521851,0.00018899819208521851,convergencia,Euler,0.012500000000000001,,,
5.1375000000000002,0.0056852539248320386,0.005872352258163252,-0.00018709833333121345,0.00018709833333121345,convergencia,Euler,0.012500000000000001,,,
5.1500000000000004,0.005614188250771637,0.0057994047268421414,-0.0001852164760705044,0.0001852164760705044,convergencia,Euler,0.012500000000000001,,,
5.1625000000000005,0.0055440108976369902,0.0057273633643085799,-0.00018335246667158973,0.00018335246667158973,convergencia,Euler,0.012500000000000001,,,
5.1750000000000007,0.0054747107614165269,0.0056562169139531037,-0.0001815061525365768,0.0001815061525365768,convergencia,Euler,0.012500000000000001,,,
5.1875,0.0054062768768988242,0.0055859542589980996,-0.00017967738209927545,0.00017967738209927545,convergencia,Euler,0.012500000000000001,,,
5.2000000000000002,0.0053386984159375876,0.0055165644207607716,-0.000177866004823184,0.000177866004823184,convergencia,Euler,0.012500000000000001,,,
5.2125000000000004,0.0052719646857383668,0.005448036556937725,-0.00017607187119935818,0.00017607187119935818,convergencia,Euler,0.012500000000000001,,,
5.2250000000000005,0.0052060651271666359,0.0053803599599108161,-0.00017429483274418022,0.00017429483274418022,convergencia,Euler,0.012500000000000001,,,
5.2375000000000007,0.0051409893130770525,0.0053135240550740712,-0.00017253474199701874,0.00017253474199701874,convergencia,Euler,0.012500000000000001,,,
5.25,0.0050767269466635932,0.0052475183991813846,-0.00017079145251779147,0.00017079145251779147,convergencia,Euler,0.012500000000000001,,,
5.2625000000000002,0.0050132678598302973,0.0051823326787147246,-0.0001690648188844273,0.0001690648188844273,convergencia,Euler,0.012500000000000001,,,
5.2750000000000004,0.0049506020115824174,0.0051179567082726514,-0.00016735469669023392,0.00016735469669023392,convergencia,Euler,0.012500000000000001,,,
5.2875000000000005,0.0048887194864376364,0.0050543804289788098,-0.00016566094254117335,0.00016566094254117335,convergencia,Euler,0.012500000000000001,,,
5.3000000000000007,0.0048276104928571652,0.0049915939069102126,-0.00016398341405304741,0.00016398341405304741,convergencia,Euler,0.012500000000000001,,,
5.3125,0.0047672653616964537,0.0049295873315450519,-0.00016232196984859813,0.00016232196984859813,convergencia,Euler,0.012500000000000001,,,
5.3250000000000002,0.004707674544675247,0.0048683510142297631,-0.00016067646955451615,0.00016067646955451615,convergencia,Euler,0.012500000000000001,,,
5.3375000000000004,0.0046488286128668057,0.0048078753866651856,-0.0001590467737983799,0.0001590467737983799,convergencia,Euler,0.012500000000000001,,,
5.3500000000000005,0.0045907182552059698,0.0047481509994114733,-0.00015743274420550353,0.00015743274420550353,convergencia,Euler,0.012500000000000001,,,
5.3625000000000007,0.0045333342770158946,0.0046891685204116067,-0.0001558342433957121,0.0001558342433957121,convergencia,Euler,0.012500000000000001,,,
5.375,0.0044766675985531993,0.0046309187335332458,-0.00015425113498004645,0.00015425113498004645,convergencia,Euler,0.012500000000000001,,,
5.3875000000000002,0.0044207092535712839,0.004573392537128673,-0.00015268328355738919,0.00015268328355738919,convergencia,Euler,0.012500000000000001,,,
5.4000000000000004,0.0043654503879016421,0.0045165809426126659,-0.00015113055471102383,0.00015113055471102383,convergencia,Euler,0.012500000000000001,,,
5.4125000000000005,0.004310882258052871,0.0044604750730579982,-0.00014959281500512723,0.00014959281500512723,convergencia,Euler,0.012500000000000001,,,
5.4250000000000007,0.0042569962298272092,0.0044050661618084018,-0.00014806993198119255,0.00014806993198119255,convergencia,Euler,0.012500000000000001,,,
5.4375,0.0042037837769543724,0.0043503455511087691,-0.00014656177415439675,0.00014656177415439675,convergencia,Euler,0.012500000000000001,,,
5.4500000000000002,0.0041512364797424419,0.0042963046907523398,-0.00014506821100989786,0.00014506821100989786,convergencia,Euler,0.012500000000000001,,,
5.4625000000000004,0.0040993460237456611,0.0042429351367447403,-0.00014358911299907923,0.00014358911299907923,convergencia,Euler,0.012500000000000001,,,
5.4750000000000005,0.0040481041984488392,0.0041902285499845759,-0.0001421243515357367,0.0001421243515357367,convergencia,Euler,0.012500000000000001,,,
5.4875000000000007,0.0039975028959682284,0.0041381766949604333,-0.00014067379899220488,0.00014067379899220488,convergencia,Euler,0.012500000000000001,,,
5.5,0.0039475341097686282,0.0040867714384640666,-0.00013923732869543844,0.00013923732869543844,convergencia,Euler,0.012500000000000001,,,
5.5125000000000002,0.0038981899333965196,0.0040360047483195584,-0.00013781481492303876,0.00013781481492303876,convergencia,Euler,0.012500000000000001,,,
5.5250000000000004,0.0038494625592290625,0.0039858686921282905,-0.00013640613289922802,0.00013640613289922802,convergencia,Euler,0.012500000000000001,,,
5.5375000000000005,0.0038013442772386985,0.0039363554360294798,-0.00013501115879078129,0.00013501115879078129,convergencia,Euler,0.012500000000000001,,,
5.5500000000000007,0.0037538274737732142,0.0038874572434761268,-0.00013362976970291264,0.00013362976970291264,convergencia,Euler,0.012500000000000001,,,
5.5625,0.0037069046303510518,0.0038391664740261636,-0.00013226184367511181,0.00013226184367511181,convergencia,Euler,0.012500000000000001,,,
5.5750000000000002,0.003660568322471663,0.0037914755821486078,-0.00013090725967694486,0.00013090725967694486,convergencia,Euler,0.012500000000000001,,,
5.5875000000000004,0.0036148112184407667,0.0037443771160445803,-0.00012956589760381365,0.00012956589760381365,convergencia,Euler,0.012500000000000001,,,
5.6000000000000005,0.0035696260782102566,0.003697863716482929,-0.00012823763827267236,0.00012823763827267236,convergencia,Euler,0.012500000000000001,,,
5.6125000000000007,0.0035250057522326276,0.00365192811565034,-0.00012692236341771239,0.00012692236341771239,convergencia,Euler,0.012500000000000001,,,
5.625,0.0034809431803297223,0.0036065631360157305,-0.00012561995568600819,0.00012561995568600819,convergencia,Euler,0.012500000000000001,,,
5.6375000000000002,0.0034374313905756,0.0035617616892087297,-0.0001243302986331297,0.0001243302986331297,convergencia,Euler,0.012500000000000001,,,
5.6500000000000004,0.0033944634981934044,0.0035175167749121284,-0.00012305327671872403,0.00012305327671872403,convergencia,Euler,0.012500000000000001,,,
5.6625000000000005,0.0033520327044659864,0.0034738214797680506,-0.00012178877530206415,0.00012178877530206415,convergencia,Euler,0.012500000000000001,,,
5.6750000000000007,0.0033101322956601612,0.0034306689762977315,-0.00012053668063757026,0.00012053668063757026,convergencia,Euler,0.012500000000000001,,,
5.6875,0.0032687556419644117,0.0033880525218347116,-0.00011929687987029996,0.00011929687987029996,convergencia,Euler,0.012500000000000001,,,
5.7000000000000002,0.0032278961964398558,0.003345965457471272,-0.00011806926103141626,0.00011806926103141626,convergencia,Euler,0.012500000000000001,,,
5.7125000000000004,0.0031875474939843571,0.003304401207017982,-0.00011685371303362486,0.00011685371303362486,convergencia,Euler,0.012500000000000001,,,
5.7250000000000005,0.0031477031503095521,0.0032633532759761452,-0.00011565012566659314,0.00011565012566659314,convergencia,Euler,0.012500000000000001,,,
5.7375000000000007,0.0031083568609306823,0.0032228152505230233,-0.00011445838959234103,0.00011445838959234103,convergencia,Euler,0.012500000000000001,,,
5.75,0.0030695024001690511,0.0031827807965096669,-0.00011327839634061579,0.00011327839634061579,convergencia,Euler,0.012500000000000001,,,
5.7625000000000002,0.0030311336201669374,0.0031432436584711804,-0.00011211003830424292,0.00011211003830424292,convergencia,Euler,0.012500000000000001,,,
5.7750000000000004,0.0029932444499148501,0.0031041976586493087,-0.00011095320873445854,0.00011095320873445854,convergencia,Euler,0.012500000000000001,,,
5.7875000000000005,0.0029558288942909141,0.0030656366960271405,-0.00010980780173622641,0.00010980780173622641,convergencia,Euler,0.012500000000000001,,,
5.8000000000000007,0.0029188810331122771,0.0030275547453758127,-0.00010867371226353558,0.00010867371226353558,convergencia,Euler,0.012500000000000001,,,
5.8125,0.0028823950201983758,0.0029899458563130603,-0.00010755083611468453,0.00010755083611468453,convergencia,Euler,0.012500000000000001,,,
5.8250000000000002,0.0028463650824458956,0.0029528041523734466,-0.000106439069927551,0.000106439069927551,convergencia,Euler,0.012500000000000001,,,
5.8375000000000004,0.0028107855189153214,0.0029161238300901677,-0.00010533831117484627,0.00010533831117484627,convergencia,Euler,0.012500000000000001,,,
5.8500000000000005,0.0027756506999288793,0.0028798991580882404,-0.00010424845815936107,0.00010424845815936107,convergencia,Euler,0.012500000000000001,,,
5.8625000000000007,0.002740955066179768,0.002844124476188965,-0.00010316941000919691,0.00010316941000919691,convergencia,Euler,0.012500000000000001,,,
5.875,0.0027066931278525229,0.0028087941945255128,-0.00010210106667298989,0.00010210106667298989,convergencia,Euler,0.012500000000000001,,,
5.8875000000000002,0.0026728594637543657,0.0027739027926694886,-0.00010104332891512288,0.00010104332891512288,convergencia,Euler,0.012500000000000001,,,
5.9000000000000004,0.0026394487204574359,0.0027394448187683684,-9.9996098310932511e-05,9.9996098310932511e-05,convergencia,Euler,0.012500000000000001,,,
5.9125000000000005,0.0026064556114517175,0.0027054148886936241,-9.8959277241906542e-05,9.8959277241906542e-05,convergencia,Euler,0.012500000000000001,,,
5.9250000000000007,0.0025738749163085706,0.002671807685199448,-9.793276889087741e-05,9.793276889087741e-05,convergencia,Euler,0.012500000000000001,,,
5.9375,0.0025417014798547154,0.0026386179570919216,-9.6916477237206193e-05,9.6916477237206193e-05,convergencia,Euler,0.012500000000000001,,,
5.9500000000000002,0.0025099302113565309,0.0026058405184084983,-9.5910307051967451e-05,9.5910307051967451e-05,convergencia,Euler,0.012500000000000001,,,
5.9625000000000004,0.0024785560837145737,0.0025734702476077,-9.4914163893126263e-05,9.4914163893126263e-05,convergencia,Euler,0.012500000000000001,,,
5.9750000000000005,0.0024475741326681409,0.0025415020867688562,-9.392795410071526e-05,9.392795410071526e-05,convergencia,Euler,0.012500000000000001,,,
5.9875000000000007,0.0024169794560097886,0.0025099310408017964,-9.2951584792007758e-05,9.2951584792007758e-05,convergencia,Euler,0.012500000000000001,,,
6,0.002386767212809668,0.0024787521766663585,-9.1984963856690458e-05,9.1984963856690458e-05,convergencia,Euler,0.012500000000000001,,,
6.0125000000000002,0.0023569326226495469,0.002447960622601583,-9.1027999952036139e-05,9.1027999952036139e-05,convergencia,Euler,0.012500000000000001,,,
6.0250000000000004,0.0023274709648664271,0.0024175515673645035,-9.0080602498076364e-05,9.0080602498076364e-05,convergencia,Euler,0.012500000000000001,,,
6.0375000000000005,0.0022983775778055962,0.0023875202594783713,-8.9142681672775038e-05,8.9142681672775038e-05,convergencia,Euler,0.012500000000000001,,,
6.0500000000000007,0.0022696478580830257,0.0023578620064902307,-8.8214148407205015e-05,8.8214148407205015e-05,convergencia,Euler,0.012500000000000001,,,
6.0625,0.0022412772598569895,0.0023285721742377138,-8.7294914380724262e-05,8.7294914380724262e-05,convergencia,Euler,0.012500000000000001,,,
6.0750000000000002,0.0022132612941087766,0.002299646186124936,-8.6384892016159402e-05,8.6384892016159402e-05,convergencia,Euler,0.012500000000000001,,,
6.0875000000000004,0.0021855955279324163,0.0022710795224074069,-8.5483994474990551e-05,8.5483994474990551e-05,convergencia,Euler,0.012500000000000001,,,
6.1000000000000005,0.0021582755838332607,0.0022428677194858012,-8.4592135652540503e-05,8.4592135652540503e-05,convergencia,Euler,0.012500000000000001,,,
6.1125000000000007,0.0021312971390353447,0.0022150063692085152,-8.3709230173170408e-05,8.3709230173170408e-05,convergencia,Euler,0.012500000000000001,,,
6.125,0.0021046559247974044,0.0021874911181828851,-8.2835193385480659e-05,8.2835193385480659e-05,convergencia,Euler,0.012500000000000001,,,
6.1375000000000002,0.0020783477257374366,0.0021603176670949545,-8.1969941357517857e-05,8.1969941357517857e-05,convergencia,Euler,0.012500000000000001,,,
6.1500000000000004,0.0020523683791657185,0.0021334817700377081,-8.1113390871989568e-05,8.1113390871989568e-05,convergencia,Euler,0.012500000000000001,,,
6.1625000000000005,0.0020267137744261468,0.0021069792338476324,-8.0265459421485601e-05,8.0265459421485601e-05,convergencia,Euler,0.012500000000000001,,,
6.1750000000000007,0.0020013798522458197,0.0020808059174495276,-7.9426065203707947e-05,7.9426065203707947e-05,convergencia,Euler,0.012500000000000001,,,
6.1875,0.0019763626040927482,0.0020549577312094589,-7.8595127116710701e-05,7.8595127116710701e-05,convergencia,Euler,0.012500000000000001,,,
6.2000000000000002,0.0019516580715415884,0.002029430636295734,-7.7772564754145616e-05,7.7772564754145616e-05,convergencia,Euler,0.012500000000000001,,,
6.2125000000000004,0.0019272623456473182,0.0020042206440478391,-7.695829840052089e-05,7.695829840052089e-05,convergencia,Euler,0.012500000000000001,,,
6.2250000000000005,0.0019031715663267263,0.001979323815353195,-7.6152249026468621e-05,7.6152249026468621e-05,convergencia,Euler,0.012500000000000001,,,
6.2375000000000007,0.0018793819217476418,0.0019547362600316654,-7.5354338284023539e-05,7.5354338284023539e-05,convergencia,Euler,0.012500000000000001,,,
6.25,0.0018558896477257976,0.0019304541362277093,-7.4564488501911719e-05,7.4564488501911719e-05,convergencia,Euler,0.012500000000000001,,,
6.2625000000000002,0.0018326910271292249,0.0019064736498100765,-7.3782622680851643e-05,7.3782622680851643e-05,convergencia,Euler,0.012500000000000001,,,
6.2750000000000004,0.0018097823892901093,0.0018827910537789773,-7.3008664488868067e-05,7.3008664488868067e-05,convergencia,Euler,0.012500000000000001,,,
6.2875000000000005,0.0017871601094239826,0.0018594026476805993,-7.2242538256616718e-05,7.2242538256616718e-05,convergencia,Euler,0.012500000000000001,,,
6.3000000000000007,0.0017648206080561825,0.0018363047770289056,-7.1484168972723097e-05,7.1484168972723097e-05,convergencia,Euler,0.012500000000000001,,,
6.3125,0.0017427603504554816,0.0018134938327346152,-7.0733482279133637e-05,7.0733482279133637e-05,convergencia,Euler,0.012500000000000001,,,
6.3250000000000002,0.0017209758460747877,0.0017909662505412698,-6.9990404466482034e-05,6.9990404466482034e-05,convergencia,Euler,0.012500000000000001,,,
6.3375000000000004,0.0016994636479988525,0.0017687185104683207,-6.925486246946817e-05,6.925486246946817e-05,convergencia,Euler,0.012500000000000001,,,
6.3500000000000005,0.0016782203523988666,0.0017467471362611182,-6.8526783862251544e-05,6.8526783862251544e-05,convergencia,Euler,0.012500000000000001,,,
6.3625000000000007,0.0016572425979938805,0.0017250486948477408,-6.7806096853860335e-05,6.7806096853860335e-05,convergencia,Euler,0.012500000000000001,,,
6.375,0.0016365270655189581,0.001703619795802574,-6.7092730283615848e-05,6.7092730283615848e-05,convergencia,Euler,0.012500000000000001,,,
6.3875000000000002,0.0016160704771999708,0.0016824570908165412,-6.6386613616570408e-05,6.6386613616570408e-05,convergencia,Euler,0.012500000000000001,,,
6.4000000000000004,0.0015958695962349709,0.0016615572731739339,-6.5687676938963038e-05,6.5687676938963038e-05,convergencia,Euler,0.012500000000000001,,,
6.4125000000000005,0.0015759212262820336,0.0016409170772357247,-6.4995850953691175e-05,6.4995850953691175e-05,convergencia,Euler,0.012500000000000001,,,
6.4250000000000007,0.0015562222109535078,0.0016205332779293052,-6.431106697579736e-05,6.431106697579736e-05,convergencia,Euler,0.012500000000000001,,,
6.4375,0.00153676943331659,0.0016004026902445643,-6.3633256927974344e-05,6.3633256927974344e-05,convergencia,Euler,0.012500000000000001,,,
6.4500000000000002,0.0015175598154001323,0.0015805221687362171,-6.296235333608474e-05,6.296235333608474e-05,convergencia,Euler,0.012500000000000001,,,
6.4625000000000004,0.0014985903177076303,0.0015608886070323322,-6.2298289324701911e-05,6.2298289324701911e-05,convergencia,Euler,0.012500000000000001,,,
6.4750000000000005,0.0014798579387362847,0.001541498937348949,-6.1640998612664307e-05,6.1640998612664307e-05,convergencia,Euler,0.012500000000000001,,,
6.4875000000000007,0.0014613597145020809,0.0015223501300107303,-6.0990415508649322e-05,6.0990415508649322e-05,convergencia,Euler,0.012500000000000001,,,
6.5,0.0014430927180708059,0.0015034391929775724,-6.034647490676644e-05,6.034647490676644e-05,convergencia,Euler,0.012500000000000001,,,
6.5125000000000002,0.0014250540590949206,0.0014847631713770868,-5.9709112282166224e-05,5.9709112282166224e-05,convergencia,Euler,0.012500000000000001,,,
6.5250000000000004,0.0014072408833562338,0.001466319147042903,-5.9078263686669239e-05,5.9078263686669239e-05,convergencia,Euler,0.012500000000000001,,,
6.5375000000000005,0.0013896503723142806,0.0014481042380586943,-5.8453865744413636e-05,5.8453865744413636e-05,convergencia,Euler,0.012500000000000001,,,
6.5500000000000007,0.001372279742660352,0.0014301155983078731,-5.7835855647521157e-05,5.7835855647521157e-05,convergencia,Euler,0.012500000000000001,,,
6.5625,0.0013551262458770985,0.0014123504170288816,-5.7224171151783101e-05,5.7224171151783101e-05,convergencia,Euler,0.012500000000000001,,,
6.5750000000000002,0.0013381871678036345,0.0013948059183759988,-5.6618750572364276e-05,5.6618750572364276e-05,convergencia,Euler,0.012500000000000001,,,
6.5875000000000004,0.0013214598282060889,0.0013774793609856171,-5.6019532779528211e-05,5.6019532779528211e-05,convergencia,Euler,0.012500000000000001,,,
6.6000000000000005,0.0013049415803535124,0.0013603680375478928,-5.5426457194380357e-05,5.5426457194380357e-05,convergencia,Euler,0.012500000000000001,,,
6.6125000000000007,0.0012886298105990934,0.0013434692743837255,-5.4839463784632113e-05,5.4839463784632113e-05,convergencia,Euler,0.012500000000000001,,,
6.625,0.0012725219379666056,0.0013267804310269915,-5.4258493060385877e-05,5.4258493060385877e-05,convergencia,Euler,0.012500000000000001,,,
6.6375000000000002,0.0012566154137420228,0.0013102988998119601,-5.3683486069937237e-05,5.3683486069937237e-05,convergencia,Euler,0.012500000000000001,,,
6.6500000000000004,0.0012409077210702474,0.001294022105465848,-5.3114384395600575e-05,5.3114384395600575e-05,convergencia,Euler,0.012500000000000001,,,
6.6625000000000005,0.0012253963745568692,0.0012779475047064233,-5.2551130149554185e-05,5.2551130149554185e-05,convergencia,Euler,0.012500000000000001,,,
6.6750000000000007,0.0012100789198749081,0.0012620725858446134,-5.1993665969705342e-05,5.1993665969705342e-05,convergencia,Euler,0.012500000000000001,,,
6.6875,0.0011949529333764727,0.0012463948683920495,-5.1441935015576843e-05,5.1441935015576843e-05,convergencia,Euler,0.012500000000000001,,,
6.7000000000000002,0.0011800160217092666,0.001230911902673481,-5.0895880964214359e-05,5.0895880964214359e-05,convergencia,Euler,0.012500000000000001,,,
6.7125000000000004,0.0011652658214379005,0.0012156212694440147,-5.0355448006114169e-05,5.0355448006114169e-05,convergencia,Euler,0.012500000000000001,,,
6.7250000000000005,0.0011506999986699265,0.0012005205795111,-4.9820580841173452e-05,4.9820580841173452e-05,convergencia,Euler,0.012500000000000001,,,
6.7375000000000007,0.0011363162486865523,0.0011856074733612118,-4.9291224674659437e-05,4.9291224674659437e-05,convergencia,Euler,0.012500000000000001,,,
6.75,0.0011221122955779711,0.0011708796207911744,-4.876732521320328e-05,4.876732521320328e-05,convergencia,Euler,0.012500000000000001,,,
6.7625000000000002,0.0011080858918832463,0.0011563347205440578,-4.8248828660811495e-05,4.8248828660811495e-05,convergencia,Euler,0.012500000000000001,,,
6.7750000000000004,0.0010942348182347054,0.0011419704999496075,-4.7735681714902115e-05,4.7735681714902115e-05,convergencia,Euler,0.012500000000000001,,,
6.7875000000000005,0.0010805568830067713,0.0011277847145691312,-4.7227831562359933e-05,4.7227831562359933e-05,convergencia,Euler,0.012500000000000001,,,
6.8000000000000007,0.0010670499219691866,0.0011137751478448024,-4.6725225875615803e-05,4.6725225875615803e-05,convergencia,Euler,0.012500000000000001,,,
6.8125,0.0010537117979445725,0.0010999396107533182,-4.6227812808745687e-05,4.6227812808745687e-05,convergencia,Euler,0.012500000000000001,,,
6.8250000000000002,0.0010405404004702652,0.0010862759414638579,-4.5735540993592678e-05,4.5735540993592678e-05,convergencia,Euler,0.012500000000000001,,,
6.8375000000000004,0.0010275336454643868,0.0010727820050002968,-4.5248359535910061e-05,4.5248359535910061e-05,convergencia,Euler,0.012500000000000001,,,
6.8500000000000005,0.0010146894748960817,0.0010594556929076091,-4.4766218011527354e-05,4.4766218011527354e-05,convergencia,Euler,0.012500000000000001,,,
6.8625000000000007,0.0010020058564598805,0.0010462949229224174,-4.4289066462536953e-05,4.4289066462536953e-05,convergencia,Euler,0.012500000000000001,,,
6.875,0.00098948078325413261,0.001033297638647637,-4.3816855393504417e-05,4.3816855393504417e-05,convergencia,Euler,0.012500000000000001,,,
6.8875000000000002,0.00097711227346345569,0.0010204618092311546,-4.3349535767698904e-05,4.3349535767698904e-05,convergencia,Euler,0.012500000000000001,,,
6.9000000000000004,0.00096489837004516232,0.0010077854290485105,-4.2887059003348131e-05,4.2887059003348131e-05,convergencia,Euler,0.012500000000000001,,,
6.9125000000000005,0.00095283714041959761,0.00099526651738951043,-4.2429376969912828e-05,4.2429376969912828e-05,convergencia,Euler,0.012500000000000001,,,
6.9250000000000007,0.00094092667616435251,0.00098290311814873779,-4.1976441984385281e-05,4.1976441984385281e-05,convergencia,Euler,0.012500000000000001,,,
6.9375,0.0009291650927122988,0.00097069329951990889,-4.1528206807610085e-05,4.1528206807610085e-05,convergencia,Euler,0.012500000000000001,,,
6.9500000000000002,0.00091755052905339489,0.00095863515369401986,-4.1084624640624966e-05,4.1084624640624966e-05,convergencia,Euler,0.012500000000000001,,,
6.9625000000000004,0.00090608114744022733,0.00094672679656125397,-4.0645649121026639e-05,4.0645649121026639e-05,convergencia,Euler,0.012500000000000001,,,
6.9750000000000005,0.00089475513309722433,0.00093496636741658139,-4.0211234319357061e-05,4.0211234319357061e-05,convergencia,Euler,0.012500000000000001,,,
6.9875000000000007,0.00088357069393350883,0.00092335202866902148,-3.9781334735512655e-05,3.9781334735512655e-05,convergencia,Euler,0.012500000000000001,,,
7,0.00087252606025934058,0.00091188196555451624,-3.9355905295175662e-05,3.9355905295175662e-05,convergencia,Euler,0.012500000000000001,,,
7.0125000000000002,0.00086161948450609864,0.00090055438585236625,-3.8934901346267606e-05,3.8934901346267606e-05,convergencia,Euler,0.012500000000000001,,,
7.0250000000000004,0.00085084924094977227,0.00088936751960519802,-3.8518278655425746e-05,3.8518278655425746e-05,convergencia,Euler,0.012500000000000001,,,
7.0375000000000005,0.00084021362543789996,0.00087831961884240019,-3.8105993404500237e-05,3.8105993404500237e-05,convergencia,Euler,0.012500000000000001,,,
7.0500000000000007,0.00082971095511992607,0.00086740895730700175,-3.7698002187075679e-05,3.7698002187075679e-05,convergencia,Euler,0.012500000000000001,,,
7.0625,0.00081933956818092764,0.00085663383018594048,-3.7294262005012845e-05,3.7294262005012845e-05,convergencia,Euler,0.012500000000000001,,,
7.0750000000000002,0.00080909782357866593,0.00084599255384368007,-3.6894730265014139e-05,3.6894730265014139e-05,convergencia,Euler,0.012500000000000001,,,
7.0875000000000004,0.0007989841007839325,0.00083548346555914303,-3.649936477521053e-05,3.649936477521053e-05,convergencia,Euler,0.012500000000000001,,,
7.1000000000000005,0.00078899679952413324,0.00082510492326590384,-3.6108123741770601e-05,3.6108123741770601e-05,convergencia,Euler,0.012500000000000001,,,
7.1125000000000007,0.00077913433953008147,0.00081485530529561395,-3.5720965765532477e-05,3.5720965765532477e-05,convergencia,Euler,0.012500000000000001,,,
7.125,0.00076939516028595603,0.00080473301012461325,-3.5337849838657214e-05,3.5337849838657214e-05,convergencia,Euler,0.012500000000000001,,,
7.1375000000000002,0.00075977772078238148,0.00079473645612368579,-3.4958735341304313e-05,3.4958735341304313e-05,convergencia,Euler,0.012500000000000001,,,
7.1500000000000004,0.00075028049927260154,0.00078486408131093165,-3.4583582038330107e-05,3.4583582038330107e-05,convergencia,Euler,0.012500000000000001,,,
7.1625000000000005,0.00074090199303169385,0.0007751143431077006,-3.4212350076006748e-05,3.4212350076006748e-05,convergencia,Euler,0.012500000000000001,,,
7.1750000000000007,0.00073164071811879759,0.00076548571809756263,-3.3844999978765045e-05,3.3844999978765045e-05,convergencia,Euler,0.012500000000000001,,,
7.1875,0.00072249520914231314,0.00075597670178827073,-3.3481492645957584e-05,3.3481492645957584e-05,convergencia,Euler,0.012500000000000001,,,
7.2000000000000002,0.00071346401902803406,0.0007465858083766792,-3.3121789348645146e-05,3.3121789348645146e-05,convergencia,Euler,0.012500000000000001,,,
7.2125000000000004,0.00070454571879018351,0.00073731157051658714,-3.2765851726403628e-05,3.2765851726403628e-05,convergencia,Euler,0.012500000000000001,,,
7.2250000000000005,0.00069573889730530612,0.00072815253908946039,-3.2413641784154266e-05,3.2413641784154266e-05,convergencia,Euler,0.012500000000000001,,,
7.2375000000000007,0.00068704216108898971,0.00071910728297800417,-3.2065121889014465e-05,3.2065121889014465e-05,convergencia,Euler,0.012500000000000001,,,
7.25,0.00067845413407537785,0.00071017438884254903,-3.1720254767171174e-05,3.1720254767171174e-05,convergencia,Euler,0.012500000000000001,,,
7.2625000000000002,0.00066997345739943552,0.00070135246090021093,-3.1379003500775406e-05,3.1379003500775406e-05,convergencia,Euler,0.012500000000000001,,,
7.2750000000000004,0.00066159878918194246,0.00069264012070680123,-3.104133152485877e-05,3.104133152485877e-05,convergencia,Euler,0.012500000000000001,,,
7.2875000000000005,0.0006533288043171681,0.00068403600694143913,-3.0707202624271029e-05,3.0707202624271029e-05,convergencia,Euler,0.012500000000000001,,,
7.3000000000000007,0.00064516219426320341,0.00067553877519384374,-3.0376580930640325e-05,3.0376580930640325e-05,convergencia,Euler,0.012500000000000001,,,
7.3125,0.00063709766683491377,0.00066714709775426734,-3.0049430919353568e-05,3.0049430919353568e-05,convergencia,Euler,0.012500000000000001,,,
7.3250000000000002,0.00062913394599947725,0.00065885966340603576,-2.9725717406558507e-05,2.9725717406558507e-05,convergencia,Euler,0.012500000000000001,,,
7.3375000000000004,0.00062126977167448368,0.0006506751772206717,-2.9405405546188029e-05,2.9405405546188029e-05,convergencia,Euler,0.012500000000000001,,,
7.3500000000000005,0.0006135038995285525,0.00064259236035555734,-2.9088460827004841e-05,2.9088460827004841e-05,convergencia,Euler,0.012500000000000001,,,
7.3625000000000007,0.00060583510078444545,0.00063460994985411285,-2.8774849069667405e-05,2.8774849069667405e-05,convergencia,Euler,0.012500000000000001,,,
7.375,0.00059826216202464035,0.00062672669844845757,-2.8464536423817221e-05,2.8464536423817221e-05,convergencia,Euler,0.012500000000000001,,,
7.3875000000000002,0.00059078388499933228,0.00061894137436451977,-2.8157489365187487e-05,2.8157489365187487e-05,convergencia,Euler,0.012500000000000001,,,
7.4000000000000004,0.0005833990864368405,0.0006112527611295723,-2.7853674692731797e-05,2.7853674692731797e-05,convergencia,Euler,0.012500000000000001,,,
7.4125000000000005,0.00057610659785637991,0.00060365965738215488,-2.7553059525774973e-05,2.7553059525774973e-05,convergencia,Euler,0.012500000000000001,,,
7.4250000000000007,0.00056890526538317505,0.00059616087668435845,-2.7255611301183402e-05,2.7255611301183402e-05,convergencia,Euler,0.012500000000000001,,,
7.4375,0.00056179394956588577,0.00058875524733644315,-2.6961297770557386e-05,2.6961297770557386e-05,convergencia,Euler,0.012500000000000001,,,
7.4500000000000002,0.00055477152519631213,0.00058144161219375557,-2.6670086997443443e-05,2.6670086997443443e-05,convergencia,Euler,0.012500000000000001,,,
7.4625000000000004,0.00054783688113135809,0.00057421882848592541,-2.6381947354567315e-05,2.6381947354567315e-05,convergencia,Euler,0.012500000000000001,,,
7.4750000000000005,0.00054098892011721599,0.00056708576763830345,-2.6096847521087465e-05,2.6096847521087465e-05,convergencia,Euler,0.012500000000000001,,,
7.4875000000000007,0.00053422655861575072,0.00056004131509562001,-2.5814756479869286e-05,2.5814756479869286e-05,convergencia,Euler,0.012500000000000001,,,
7.5,0.00052754872663305426,0.00055308437014783363,-2.5535643514779365e-05,2.5535643514779365e-05,convergencia,Euler,0.012500000000000001,,,
7.5125000000000002,0.00052095436755014094,0.00054621384575814118,-2.525947820800024e-05,2.525947820800024e-05,convergencia,Euler,0.012500000000000001,,,
7.5250000000000004,0.00051444243795576404,0.00053942866839312915,-2.4986230437365107e-05,2.4986230437365107e-05,convergencia,Euler,0.012500000000000001,,,
7.5375000000000005,0.00050801190748131692,0.00053272777785502972,-2.4715870373712796e-05,2.4715870373712796e-05,convergencia,Euler,0.012500000000000001,,,
7.5500000000000007,0.0005016617586378004,0.00052611012711606322,-2.4448368478262815e-05,2.4448368478262815e-05,convergencia,Euler,0.012500000000000001,,,
7.5625,0.00049539098665482822,0.00051957468215483844,-2.4183695500010227e-05,2.4183695500010227e-05,convergencia,Euler,0.012500000000000001,,,
7.5750000000000002,0.00048919859932164281,0.00051312042179478285,-2.392182247314004e-05,2.392182247314004e-05,convergencia,Euler,0.012500000000000001,,,
7.5875000000000004,0.00048308361683012217,0.00050674633754458427,-2.3662720714462101e-05,2.3662720714462101e-05,convergencia,Euler,0.012500000000000001,,,
7.6000000000000005,0.00047704507161974556,0.0005004514334406104,-2.340636182086484e-05,2.340636182086484e-05,convergencia,Euler,0.012500000000000001,,,
7.6125000000000007,0.00047108200822449866,0.00049423472589128802,-2.3152717666789357e-05,2.3152717666789357e-05,convergencia,Euler,0.012500000000000001,,,
7.625,0.00046519348312169275,0.000488095243523415,-2.290176040172225e-05,2.290176040172225e-05,convergencia,Euler,0.012500000000000001,,,
7.6375000000000002,0.0004593785645826715,0.00048203202703037953,-2.2653462447708031e-05,2.2653462447708031e-05,convergencia,Euler,0.012500000000000001,,,
7.6500000000000004,0.00045363633252538802,0.00047604412902226933,-2.2407796496881312e-05,2.2407796496881312e-05,convergencia,Euler,0.012500000000000001,,,
7.6625000000000005,0.00044796587836882059,0.00047013061387783818,-2.2164735509017596e-05,2.2164735509017596e-05,convergencia,Euler,0.012500000000000001,,,
7.6750000000000007,0.00044236630488921026,0.00046429055759831357,-2.1924252709103306e-05,2.1924252709103306e-05,convergencia,Euler,0.012500000000000001,,,
7.6875,0.00043683672607809545,0.00045852304766302063,-2.1686321584925175e-05,2.1686321584925175e-05,convergencia,Euler,0.012500000000000001,,,
7.7000000000000002,0.00043137626700211917,0.00045282718288679695,-2.1450915884677784e-05,2.1450915884677784e-05,convergencia,Euler,0.012500000000000001,,,
7.7125000000000004,0.00042598406366459261,0.00044720207327918345,-2.1218009614590847e-05,2.1218009614590847e-05,convergencia,Euler,0.012500000000000001,,,
7.7250000000000005,0.0004206592628687851,0.00044164683990535953,-2.0987577036574428e-05,2.0987577036574428e-05,convergencia,Euler,0.012500000000000001,,,
7.7375000000000007,0.0004154010220829252,0.00043616061474880823,-2.0759592665883027e-05,2.0759592665883027e-05,convergencia,Euler,0.012500000000000001,,,
7.75,0.00041020850930688894,0.00043074254057568753,-2.0534031268798589e-05,2.0534031268798589e-05,convergencia,Euler,0.012500000000000001,,,
7.7625000000000002,0.00040508090294055278,0.0004253917708008839,-2.0310867860331126e-05,2.0310867860331126e-05,convergencia,Euler,0.012500000000000001,,,
7.7750000000000004,0.00040001739165379578,0.0004201074693557342,-2.0090077701938422e-05,2.0090077701938422e-05,convergencia,Euler,0.012500000000000001,,,
7.7875000000000005,0.00039501717425812329,0.00041488881055738659,-1.9871636299263306e-05,1.9871636299263306e-05,convergencia,Euler,0.012500000000000001,,,
7.8000000000000007,0.0003900794595798967,0.00040973497897978643,-1.965551939988973e-05,1.965551939988973e-05,convergencia,Euler,0.012500000000000001,,,
7.8125,0.00038520346633514826,0.00040464516932626452,-1.9441702991116253e-05,1.9441702991116253e-05,convergencia,Euler,0.012500000000000001,,,
7.8250000000000002,0.00038038842300595882,0.00039961858630370645,-1.9230163297747629e-05,1.9230163297747629e-05,convergencia,Euler,0.012500000000000001,,,
7.8375000000000004,0.00037563356771838429,0.00039465444449828869,-1.9020876779904394e-05,1.9020876779904394e-05,convergencia,Euler,0.012500000000000001,,,
7.8500000000000005,0.00037093814812190441,0.00038975196825275448,-1.8813820130850071e-05,1.8813820130850071e-05,convergencia,Euler,0.012500000000000001,,,
7.8625000000000007,0.00036630142127038053,0.00038491039154521631,-1.8608970274835773e-05,1.8608970274835773e-05,convergencia,Euler,0.012500000000000001,,,
7.875,0.00036172265350450103,0.00038012895786946368,-1.8406304364962649e-05,1.8406304364962649e-05,convergencia,Euler,0.012500000000000001,,,
7.8875000000000002,0.00035720112033569472,0.00037540692011675617,-1.8205799781061452e-05,1.8205799781061452e-05,convergencia,Euler,0.012500000000000001,,,
7.9000000000000004,0.00035273610633149849,0.00037074354045908822,-1.8007434127589731e-05,1.8007434127589731e-05,convergencia,Euler,0.012500000000000001,,,
7.9125000000000005,0.00034832690500235467,0.00036613809023390066,-1.7811185231545986e-05,1.7811185231545986e-05,convergencia,Euler,0.012500000000000001,,,
7.9250000000000007,0.00034397281868982519,0.00036158984983022583,-1.7617031140400633e-05,1.7617031140400633e-05,convergencia,Euler,0.012500000000000001,,,
7.9375,0.00033967315845620261,0.00035709810857624758,-1.7424950120044965e-05,1.7424950120044965e-05,convergencia,Euler,0.012500000000000001,,,
7.9500000000000002,0.00033542724397550003,0.00035266216462825575,-1.7234920652755724e-05,1.7234920652755724e-05,convergencia,Euler,0.012500000000000001,,,
7.9625000000000004,0.00033123440342580624,0.00034828132486098385,-1.7046921435177615e-05,1.7046921435177615e-05,convergencia,Euler,0.012500000000000001,,,
7.9750000000000005,0.00032709397338298362,0.00034395490475930539,-1.6860931376321768e-05,1.6860931376321768e-05,convergencia,Euler,0.012500000000000001,,,
7.9875000000000007,0.00032300529871569629,0.00033968222831127722,-1.6676929595580933e-05,1.6676929595580933e-05,convergencia,Euler,0.012500000000000001,,,
8,0.0003189677324817503,0.00033546262790251185,-1.6494895420761553e-05,1.6494895420761553e-05,convergencia,Euler,0.012500000000000001,,,
8.0125000000000011,0.00031498063582572808,0.00033129544421185968,-1.6314808386131601e-05,1.6314808386131601e-05,convergencia,Euler,0.012500000000000001,,,
8.0250000000000004,0.0003110433778779067,0.00032718002610839203,-1.6136648230485331e-05,1.6136648230485331e-05,convergencia,Euler,0.012500000000000001,,,
8.0374999999999996,0.0003071553356544331,0.0003231157305496567,-1.5960394895223593e-05,1.5960394895223593e-05,convergencia,Euler,0.012500000000000001,,,
8.0500000000000007,0.00030331589395875237,0.00031910192248120326,-1.5786028522450895e-05,1.5786028522450895e-05,convergencia,Euler,0.012500000000000001,,,
8.0625,0.00029952444528426819,0.00031513797473735599,-1.5613529453087805e-05,1.5613529453087805e-05,convergencia,Euler,0.012500000000000001,,,
8.0750000000000011,0.0002957803897182145,0.00031122326794321407,-1.5442878224999565e-05,1.5442878224999565e-05,convergencia,Euler,0.012500000000000001,,,
8.0875000000000004,0.00029208313484673702,0.0003073571904178775,-1.5274055571140479e-05,1.5274055571140479e-05,convergencia,Euler,0.012500000000000001,,,
8.0999999999999996,0.00028843209566115302,0.00030353913807886678,-1.5107042417713754e-05,1.5107042417713754e-05,convergencia,Euler,0.012500000000000001,,,
8.1125000000000007,0.00028482669446538831,0.00029976851434773547,-1.4941819882347159e-05,1.4941819882347159e-05,convergencia,Euler,0.012500000000000001,,,
8.125,0.00028126636078457118,0.00029604473005685538,-1.4778369272284205e-05,1.4778369272284205e-05,convergencia,Euler,0.012500000000000001,,,
8.1375000000000011,0.00027775053127476371,0.00029236720335735377,-1.4616672082590058e-05,1.4616672082590058e-05,convergencia,Euler,0.012500000000000001,,,
8.1500000000000004,0.00027427864963382935,0.00028873535962820301,-1.4456709994373662e-05,1.4456709994373662e-05,convergencia,Euler,0.012500000000000001,,,
8.1624999999999996,0.00027085016651340668,0.00028514863138643076,-1.4298464873024072e-05,1.4298464873024072e-05,convergencia,Euler,0.012500000000000001,,,
8.1750000000000007,0.0002674645394319888,0.00028160645819845157,-1.414191876646277e-05,1.414191876646277e-05,convergencia,Euler,0.012500000000000001,,,
8.1875,0.00026412123268908911,0.00027810828659249914,-1.3987053903410029e-05,1.3987053903410029e-05,convergencia,Euler,0.012500000000000001,,,
8.2000000000000011,0.00026081971728047522,0.00027465356997214205,-1.3833852691666829e-05,1.3833852691666829e-05,convergencia,Euler,0.012500000000000001,,,
8.2125000000000004,0.00025755947081446947,0.00027124176853088056,-1.368229771641109e-05,1.368229771641109e-05,convergencia,Euler,0.012500000000000001,,,
8.2249999999999996,0.00025433997742928878,0.00026787234916779776,-1.3532371738508972e-05,1.3532371738508972e-05,convergencia,Euler,0.012500000000000001,,,
8.2375000000000007,0.00025116072771142243,0.00026454478540426243,-1.338405769284e-05,1.338405769284e-05,convergencia,Euler,0.012500000000000001,,,
8.25,0.00024802121861502985,0.00026125855730166754,-1.3237338686637691e-05,1.3237338686637691e-05,convergencia,Euler,0.012500000000000001,,,
8.2625000000000011,0.00024492095338234169,0.00025801315138018521,-1.3092197997843519e-05,1.3092197997843519e-05,convergencia,Euler,0.012500000000000001,,,
8.2750000000000004,0.00024185944146506259,0.00025480806053853841,-1.2948619073475817e-05,1.2948619073475817e-05,convergencia,Euler,0.012500000000000001,,,
8.2874999999999996,0.00023883619844674949,0.00025164278397476168,-1.2806585528012197e-05,1.2806585528012197e-05,convergencia,Euler,0.012500000000000001,,,
8.3000000000000007,0.00023585074596616486,0.00024851682710795185,-1.2666081141786992e-05,1.2666081141786992e-05,convergencia,Euler,0.012500000000000001,,,
8.3125,0.00023290261164158796,0.00024542970150098948,-1.2527089859401519e-05,1.2527089859401519e-05,convergencia,Euler,0.012500000000000001,,,
8.3250000000000011,0.00022999132899606786,0.00024238092478421678,-1.2389595788148925e-05,1.2389595788148925e-05,convergencia,Euler,0.012500000000000001,,,
8.3375000000000004,0.00022711643738361717,0.00023937002058006991,-1.2253583196452739e-05,1.2253583196452739e-05,convergencia,Euler,0.012500000000000001,,,
8.3499999999999996,0.00022427748191632211,0.00023639651842864072,-1.211903651231861e-05,1.211903651231861e-05,convergencia,Euler,0.012500000000000001,,,
8.3625000000000007,0.00022147401339236785,0.00023345995371416807,-1.1985940321800217e-05,1.1985940321800217e-05,convergencia,Euler,0.012500000000000001,,,
8.375,0.00021870558822496342,0.00023055986759244163,-1.1854279367478206e-05,1.1854279367478206e-05,convergencia,Euler,0.012500000000000001,,,
8.3875000000000011,0.00021597176837215114,0.00022769580691910378,-1.1724038546952642e-05,1.1724038546952642e-05,convergencia,Euler,0.012500000000000001,,,
8.4000000000000004,0.00021327212126749941,0.00022486732417884819,-1.1595202911348788e-05,1.1595202911348788e-05,convergencia,Euler,0.012500000000000001,,,
8.4124999999999996,0.00021060621975165582,0.00022207397741549166,-1.1467757663835836e-05,1.1467757663835836e-05,convergencia,Euler,0.012500000000000001,,,
8.4250000000000007,0.0002079736420047599,0.00021931533016291891,-1.1341688158159009e-05,1.1341688158159009e-05,convergencia,Euler,0.012500000000000001,,,
8.4375,0.00020537397147970054,0.00021659095137688503,-1.1216979897184481e-05,1.1216979897184481e-05,convergencia,Euler,0.012500000000000001,,,
8.4500000000000011,0.00020280679683620407,0.00021390041536766111,-1.1093618531457034e-05,1.1093618531457034e-05,convergencia,Euler,0.012500000000000001,,,
8.4625000000000004,0.00020027171187575167,0.00021124330173352254,-1.0971589857770864e-05,1.0971589857770864e-05,convergencia,Euler,0.012500000000000001,,,
8.4749999999999996,0.00019776831547730492,0.00020861919529505766,-1.0850879817752743e-05,1.0850879817752743e-05,convergencia,Euler,0.012500000000000001,,,
8.4875000000000007,0.0001952962115338384,0.00020602768603029633,-1.0731474496457929e-05,1.0731474496457929e-05,convergencia,Euler,0.012500000000000001,,,
8.5,0.00019285500888966556,0.00020346836901064417,-1.0613360120978612e-05,1.0613360120978612e-05,convergencia,Euler,0.012500000000000001,,,
8.5125000000000011,0.00019044432127854452,0.0002009408443376092,-1.0496523059064678e-05,1.0496523059064678e-05,convergencia,Euler,0.012500000000000001,,,
8.5250000000000004,0.00018806376726256284,0.00019844471708031962,-1.0380949817756773e-05,1.0380949817756773e-05,convergencia,Euler,0.012500000000000001,,,
8.5374999999999996,0.00018571297017178095,0.00019597959721381279,-1.0266627042031836e-05,1.0266627042031836e-05,convergencia,Euler,0.012500000000000001,,,
8.5500000000000007,0.00018339155804463349,0.00019354509955809383,-1.0153541513460343e-05,1.0153541513460343e-05,convergencia,Euler,0.012500000000000001,,,
8.5625,0.00018109916356907571,0.00019114084371795175,-1.0041680148876043e-05,1.0041680148876043e-05,convergencia,Euler,0.012500000000000001,,,
8.5750000000000011,0.00017883542402446207,0.00018876645402351932,-9.9310299990572446e-06,9.9310299990572446e-06,convergencia,Euler,0.012500000000000001,,,
8.5875000000000004,0.00017659998122415642,0.00018642155947157674,-9.8215782474203237e-06,9.8215782474203237e-06,convergencia,Euler,0.012500000000000001,,,
8.5999999999999996,0.00017439248145885458,0.00018410579366757919,-9.713312208724619e-06,9.713312208724619e-06,convergencia,Euler,0.012500000000000001,,,
8.6125000000000007,0.0001722125754406187,0.00018181879476840803,-9.6062193277893313e-06,9.6062193277893313e-06,convergencia,Euler,0.012500000000000001,,,
8.625,0.00017005991824761108,0.00017956020542583297,-9.5002871782218906e-06,9.5002871782218906e-06,convergencia,Euler,0.012500000000000001,,,
8.6375000000000011,0.00016793416926951576,0.00017732967273067344,-9.3955034611576792e-06,9.3955034611576792e-06,convergencia,Euler,0.012500000000000001,,,
8.6500000000000004,0.00016583499215364693,0.00017512684815765842,-9.2918560040114917e-06,9.2918560040114917e-06,convergencia,Euler,0.012500000000000001,,,
8.6624999999999996,0.00016376205475172645,0.00017295138751096639,-9.1893327592399451e-06,9.1893327592399451e-06,convergencia,Euler,0.012500000000000001,,,
8.6750000000000007,0.0001617150290673297,0.00017080295087044495,-9.0879218031152467e-06,9.0879218031152467e-06,convergencia,Euler,0.012500000000000001,,,
8.6875,0.00015969359120398819,0.00016868120253849865,-8.9876113345104534e-06,8.9876113345104534e-06,convergencia,Euler,0.012500000000000001,,,
8.7000000000000011,0.00015769742131393818,0.00016658581098763324,-8.8883896736950587e-06,8.8883896736950587e-06,convergencia,Euler,0.012500000000000001,,,
8.7125000000000004,0.00015572620354751407,0.00016451644880865641,-8.7902452611423438e-06,8.7902452611423438e-06,convergencia,Euler,0.012500000000000001,,,
8.7249999999999996,0.00015377962600317025,0.00016247279265951725,-8.693166656347e-06,8.693166656347e-06,convergencia,Euler,0.012500000000000001,,,
8.7375000000000007,0.00015185738067813046,0.00016045452321478433,-8.5971425366538658e-06,8.5971425366538658e-06,convergencia,Euler,0.012500000000000001,,,
8.75,0.00014995916341965394,0.00015846132511575126,-8.5021616960973153e-06,8.5021616960973153e-06,convergencia,Euler,0.012500000000000001,,,
8.7625000000000011,0.00014808467387690812,0.00015649288692115931,-8.4082130442511907e-06,8.4082130442511907e-06,convergencia,Euler,0.012500000000000001,,,
8.7750000000000004,0.00014623361545344687,0.00015454890105853631,-8.3152856050894416e-06,8.3152856050894416e-06,convergencia,Euler,0.012500000000000001,,,
8.7874999999999996,0.00014440569526027888,0.00015262906377613592,-8.2233685158570366e-06,8.2233685158570366e-06,convergencia,Euler,0.012500000000000001,,,
8.8000000000000007,0.00014260062406952525,0.0001507330750954765,-8.1324510259512563e-06,8.1324510259512563e-06,convergencia,Euler,0.012500000000000001,,,
8.8125,0.00014081811626865629,0.00014886063876446985,-8.0425224958135578e-06,8.0425224958135578e-06,convergencia,Euler,0.012500000000000001,,,
8.8250000000000011,0.00013905788981529794,0.00014701146221112919,-7.9535723958312505e-06,7.9535723958312505e-06,convergencia,Euler,0.012500000000000001,,,
8.8375000000000004,0.00013731966619260681,0.00014518525649785644,-7.8655903052496346e-06,7.8655903052496346e-06,convergencia,Euler,0.012500000000000001,,,
8.8499999999999996,0.00013560317036519933,0.00014338173627629318,-7.7785659110938437e-06,7.7785659110938437e-06,convergencia,Euler,0.012500000000000001,,,
8.8625000000000007,0.0001339081307356342,0.00014160061974273521,-7.6924890071010138e-06,7.6924890071010138e-06,convergencia,Euler,0.012500000000000001,,,
8.875,0.00013223427910143885,0.00013984162859410104,-7.6073494926621836e-06,7.6073494926621836e-06,convergencia,Euler,0.012500000000000001,,,
8.8875000000000011,0.00013058135061267073,0.00013810448798444442,-7.5231373717736809e-06,7.5231373717736809e-06,convergencia,Euler,0.012500000000000001,,,
8.9000000000000004,0.00012894908373001245,0.0001363889264820114,-7.439842751998945e-06,7.439842751998945e-06,convergencia,Euler,0.012500000000000001,,,
8.9124999999999996,0.00012733722018338738,0.00013469467602682662,-7.3574558434392394e-06,7.3574558434392394e-06,convergencia,Euler,0.012500000000000001,,,
8.9250000000000007,0.0001257455049310949,0.00013302147188880921,-7.275966957714312e-06,7.275966957714312e-06,convergencia,Euler,0.012500000000000001,,,
8.9375,0.0001241736861194563,0.00013136905262640898,-7.1953665069526775e-06,7.1953665069526775e-06,convergencia,Euler,0.012500000000000001,,,
8.9500000000000011,0.00012262151504296295,0.0001297371600457538,-7.1156450027908447e-06,7.1156450027908447e-06,convergencia,Euler,0.012500000000000001,,,
8.9625000000000004,0.000121088746104926,0.00012812553916030832,-7.0367930553823151e-06,7.0367930553823151e-06,convergencia,Euler,0.012500000000000001,,,
8.9749999999999996,0.00011957513677861451,0.00012653393815103005,-6.9588013724155396e-06,6.9588013724155396e-06,convergencia,Euler,0.012500000000000001,,,
8.9875000000000007,0.0001180804475688817,0.00012496210832702294,-6.8816607581412401e-06,6.8816607581412401e-06,convergencia,Euler,0.012500000000000001,,,
9,0.00011660444197427076,0.00012340980408667956,-6.8053621124087975e-06,6.8053621124087975e-06,convergencia,Euler,0.012500000000000001,,,
9.0125000000000011,0.00011514688644959225,0.00012187678287930369,-6.7298964297114359e-06,6.7298964297114359e-06,convergencia,Euler,0.012500000000000001,,,
9.0250000000000004,0.00011370755036897243,0.00012036280516721316,-6.6552547982407303e-06,6.6552547982407303e-06,convergencia,Euler,0.012500000000000001,,,
9.0374999999999996,0.00011228620598936035,0.00011886763438831004,-6.5814283989496934e-06,6.5814283989496934e-06,convergencia,Euler,0.012500000000000001,,,
9.0500000000000007,0.00011088262841449323,0.00011739103691911796,-6.5084085046247391e-06,6.5084085046247391e-06,convergencia,Euler,0.012500000000000001,,,
9.0625,0.00010949659555931214,0.00011593278203827863,-6.4361864789664957e-06,6.4361864789664957e-06,convergencia,Euler,0.012500000000000001,,,
9.0750000000000011,0.00010812788811482062,0.00011449264189049966,-6.364753775679036e-06,6.364753775679036e-06,convergencia,Euler,0.012500000000000001,,,
9.0875000000000004,0.00010677628951338544,0.00011307039145095336,-6.2941019375679154e-06,6.2941019375679154e-06,convergencia,Euler,0.012500000000000001,,,
9.0999999999999996,0.0001054415858944682,0.00011166580849011478,-6.2242225956465728e-06,6.2242225956465728e-06,convergencia,Euler,0.012500000000000001,,,
9.1125000000000007,0.00010412356607078724,0.00011027867353903842,-6.1551074682511742e-06,6.1551074682511742e-06,convergencia,Euler,0.012500000000000001,,,
9.125,0.00010282202149490247,0.00010890876985506645,-6.0867483601639811e-06,6.0867483601639811e-06,convergencia,Euler,0.012500000000000001,,,
9.1375000000000011,0.00010153674622621607,0.00010755588338796075,-6.0191371617446742e-06,6.0191371617446742e-06,convergencia,Euler,0.012500000000000001,,,
9.1500000000000004,0.00010026753689838844,0.00010621980274645875,-5.95226584807031e-06,5.95226584807031e-06,convergencia,Euler,0.012500000000000001,,,
9.1624999999999996,9.9014192687158653e-05,0.00010490031916524175,-5.8861264780830973e-06,5.8861264780830973e-06,convergencia,Euler,0.012500000000000001,,,
9.1750000000000007,9.7776515278569061e-05,0.00010359722647231549,-5.8207111937464269e-06,5.8207111937464269e-06,convergencia,Euler,0.012500000000000001,,,
9.1875,9.6554308837587012e-05,0.00010231032105679591,-5.7560122192088978e-06,5.7560122192088978e-06,convergencia,Euler,0.012500000000000001,,,
9.2000000000000011,9.5347379977117066e-05,0.00010103940183709324,-5.6920218599761763e-06,5.6920218599761763e-06,convergencia,Euler,0.012500000000000001,,,
9.2125000000000004,9.4155537727403168e-05,9.978427022949406e-05,-5.6287325020908921e-06,5.6287325020908921e-06,convergencia,Euler,0.012500000000000001,,,
9.2249999999999996,9.297859350581069e-05,9.8544730117130908e-05,-5.5661366113202181e-06,5.5661366113202181e-06,convergencia,Euler,0.012500000000000001,,,
9.2375000000000007,9.1816361086987963e-05,9.7320587819339194e-05,-5.5042267323512304e-06,5.5042267323512304e-06,convergencia,Euler,0.012500000000000001,,,
9.25,9.0668656573400676e-05,9.6111652061394695e-05,-5.4429954879940191e-06,5.4429954879940191e-06,convergencia,Euler,0.012500000000000001,,,
9.2625000000000011,8.9535298366233076e-05,9.4917733944625289e-05,-5.3824355783922131e-06,5.3824355783922131e-06,convergencia,Euler,0.012500000000000001,,,
9.2750000000000004,8.8416107136655222e-05,9.3738646916896546e-05,-5.3225397802413249e-06,5.3225397802413249e-06,convergencia,Euler,0.012500000000000001,,,
9.2874999999999996,8.7310905797447088e-05,9.2574206743461311e-05,-5.2633009460142233e-06,5.2633009460142233e-06,convergencia,Euler,0.012500000000000001,,,
9.3000000000000007,8.6219519474978911e-05,9.142423147817327e-05,-5.2047120031943584e-06,5.2047120031943584e-06,convergencia,Euler,0.012500000000000001,,,
9.3125,8.5141775481541737e-05,9.0288541435057907e-05,-5.1467659535161701e-06,5.1467659535161701e-06,convergencia,Euler,0.012500000000000001,,,
9.3250000000000011,8.407750328802237e-05,8.9166959160235062e-05,-5.0894558722126918e-06,5.0894558722126918e-06,convergencia,Euler,0.012500000000000001,,,
9.3375000000000004,8.3026534496922146e-05,8.8059309404192756e-05,-5.0327749072706093e-06,5.0327749072706093e-06,convergencia,Euler,0.012500000000000001,,,
9.3499999999999996,8.1988702815710674e-05,8.6965419094402918e-05,-4.9767162786922437e-06,4.9767162786922437e-06,convergencia,Euler,0.012500000000000001,,,
9.3625000000000007,8.0963844030514199e-05,8.5885117308278944e-05,-4.9212732777647455e-06,4.9212732777647455e-06,convergencia,Euler,0.012500000000000001,,,
9.375,7.9951795980132834e-05,8.4818235246469155e-05,-4.8664392663363217e-06,4.8664392663363217e-06,convergencia,Euler,0.012500000000000001,,,
9.3875000000000011,7.8952398530381085e-05,8.3764606206480528e-05,-4.8122076760994423e-06,4.8122076760994423e-06,convergencia,Euler,0.012500000000000001,,,
9.4000000000000004,7.7965493548751377e-05,8.2724065556632228e-05,-4.758572007880851e-06,4.758572007880851e-06,convergencia,Euler,0.012500000000000001,,,
9.4124999999999996,7.6990924879392046e-05,8.1696450710330574e-05,-4.7055258309385277e-06,4.7055258309385277e-06,convergencia,Euler,0.012500000000000001,,,
9.4250000000000007,7.6028538318399566e-05,8.068160110066498e-05,-4.6530627822654138e-06,4.6530627822654138e-06,convergencia,Euler,0.012500000000000001,,,
9.4375,7.5078181589419623e-05,7.9679358155319496e-05,-4.6011765658998731e-06,4.6011765658998731e-06,convergencia,Euler,0.012500000000000001,,,
9.4500000000000011,7.4139704319551794e-05,7.868956527179456e-05,-4.5498609522427665e-06,4.5498609522427665e-06,convergencia,Euler,0.012500000000000001,,,
9.4625000000000004,7.3212958015557444e-05,7.7712067792938639e-05,-4.4991097773811945e-06,4.4991097773811945e-06,convergencia,Euler,0.012500000000000001,,,
9.4749999999999996,7.2297796040363024e-05,7.674671298278181e-05,-4.4489169424187855e-06,4.4489169424187855e-06,convergencia,Euler,0.012500000000000001,,,
9.4875000000000007,7.1394073589858411e-05,7.5793350002670791e-05,-4.3992764128123808e-06,4.3992764128123808e-06,convergencia,Euler,0.012500000000000001,,,
9.5,7.0501647669985238e-05,7.4851829887700598e-05,-4.3501822177153605e-06,4.3501822177153605e-06,convergencia,Euler,0.012500000000000001,,,
9.5125000000000011,6.9620377074110354e-05,7.3922005523437449e-05,-4.3016284493270951e-06,4.3016284493270951e-06,convergencia,Euler,0.012500000000000001,,,
9.5250000000000004,6.8750122360684021e-05,7.3003731622932965e-05,-4.2536092622489431e-06,4.2536092622489431e-06,convergencia,Euler,0.012500000000000001,,,
9.5374999999999996,6.7890745831175522e-05,7.2096864704021801e-05,-4.2061188728462792e-06,4.2061188728462792e-06,convergencia,Euler,0.012500000000000001,,,
9.5500000000000007,6.7042111508285759e-05,7.1201263066902732e-05,-4.1591515586169735e-06,4.1591515586169735e-06,convergencia,Euler,0.012500000000000001,,,
9.5625,6.6204085114432231e-05,7.0316786771998079e-05,-4.1127016575658477e-06,4.1127016575658477e-06,convergencia,Euler,0.012500000000000001,,,
9.5750000000000011,6.5376534050501757e-05,6.9443297618087041e-05,-4.0667635675852839e-06,4.0667635675852839e-06,convergencia,Euler,0.012500000000000001,,,
9.5875000000000004,6.4559327374870529e-05,6.8580659120712448e-05,-4.0213317458419188e-06,4.0213317458419188e-06,convergencia,Euler,0.012500000000000001,,,
9.6000000000000014,6.3752335782684585e-05,6.7728736490853776e-05,-3.9764007081691916e-06,3.9764007081691916e-06,convergencia,Euler,0.012500000000000001,,,
9.6125000000000007,6.2955431585401067e-05,6.68873966138671e-05,-3.9319650284660329e-06,3.9319650284660329e-06,convergencia,Euler,0.012500000000000001,,,
9.625,6.2168488690583597e-05,6.6056508028684814e-05,-3.8880193381012166e-06,3.8880193381012166e-06,convergencia,Euler,0.012500000000000001,,,
9.6375000000000011,6.1391382581951236e-05,6.5235940907274899e-05,-3.8445583253236631e-06,3.8445583253236631e-06,convergencia,Euler,0.012500000000000001,,,
9.6500000000000004,6.0623990299676889e-05,6.4425567034355417e-05,-3.8015767346785283e-06,3.8015767346785283e-06,convergencia,Euler,0.012500000000000001,,,
9.6625000000000014,5.986619042093086e-05,6.3625259787359771e-05,-3.7590693664289106e-06,3.7590693664289106e-06,convergencia,Euler,0.012500000000000001,,,
9.6750000000000007,5.9117863040669268e-05,6.2834894116652612e-05,-3.7170310759833446e-06,3.7170310759833446e-06,convergencia,Euler,0.012500000000000001,,,
9.6875,5.8378889752660942e-05,6.205434652598976e-05,-3.6754567733288178e-06,3.6754567733288178e-06,convergencia,Euler,0.012500000000000001,,,
9.7000000000000011,5.764915363075262e-05,6.1283495053222024e-05,-3.6343414224694043e-06,3.6343414224694043e-06,convergencia,Euler,0.012500000000000001,,,
9.7125000000000004,5.6928539210368251e-05,6.052221925123872e-05,-3.5936800408704691e-06,3.5936800408704691e-06,convergencia,Euler,0.012500000000000001,,,
9.7250000000000014,5.6216932470238589e-05,5.9770400169146719e-05,-3.5534676989081306e-06,3.5534676989081306e-06,convergencia,Euler,0.012500000000000001,,,
9.7375000000000007,5.551422081436065e-05,5.9027920333685078e-05,-3.5136995193244284e-06,3.5136995193244284e-06,convergencia,Euler,0.012500000000000001,,,
9.75,5.4820293054181183e-05,5.8294663730868811e-05,-3.4743706766876282e-06,3.4743706766876282e-06,convergencia,Euler,0.012500000000000001,,,
9.7625000000000011,5.4135039391003862e-05,5.7570515787861802e-05,-3.4354763968579401e-06,3.4354763968579401e-06,convergencia,Euler,0.012500000000000001,,,
9.7750000000000004,5.345835139861635e-05,5.6855363355074873e-05,-3.3970119564585231e-06,3.3970119564585231e-06,convergencia,Euler,0.012500000000000001,,,
9.7875000000000014,5.2790122006133591e-05,5.6149094688485209e-05,-3.3589726823516188e-06,3.3589726823516188e-06,convergencia,Euler,0.012500000000000001,,,
9.8000000000000007,5.2130245481056961e-05,5.5451599432176945e-05,-3.3213539511199843e-06,3.3213539511199843e-06,convergencia,Euler,0.012500000000000001,,,
9.8125,5.1478617412543784e-05,5.476276860109711e-05,-3.2841511885533262e-06,3.2841511885533262e-06,convergencia,Euler,0.012500000000000001,,,
9.8250000000000011,5.0835134694886935e-05,5.4082494564026818e-05,-3.2473598691398837e-06,3.2473598691398837e-06,convergencia,Euler,0.012500000000000001,,,
9.8375000000000004,5.0199695511200883e-05,5.3410671026763938e-05,-3.2109755155630546e-06,3.2109755155630546e-06,convergencia,Euler,0.012500000000000001,,,
9.8500000000000014,4.9572199317310817e-05,5.2747193015513757e-05,-3.1749936982029397e-06,3.1749936982029397e-06,convergencia,Euler,0.012500000000000001,,,
9.8625000000000007,4.8952546825844467e-05,5.2091956860487335e-05,-3.1394100346428681e-06,3.1394100346428681e-06,convergencia,Euler,0.012500000000000001,,,
9.875,4.8340639990521449e-05,5.1444860179702278e-05,-3.104220189180829e-06,3.104220189180829e-06,convergencia,Euler,0.012500000000000001,,,
9.8875000000000011,4.7736381990639883e-05,5.0805801862985583e-05,-3.0694198723457003e-06,3.0694198723457003e-06,convergencia,Euler,0.012500000000000001,,,
9.9000000000000004,4.7139677215756919e-05,5.0174682056175283e-05,-3.0350048404183635e-06,3.0350048404183635e-06,convergencia,Euler,0.012500000000000001,,,
9.9125000000000014,4.6550431250559907e-05,4.9551402145517353e-05,-3.0009708949574465e-06,3.0009708949574465e-06,convergencia,Euler,0.012500000000000001,,,
9.9250000000000007,4.5968550859927942e-05,4.893586474225786e-05,-2.9673138823299182e-06,2.9673138823299182e-06,convergencia,Euler,0.012500000000000001,,,
9.9375,4.5393943974178878e-05,4.8327973667425135e-05,-2.9340296932462573e-06,2.9340296932462573e-06,convergencia,Euler,0.012500000000000001,,,
9.9500000000000011,4.4826519674501593e-05,4.7727633936801882e-05,-2.9011142623002896e-06,2.9011142623002896e-06,convergencia,Euler,0.012500000000000001,,,
9.9625000000000004,4.4266188178570355e-05,4.7134751746083968e-05,-2.8685635675136133e-06,2.8685635675136133e-06,convergencia,Euler,0.012500000000000001,,,
9.9750000000000014,4.3712860826338181e-05,4.654923445622269e-05,-2.8363736298845095e-06,2.8363736298845095e-06,convergencia,Euler,0.012500000000000001,,,
9.9875000000000007,4.3166450066008984e-05,4.5970990578950438e-05,-2.8045405129414547e-06,2.8045405129414547e-06,convergencia,Euler,0.012500000000000001,,,
10,4.2626869440183899e-05,4.5399929762484854e-05,-2.7730603223009555e-06,2.7730603223009555e-06,convergencia,Euler,0.012500000000000001,,,
0,1,1,0,0,convergencia,Heun,0.20000000000000001,,,
0.20000000000000001,0.81999999999999995,0.81873075307798182,0.0012692469220181302,0.0012692469220181302,convergencia,Heun,0.20000000000000001,,,
0.40000000000000002,0.67239999999999989,0.67032004603563933,0.0020799539643605591,0.0020799539643605591,convergencia,Heun,0.20000000000000001,,,
0.60000000000000009,0.55136799999999986,0.54881163609402639,0.0025563639059734689,0.0025563639059734689,convergencia,Heun,0.20000000000000001,,,
0.80000000000000004,0.45212175999999993,0.44932896411722156,0.002792795882778365,0.002792795882778365,convergencia,Heun,0.20000000000000001,,,
1,0.37073984319999997,0.36787944117144233,0.0028604020285576404,0.0028604020285576404,convergencia,Heun,0.20000000000000001,,,
1.2000000000000002,0.30400667142399995,0.30119421191220203,0.0028124595117979267,0.0028124595117979267,convergencia,Heun,0.20000000000000001,,,
1.4000000000000001,0.24928547056767997,0.24659696394160643,0.0026885066260735335,0.0026885066260735335,convergencia,Heun,0.20000000000000001,,,
1.6000000000000001,0.20441408586549759,0.20189651799465538,0.0025175678708422022,0.0025175678708422022,convergencia,Heun,0.20000000000000001,,,
1.8,0.16761955040970802,0.16529888822158653,0.0023206621881214917,0.0023206621881214917,convergencia,Heun,0.20000000000000001,,,
2,0.13744803133596059,0.1353352832366127,0.0021127480993478887,0.0021127480993478887,convergencia,Heun,0.20000000000000001,,,
2.2000000000000002,0.11270738569548766,0.11080315836233387,0.0019042273331537907,0.0019042273331537907,convergencia,Heun,0.20000000000000001,,,
2.4000000000000004,0.092420056270299866,0.09071795328941247,0.0017021029808873961,0.0017021029808873961,convergencia,Heun,0.20000000000000001,,,
2.6000000000000001,0.075784446141645909,0.074273578214333877,0.0015108679273120318,0.0015108679273120318,convergencia,Heun,0.20000000000000001,,,
2.8000000000000003,0.062143245836149635,0.060810062625217952,0.0013331832109316835,0.0013331832109316835,convergencia,Heun,0.20000000000000001,,,
3,0.05095746158564271,0.049787068367863944,0.001170393217778766,0.001170393217778766,convergencia,Heun,0.20000000000000001,,,
3.2000000000000002,0.041785118500227016,0.040762203978366211,0.0010229145218608043,0.0010229145218608043,convergencia,Heun,0.20000000000000001,,,
3.4000000000000004,0.034263797170186149,0.033373269960326066,0.00089052720986008277,0.00089052720986008277,convergencia,Heun,0.20000000000000001,,,
3.6000000000000001,0.028096313679552648,0.027323722447292559,0.00077259123226008919,0.00077259123226008919,convergencia,Heun,0.20000000000000001,,,
3.8000000000000003,0.023038977217233168,0.022370771856165591,0.00066820536106757672,0.00066820536106757672,convergencia,Heun,0.20000000000000001,,,
4,0.018891961318131201,0.018315638888734179,0.00057632242939702205,0.00057632242939702205,convergencia,Heun,0.20000000000000001,,,
4.2000000000000002,0.015491408280867583,0.014995576820477703,0.00049583146038987939,0.00049583146038987939,convergencia,Heun,0.20000000000000001,,,
4.4000000000000004,0.012702954790311416,0.012277339903068436,0.00042561488724297998,0.00042561488724297998,convergencia,Heun,0.20000000000000001,,,
4.6000000000000005,0.01041642292805536,0.010051835744633576,0.00036458718342178426,0.00036458718342178426,convergencia,Heun,0.20000000000000001,,,
4.8000000000000007,0.0085414668010053933,0.0082297470490200232,0.00031171975198537004,0.00031171975198537004,convergencia,Heun,0.20000000000000001,,,
5,0.0070040027768244273,0.006737946999085467,0.00026605577773896032,0.00026605577773896032,convergencia,Heun,0.20000000000000001,,,
5.2000000000000002,0.0057432822769960291,0.0055165644207607716,0.00022671785623525759,0.00022671785623525759,convergencia,Heun,0.20000000000000001,,,
5.4000000000000004,0.004709491467136743,0.0045165809426126659,0.00019291052452407708,0.00019291052452407708,convergencia,Heun,0.20000000000000001,,,
5.6000000000000005,0.0038617830030521286,0.003697863716482929,0.00016391928656919958,0.00016391928656919958,convergencia,Heun,0.20000000000000001,,,
5.8000000000000007,0.0031666620625027449,0.0030275547453758127,0.00013910731712693221,0.00013910731712693221,convergencia,Heun,0.20000000000000001,,,
6,0.0025966628912522526,0.0024787521766663585,0.00011791071458589408,0.00011791071458589408,convergencia,Heun,0.20000000000000001,,,
6.2000000000000002,0.0021292635708268469,0.002029430636295734,9.9832934531112871e-05,9.9832934531112871e-05,convergencia,Heun,0.20000000000000001,,,
6.4000000000000004,0.0017459961280780142,0.0016615572731739339,8.4438854904080301e-05,8.4438854904080301e-05,convergencia,Heun,0.20000000000000001,,,
6.6000000000000005,0.0014317168250239714,0.0013603680375478928,7.1348787476078644e-05,7.1348787476078644e-05,convergencia,Heun,0.20000000000000001,,,
6.8000000000000007,0.0011740077965196564,0.0011137751478448024,6.0232648674853973e-05,6.0232648674853973e-05,convergencia,Heun,0.20000000000000001,,,
7,0.00096268639314611888,0.00091188196555451624,5.0804427591602638e-05,5.0804427591602638e-05,convergencia,Heun,0.20000000000000001,,,
7.2000000000000002,0.00078940284237981741,0.0007465858083766792,4.2817034003138203e-05,4.2817034003138203e-05,convergencia,Heun,0.20000000000000001,,,
7.4000000000000004,0.00064731033075145022,0.0006112527611295723,3.6057569621877916e-05,3.6057569621877916e-05,convergencia,Heun,0.20000000000000001,,,
7.6000000000000005,0.00053079447121618913,0.0005004514334406104,3.034303777557873e-05,3.034303777557873e-05,convergencia,Heun,0.20000000000000001,,,
7.8000000000000007,0.00043525146639727502,0.00040973497897978643,2.5516487417488591e-05,2.5516487417488591e-05,convergencia,Heun,0.20000000000000001,,,
8,0.00035690620244576576,0.00033546262790251185,2.1443574543253906e-05,2.1443574543253906e-05,convergencia,Heun,0.20000000000000001,,,
8.2000000000000011,0.00029266308600552765,0.00027465356997214205,1.8009516033385602e-05,1.8009516033385602e-05,convergencia,Heun,0.20000000000000001,,,
8.4000000000000004,0.00023998373052453283,0.00022486732417884819,1.5116406345684635e-05,1.5116406345684635e-05,convergencia,Heun,0.20000000000000001,,,
8.5999999999999996,0.00019678665903011705,0.00018410579366757919,1.268086536253786e-05,1.268086536253786e-05,convergencia,Heun,0.20000000000000001,,,
8.8000000000000007,0.00016136506040469582,0.0001507330750954765,1.063198530921932e-05,1.063198530921932e-05,convergencia,Heun,0.20000000000000001,,,
9,0.00013231934953185067,0.00012340980408667956,8.9095454451711045e-06,8.9095454451711045e-06,convergencia,Heun,0.20000000000000001,,,
9.2000000000000011,0.00010850186661611743,0.00010103940183709324,7.4624647790241908e-06,7.4624647790241908e-06,convergencia,Heun,0.20000000000000001,,,
9.4000000000000004,8.8971530625216359e-05,8.2724065556632228e-05,6.2474650685841307e-06,6.2474650685841307e-06,convergencia,Heun,0.20000000000000001,,,
9.6000000000000014,7.2956655112677346e-05,6.7728736490853776e-05,5.2279186218235702e-06,5.2279186218235702e-06,convergencia,Heun,0.20000000000000001,,,
9.8000000000000007,5.9824457192395462e-05,5.5451599432176945e-05,4.3728577602185169e-06,4.3728577602185169e-06,convergencia,Heun,0.20000000000000001,,,
10,4.9056054897764312e-05,4.5399929762484854e-05,3.656125135279458e-06,3.656125135279458e-06,convergencia,Heun,0.20000000000000001,,,
0,1,1,0,0,convergencia,Heun,0.10000000000000001,,,
0.10000000000000001,0.90500000000000003,0.90483741803595952,0.00016258196404050906,0.00016258196404050906,convergencia,Heun,0.10000000000000001,,,
0.20000000000000001,0.819025,0.81873075307798182,0.00029424692201818203,0.00029424692201818203,convergencia,Heun,0.10000000000000001,,,
0.30000000000000004,0.74121762499999999,0.74081822068171788,0.00039940431828211498,0.00039940431828211498,convergencia,Heun,0.10000000000000001,,,
0.40000000000000002,0.67080195062500003,0.67032004603563933,0.00048190458936070435,0.00048190458936070435,convergencia,Heun,0.10000000000000001,,,
0.5,0.60707576531562502,0.60653065971263342,0.00054510560299159128,0.00054510560299159128,convergencia,Heun,0.10000000000000001,,,
0.60000000000000009,0.54940356761064058,0.54881163609402639,0.00059193151661418586,0.00059193151661418586,convergencia,Heun,0.10000000000000001,,,
0.70000000000000007,0.49721022868762971,0.49658530379140947,0.00062492489622023584,0.00062492489622023584,convergencia,Heun,0.10000000000000001,,,
0.80000000000000004,0.44997525696230489,0.44932896411722156,0.0006462928450833294,0.0006462928450833294,convergencia,Heun,0.10000000000000001,,,
0.90000000000000002,0.40722760755088594,0.40656965974059911,0.00065794781028682969,0.00065794781028682969,convergencia,Heun,0.10000000000000001,,,
1,0.3685409848335518,0.36787944117144233,0.00066154366210946502,0.00066154366210946502,convergencia,Heun,0.10000000000000001,,,
1.1000000000000001,0.33352959127436432,0.33287108369807955,0.00065850757628477252,0.00065850757628477252,convergencia,Heun,0.10000000000000001,,,
1.2000000000000002,0.30184428010329967,0.30119421191220203,0.00065006819109764136,0.00065006819109764136,convergencia,Heun,0.10000000000000001,,,
1.3,0.27316907349348624,0.27253179303401259,0.00063728045947364365,0.00063728045947364365,convergencia,Heun,0.10000000000000001,,,
1.4000000000000001,0.24721801151160502,0.24659696394160643,0.00062104756999858957,0.00062104756999858957,convergencia,Heun,0.10000000000000001,,,
1.5,0.22373230041800257,0.22313016014842982,0.00060214026957275402,0.00060214026957275402,convergencia,Heun,0.10000000000000001,,,
1.6000000000000001,0.20247773187829232,0.20189651799465538,0.00058121388363693849,0.00058121388363693849,convergencia,Heun,0.10000000000000001,,,
1.7000000000000002,0.18324234734985453,0.18268352405273461,0.00055882329711992584,0.00055882329711992584,convergencia,Heun,0.10000000000000001,,,
1.8,0.16583432435161838,0.16529888822158653,0.00053543613003184665,0.00053543613003184665,convergencia,Heun,0.10000000000000001,,,
1.9000000000000001,0.15008006353821463,0.14956861922263504,0.00051144431557959003,0.00051144431557959003,convergencia,Heun,0.10000000000000001,,,
2,0.13582245750208424,0.1353352832366127,0.00048717426547154052,0.00048717426547154052,convergencia,Heun,0.10000000000000001,,,
2.1000000000000001,0.12291932403938623,0.12245642825298191,0.0004628957864043215,0.0004628957864043215,convergencia,Heun,0.10000000000000001,,,
2.2000000000000002,0.11124198825564452,0.11080315836233387,0.00043882989331064937,0.00043882989331064937,convergencia,Heun,0.10000000000000001,,,
2.3000000000000003,0.10067399937135828,0.10025884372280371,0.00041515564855457154,0.00041515564855457154,convergencia,Heun,0.10000000000000001,,,
2.4000000000000004,0.091109969431079227,0.09071795328941247,0.00039201614166675669,0.00039201614166675669,convergencia,Heun,0.10000000000000001,,,
2.5,0.082454522335126734,0.0820849986238988,0.00036952371122793426,0.00036952371122793426,convergencia,Heun,0.10000000000000001,,,
2.6000000000000001,0.074621342713289684,0.074273578214333877,0.00034776449895580763,0.00034776449895580763,convergencia,Heun,0.10000000000000001,,,
2.7000000000000002,0.067532315155527156,0.067205512739749756,0.00032680241577739966,0.00032680241577739966,convergencia,Heun,0.10000000000000001,,,
2.8000000000000003,0.061116745215752069,0.060810062625217952,0.00030668259053411723,0.00030668259053411723,convergencia,Heun,0.10000000000000001,,,
2.9000000000000004,0.055310654420255616,0.05502322005640721,0.00028743436384840587,0.00028743436384840587,convergencia,Heun,0.10000000000000001,,,
3,0.050056142250331351,0.049787068367863944,0.00026907388246740632,0.00026907388246740632,convergencia,Heun,0.10000000000000001,,,
3.1000000000000001,0.045300808736549868,0.045049202393557801,0.00025160634299206674,0.00025160634299206674,convergencia,Heun,0.10000000000000001,,,
3.2000000000000002,0.040997231906577628,0.040762203978366211,0.00023502792821141621,0.00023502792821141621,convergencia,Heun,0.10000000000000001,,,
3.3000000000000003,0.037102494875452752,0.036883167401239994,0.00021932747421275767,0.00021932747421275767,convergencia,Heun,0.10000000000000001,,,
3.4000000000000004,0.033577757862284736,0.033373269960326066,0.00020448790195867067,0.00020448790195867067,convergencia,Heun,0.10000000000000001,,,
3.5,0.030387870865367698,0.030197383422318501,0.00019048744304919762,0.00019048744304919762,convergencia,Heun,0.10000000000000001,,,
3.6000000000000001,0.027501023133157766,0.027323722447292559,0.00017730068586520667,0.00017730068586520667,convergencia,Heun,0.10000000000000001,,,
3.7000000000000002,0.024888425935507774,0.024723526470339388,0.00016489946516838605,0.00016489946516838605,convergencia,Heun,0.10000000000000001,,,
3.8000000000000003,0.022524025471634533,0.022370771856165591,0.0001532536154689422,0.0001532536154689422,convergencia,Heun,0.10000000000000001,,,
3.9000000000000004,0.020384243051829253,0.020241911445804381,0.00014233160602487166,0.00014233160602487166,convergencia,Heun,0.10000000000000001,,,
4,0.01844773996190548,0.018315638888734179,0.0001321010731713014,0.0001321010731713014,convergencia,Heun,0.10000000000000001,,,
4.1000000000000005,0.01669520466552445,0.016572675401761237,0.00012252926376321235,0.00012252926376321235,convergencia,Heun,0.10000000000000001,,,
4.2000000000000002,0.015109160222299632,0.014995576820477703,0.0001135834018219286,0.0001135834018219286,convergencia,Heun,0.10000000000000001,,,
4.2999999999999998,0.013673790001181171,0.013568559012200934,0.00010523098898023754,0.00010523098898023754,convergencia,Heun,0.10000000000000001,,,
4.4000000000000004,0.012374779951068953,0.012277339903068436,9.7440048000517476e-05,9.7440048000517476e-05,convergencia,Heun,0.10000000000000001,,,
4.5,0.011199175855717407,0.011108996538242306,9.0179317475101023e-05,9.0179317475101023e-05,convergencia,Heun,0.10000000000000001,,,
4.6000000000000005,0.010135254149424247,0.010051835744633576,8.3418404790671502e-05,8.3418404790671502e-05,convergencia,Heun,0.10000000000000001,,,
4.7000000000000002,0.0091724050052289473,0.0090952771016958155,7.7127903533131745e-05,7.7127903533131745e-05,convergencia,Heun,0.10000000000000001,,,
4.8000000000000007,0.0083010265297321934,0.0082297470490200232,7.1279480712170204e-05,7.1279480712170204e-05,convergencia,Heun,0.10000000000000001,,,
4.9000000000000004,0.007512429009407638,0.0074465830709243381,6.5845938483299893e-05,6.5845938483299893e-05,convergencia,Heun,0.10000000000000001,,,
5,0.006798748253513915,0.006737946999085467,6.0801254428448012e-05,6.0801254428448012e-05,convergencia,Heun,0.10000000000000001,,,
5.1000000000000005,0.00615286716943009,0.0060967465655156327,5.6120603914457286e-05,5.6120603914457286e-05,convergencia,Heun,0.10000000000000001,,,
5.2000000000000002,0.0055683447883342332,0.0055165644207607716,5.1780367573461654e-05,5.1780367573461654e-05,convergencia,Heun,0.10000000000000001,,,
5.3000000000000007,0.0050393520334424784,0.0049915939069102126,4.7758126532265743e-05,4.7758126532265743e-05,convergencia,Heun,0.10000000000000001,,,
5.4000000000000004,0.0045606135902654448,0.0045165809426126659,4.4032647652778902e-05,4.4032647652778902e-05,convergencia,Heun,0.10000000000000001,,,
5.5,0.0041273552991902291,0.0040867714384640666,4.0583860726162505e-05,4.0583860726162505e-05,convergencia,Heun,0.10000000000000001,,,
5.6000000000000005,0.0037352565457671556,0.003697863716482929,3.73928292842266e-05,3.73928292842266e-05,convergencia,Heun,0.10000000000000001,,,
5.7000000000000002,0.0033804071739192772,0.003345965457471272,3.4441716448005161e-05,3.4441716448005161e-05,convergencia,Heun,0.10000000000000001,,,
5.8000000000000007,0.0030592684923969444,0.0030275547453758127,3.1713747021131639e-05,3.1713747021131639e-05,convergencia,Heun,0.10000000000000001,,,
5.9000000000000004,0.0027686379856192355,0.0027394448187683684,2.9193166850867164e-05,2.9193166850867164e-05,convergencia,Heun,0.10000000000000001,,,
6,0.0025056173769854089,0.0024787521766663585,2.6865200319050458e-05,2.6865200319050458e-05,convergencia,Heun,0.10000000000000001,,,
6.1000000000000005,0.0022675837261717938,0.0022428677194858012,2.4716006685992619e-05,2.4716006685992619e-05,convergencia,Heun,0.10000000000000001,,,
6.2000000000000002,0.0020521632721854743,0.002029430636295734,2.2732635889740303e-05,2.2732635889740303e-05,convergencia,Heun,0.10000000000000001,,,
6.3000000000000007,0.0018572077613278532,0.0018363047770289056,2.090298429894763e-05,2.090298429894763e-05,convergencia,Heun,0.10000000000000001,,,
6.4000000000000004,0.0016807730240017077,0.0016615572731739339,1.9215750827773813e-05,1.9215750827773813e-05,convergencia,Heun,0.10000000000000001,,,
6.5,0.0015210995867215461,0.0015034391929775724,1.7660393743973695e-05,1.7660393743973695e-05,convergencia,Heun,0.10000000000000001,,,
6.6000000000000005,0.0013765951259829985,0.0013603680375478928,1.6227088435105761e-05,1.6227088435105761e-05,convergencia,Heun,0.10000000000000001,,,
6.7000000000000002,0.0012458185890146141,0.001230911902673481,1.4906686341133093e-05,1.4906686341133093e-05,convergencia,Heun,0.10000000000000001,,,
6.8000000000000007,0.0011274658230582251,0.0011137751478448024,1.369067521342273e-05,1.369067521342273e-05,convergencia,Heun,0.10000000000000001,,,
6.9000000000000004,0.0010203565698676941,0.0010077854290485105,1.2571140819183637e-05,1.2571140819183637e-05,convergencia,Heun,0.10000000000000001,,,
7,0.00092342269573026346,0.00091188196555451624,1.1540730175747219e-05,1.1540730175747219e-05,convergencia,Heun,0.10000000000000001,,,
7.1000000000000005,0.000835697539635888,0.00082510492326590384,1.0592616369984155e-05,1.0592616369984155e-05,convergencia,Heun,0.10000000000000001,,,
7.2000000000000002,0.00075630627337047892,0.0007465858083766792,9.7204649937997125e-06,9.7204649937997125e-06,convergencia,Heun,0.10000000000000001,,,
7.3000000000000007,0.00068445717740028302,0.00067553877519384374,8.9184022064392812e-06,8.9184022064392812e-06,convergencia,Heun,0.10000000000000001,,,
7.4000000000000004,0.00061943374554725638,0.0006112527611295723,8.1809844176840806e-06,8.1809844176840806e-06,convergencia,Heun,0.10000000000000001,,,
7.5,0.00056058753972026726,0.00055308437014783363,7.5031695724336357e-06,7.5031695724336357e-06,convergencia,Heun,0.10000000000000001,,,
7.6000000000000005,0.00050733172344684158,0.0005004514334406104,6.880290006231176e-06,6.880290006231176e-06,convergencia,Heun,0.10000000000000001,,,
7.7000000000000002,0.00045913520971939176,0.00045282718288679695,6.3080268325948021e-06,6.3080268325948021e-06,convergencia,Heun,0.10000000000000001,,,
7.8000000000000007,0.00041551736479604934,0.00040973497897978643,5.7823858162629098e-06,5.7823858162629098e-06,convergencia,Heun,0.10000000000000001,,,
7.9000000000000004,0.00037604321514042479,0.00037074354045908822,5.2996746813365738e-06,5.2996746813365738e-06,convergencia,Heun,0.10000000000000001,,,
8,0.00034031910970208455,0.00033546262790251185,4.8564817995726999e-06,4.8564817995726999e-06,convergencia,Heun,0.10000000000000001,,,
8.0999999999999996,0.00030798879428038661,0.00030353913807886678,4.4496562015198366e-06,4.4496562015198366e-06,convergencia,Heun,0.10000000000000001,,,
8.2000000000000011,0.0002787298588237495,0.00027465356997214205,4.0762888516074477e-06,4.0762888516074477e-06,convergencia,Heun,0.10000000000000001,,,
8.3000000000000007,0.00025225052223549338,0.00024851682710795185,3.7336951275415329e-06,3.7336951275415329e-06,convergencia,Heun,0.10000000000000001,,,
8.4000000000000004,0.00022828672262312159,0.00022486732417884819,3.4193984442733999e-06,3.4193984442733999e-06,convergencia,Heun,0.10000000000000001,,,
8.5,0.00020659948397392511,0.00020346836901064417,3.1311149632809411e-06,3.1311149632809411e-06,convergencia,Heun,0.10000000000000001,,,
8.5999999999999996,0.00018697253299640229,0.00018410579366757919,2.8667393288230936e-06,2.8667393288230936e-06,convergencia,Heun,0.10000000000000001,,,
8.7000000000000011,0.00016921014236174383,0.00016658581098763324,2.6243313741105862e-06,2.6243313741105862e-06,convergencia,Heun,0.10000000000000001,,,
8.8000000000000007,0.00015313517883737822,0.0001507330750954765,2.402103741901715e-06,2.402103741901715e-06,convergencia,Heun,0.10000000000000001,,,
8.9000000000000004,0.00013858733684782735,0.0001363889264820114,2.1984103658159487e-06,2.1984103658159487e-06,convergencia,Heun,0.10000000000000001,,,
9,0.00012542153984728378,0.00012340980408667956,2.0117357606042215e-06,2.0117357606042215e-06,convergencia,Heun,0.10000000000000001,,,
9.0999999999999996,0.00011350649356179187,0.00011166580849011478,1.8406850716770899e-06,1.8406850716770899e-06,convergencia,Heun,0.10000000000000001,,,
9.2000000000000011,0.0001027233766734215,0.00010103940183709324,1.683974836328255e-06,1.683974836328255e-06,convergencia,Heun,0.10000000000000001,,,
9.3000000000000007,9.2964655889446487e-05,9.142423147817327e-05,1.5404244112732175e-06,1.5404244112732175e-06,convergencia,Heun,0.10000000000000001,,,
9.4000000000000004,8.4133013579949098e-05,8.2724065556632228e-05,1.4089480233168695e-06,1.4089480233168695e-06,convergencia,Heun,0.10000000000000001,,,
9.5,7.6140377289853967e-05,7.4851829887700598e-05,1.2885474021533691e-06,1.2885474021533691e-06,convergencia,Heun,0.10000000000000001,,,
9.6000000000000014,6.8907041447317742e-05,6.7728736490853776e-05,1.1783049564639657e-06,1.1783049564639657e-06,convergencia,Heun,0.10000000000000001,,,
9.7000000000000011,6.2360872509822576e-05,6.1283495053222024e-05,1.0773774566005519e-06,1.0773774566005519e-06,convergencia,Heun,0.10000000000000001,,,
9.8000000000000007,5.6436589621389453e-05,5.5451599432176945e-05,9.8499018921250763e-07,9.8499018921250763e-07,convergencia,Heun,0.10000000000000001,,,
9.9000000000000004,5.1075113607357471e-05,5.0174682056175283e-05,9.0043155118218798e-07,9.0043155118218798e-07,convergencia,Heun,0.10000000000000001,,,
10,4.6222977814658526e-05,4.5399929762484854e-05,8.2304805217367206e-07,8.2304805217367206e-07,convergencia,Heun,0.10000000000000001,,,
0,1,1,0,0,convergencia,Heun,0.050000000000000003,,,
0.050000000000000003,0.95125000000000004,0.95122942450071402,2.057549928602409e-05,2.057549928602409e-05,convergencia,Heun,0.050000000000000003,,,
0.10000000000000001,0.90487656250000004,0.90483741803595952,3.9144464040519189e-05,3.9144464040519189e-05,convergencia,Heun,0.050000000000000003,,,
0.15000000000000002,0.86076383007812507,0.86070797642505781,5.5853653067261533e-05,5.5853653067261533e-05,convergencia,Heun,0.050000000000000003,,,
0.20000000000000001,0.81880159336181646,0.81873075307798182,7.0840283834638917e-05,7.0840283834638917e-05,convergencia,Heun,0.050000000000000003,,,
0.25,0.77888501568542789,0.77880078307140488,8.4232614023016517e-05,8.4232614023016517e-05,convergencia,Heun,0.050000000000000003,,,
0.30000000000000004,0.74091437117076331,0.74081822068171788,9.615048904543233e-05,9.615048904543233e-05,convergencia,Heun,0.050000000000000003,,,
0.35000000000000003,0.70479479557618863,0.70468808971871344,0.00010670585747518668,0.00010670585747518668,convergencia,Heun,0.050000000000000003,,,
0.40000000000000002,0.67043604929184941,0.67032004603563933,0.00011600325621008434,0.00011600325621008434,convergencia,Heun,0.050000000000000003,,,
0.45000000000000001,0.63775229188887173,0.63762815162177333,0.00012414026709839376,0.00012414026709839376,convergencia,Heun,0.050000000000000003,,,
0.5,0.6066618676592892,0.60653065971263342,0.00013120794665577584,0.00013120794665577584,convergencia,Heun,0.050000000000000003,,,
0.55000000000000004,0.57708710161089882,0.57694981038048665,0.00013729123041217317,0.00013729123041217317,convergencia,Heun,0.050000000000000003,,,
0.60000000000000009,0.54895410540736744,0.54881163609402639,0.00014246931334105373,0.00014246931334105373,convergencia,Heun,0.050000000000000003,,,
0.65000000000000002,0.52219259276875829,0.52204577676101604,0.00014681600774224535,0.00014681600774224535,convergencia,Heun,0.050000000000000003,,,
0.70000000000000007,0.4967357038712813,0.49658530379140947,0.00015040007987182635,0.00015040007987182635,convergencia,Heun,0.050000000000000003,,,
0.75,0.47251983830755639,0.47236655274101469,0.00015328556654170544,0.00015328556654170544,convergencia,Heun,0.050000000000000003,,,
0.80000000000000004,0.44948449619006298,0.44932896411722156,0.00015553207284141335,0.00015553207284141335,convergencia,Heun,0.050000000000000003,,,
0.85000000000000009,0.42757212700079739,0.42741493194872665,0.00015719505207073547,0.00015719505207073547,convergencia,Heun,0.050000000000000003,,,
0.90000000000000002,0.40672798580950853,0.40656965974059911,0.00015832606890942014,0.00015832606890942014,convergencia,Heun,0.050000000000000003,,,
0.95000000000000007,0.38689999650129497,0.38674102345450118,0.00015897304679379776,0.00015897304679379776,convergencia,Heun,0.050000000000000003,,,
1,0.36803862167185686,0.36787944117144233,0.00015918050041452414,0.00015918050041452414,convergencia,Heun,0.050000000000000003,,,
1.05,0.35009673886535381,0.34993774911115533,0.00015898975419847972,0.00015898975419847972,convergencia,Heun,0.050000000000000003,,,
1.1000000000000001,0.33302952284566778,0.33287108369807955,0.00015843914758822963,0.00015843914758822963,convergencia,Heun,0.050000000000000003,,,
1.1500000000000001,0.31679433360694148,0.31663676937905316,0.00015756422788831825,0.00015756422788831825,convergencia,Heun,0.050000000000000003,,,
1.2000000000000002,0.30135060984360307,0.30119421191220203,0.00015639793140104219,0.00015639793140104219,convergencia,Heun,0.050000000000000003,,,
1.25,0.28665976761372747,0.28650479686019009,0.00015497075353737566,0.00015497075353737566,convergencia,Heun,0.050000000000000003,,,
1.3,0.27268510394255824,0.27253179303401259,0.00015331090854564522,0.00015331090854564522,convergencia,Heun,0.050000000000000003,,,
1.3500000000000001,0.25939170512535853,0.25924026064589151,0.00015144447946702222,0.00015144447946702222,convergencia,Heun,0.050000000000000003,,,
1.4000000000000001,0.24674635950049728,0.24659696394160643,0.00014939555889084688,0.00014939555889084688,convergencia,Heun,0.050000000000000003,,,
1.4500000000000002,0.23471747447484803,0.23457028809379762,0.00014718638105040704,0.00014718638105040704,convergencia,Heun,0.050000000000000003,,,
1.5,0.22327499759419922,0.22313016014842982,0.00014483744576940238,0.00014483744576940238,convergencia,Heun,0.050000000000000003,,,
1.55,0.212390341461482,0.21224797382674304,0.00014236763473896019,0.00014236763473896019,convergencia,Heun,0.050000000000000003,,,
1.6000000000000001,0.20203631231523475,0.20189651799465538,0.00013979432057936725,0.00013979432057936725,convergencia,Heun,0.050000000000000003,,,
1.6500000000000001,0.19218704208986706,0.19204990862075408,0.00013713346911298219,0.00013713346911298219,convergencia,Heun,0.050000000000000003,,,
1.7000000000000002,0.18281792378798603,0.18268352405273461,0.00013439973525142257,0.00013439973525142257,convergencia,Heun,0.050000000000000003,,,
1.75,0.17390555000332175,0.17377394345044514,0.00013160655287661194,0.00013160655287661194,convergencia,Heun,0.050000000000000003,,,
1.8,0.16542765444065982,0.16529888822158653,0.00012876621907328967,0.00012876621907328967,convergencia,Heun,0.050000000000000003,,,
1.8500000000000001,0.15736305628667765,0.15723716631362761,0.00012588997305004734,0.00012588997305004734,convergencia,Heun,0.050000000000000003,,,
1.9000000000000001,0.14969160729270212,0.14956861922263504,0.00012298807006708157,0.00012298807006708157,convergencia,Heun,0.050000000000000003,,,
1.9500000000000002,0.14239414143718288,0.14227407158651353,0.00012006985066934095,0.00012006985066934095,convergencia,Heun,0.050000000000000003,,,
2,0.13545242704212024,0.1353352832366127,0.00011714380550753578,0.00011714380550753578,convergencia,Heun,0.050000000000000003,,,
2.0500000000000003,0.12884912122381684,0.12873490358780418,0.000114217636012659,0.000114217636012659,convergencia,Heun,0.050000000000000003,,,
2.1000000000000001,0.12256772656415579,0.12245642825298191,0.000111298311173888,0.000111298311173888,convergencia,Heun,0.050000000000000003,,,
2.1499999999999999,0.11659254989415321,0.11648415777349697,0.0001083921206562477,0.0001083921206562477,convergencia,Heun,0.050000000000000003,,,
2.2000000000000002,0.11090866308681321,0.11080315836233387,0.00010550472447934389,0.00010550472447934389,convergencia,Heun,0.050000000000000003,,,
2.25,0.10550186576133108,0.10539922456186433,0.00010264119946674921,0.00010264119946674921,convergencia,Heun,0.050000000000000003,,,
2.3000000000000003,0.10035864980546616,0.10025884372280371,9.9806082662454165e-05,9.9806082662454165e-05,convergencia,Heun,0.050000000000000003,,,
2.3500000000000001,0.095466165627449695,0.095369162215549613,9.7003411900081771e-05,9.7003411900081771e-05,convergencia,Heun,0.050000000000000003,,,
2.4000000000000004,0.090812190053111502,0.09071795328941247,9.4236763699032111e-05,9.4236763699032111e-05,convergencia,Heun,0.050000000000000003,,,
2.4500000000000002,0.086385095788022337,0.086293586499370495,9.1509288651842047e-05,9.1509288651842047e-05,convergencia,Heun,0.050000000000000003,,,
2.5,0.08217382236835627,0.0820849986238988,8.8823744457469656e-05,8.8823744457469656e-05,convergencia,Heun,0.050000000000000003,,,
2.5500000000000003,0.078167848527898875,0.078081666001153127,8.6182526745748333e-05,8.6182526745748333e-05,convergencia,Heun,0.050000000000000003,,,
2.6000000000000001,0.07435716591216382,0.074273578214333877,8.3587697829942686e-05,8.3587697829942686e-05,convergencia,Heun,0.050000000000000003,,,
2.6500000000000004,0.070732254073945816,0.070651213060429569,8.1041013516247595e-05,8.1041013516247595e-05,convergencia,Heun,0.050000000000000003,,,
2.7000000000000002,0.067284056687840973,0.067205512739749756,7.8543948091217008e-05,7.8543948091217008e-05,convergencia,Heun,0.050000000000000003,,,
2.75,0.06400395892430874,0.06392786120670757,7.6097717601170123e-05,7.6097717601170123e-05,convergencia,Heun,0.050000000000000003,,,
2.8000000000000003,0.06088376592674867,0.060810062625217952,7.3703301530718413e-05,7.3703301530718413e-05,convergencia,Heun,0.050000000000000003,,,
2.8500000000000001,0.057915682337819685,0.057844320874838456,7.1361462981228696e-05,7.1361462981228696e-05,convergencia,Heun,0.050000000000000003,,,
2.9000000000000004,0.055092292823850961,0.05502322005640721,6.9072767443750793e-05,6.9072767443750793e-05,convergencia,Heun,0.050000000000000003,,,
2.9500000000000002,0.052406543548688234,0.052339705948432381,6.6837600255852114e-05,6.6837600255852114e-05,convergencia,Heun,0.050000000000000003,,,
3,0.049851724550689688,0.049787068367863944,6.4656182825743869e-05,6.4656182825743869e-05,convergencia,Heun,0.050000000000000003,,,
3.0500000000000003,0.047421452978843551,0.047358924391140908,6.2528587702642691e-05,6.2528587702642691e-05,convergencia,Heun,0.050000000000000003,,,
3.1000000000000001,0.045109657146124936,0.045049202393557801,6.0454752567135062e-05,6.0454752567135062e-05,convergencia,Heun,0.050000000000000003,,,
3.1500000000000004,0.042910561360251336,0.042852126867040166,5.8434493211169392e-05,5.8434493211169392e-05,convergencia,Heun,0.050000000000000003,,,
3.2000000000000002,0.040818671493939092,0.040762203978366211,5.6467515572880544e-05,5.6467515572880544e-05,convergencia,Heun,0.050000000000000003,,,
3.25,0.038828761258609568,0.038774207831722009,5.4553426887558876e-05,5.4553426887558876e-05,convergencia,Heun,0.050000000000000003,,,
3.3000000000000003,0.036935859147252344,0.036883167401239994,5.2691746012349661e-05,5.2691746012349661e-05,convergencia,Heun,0.050000000000000003,,,
3.3500000000000001,0.035135236013823797,0.035084354100845025,5.0881912978771593e-05,5.0881912978771593e-05,convergencia,Heun,0.050000000000000003,,,
3.4000000000000004,0.033422393258149878,0.033373269960326066,4.9123297823812362e-05,4.9123297823812362e-05,convergencia,Heun,0.050000000000000003,,,
3.4500000000000002,0.031793051586815078,0.031745636378067939,4.741520874713967e-05,4.741520874713967e-05,convergencia,Heun,0.050000000000000003,,,
3.5,0.030243140321957847,0.030197383422318501,4.5756899639346621e-05,4.5756899639346621e-05,convergencia,Heun,0.050000000000000003,,,
3.5500000000000003,0.028768787231262395,0.028724639654239423,4.4147577022972395e-05,4.4147577022972395e-05,convergencia,Heun,0.050000000000000003,,,
3.6000000000000001,0.027366308853738357,0.027323722447292559,4.2586406445797864e-05,4.2586406445797864e-05,convergencia,Heun,0.050000000000000003,,,
3.6500000000000004,0.026032201297118605,0.025991128778755333,4.1072518363272081e-05,4.1072518363272081e-05,convergencia,Heun,0.050000000000000003,,,
3.7000000000000002,0.024763131483884079,0.024723526470339388,3.9605013544691259e-05,3.9605013544691259e-05,convergencia,Heun,0.050000000000000003,,,
3.75,0.023555928824044736,0.023517745856009107,3.8182968035628539e-05,3.8182968035628539e-05,convergencia,Heun,0.050000000000000003,,,
3.8000000000000003,0.022407577293872549,0.022370771856165591,3.6805437706958349e-05,3.6805437706958349e-05,convergencia,Heun,0.050000000000000003,,,
3.8500000000000001,0.021315207900796267,0.021279736438377168,3.5471462419098265e-05,3.5471462419098265e-05,convergencia,Heun,0.050000000000000003,,,
3.9000000000000004,0.020276091515632443,0.020241911445804381,3.418006982806171e-05,3.418006982806171e-05,convergencia,Heun,0.050000000000000003,,,
3.9500000000000002,0.019287632054245364,0.01925470177538692,3.293027885844374e-05,3.293027885844374e-05,convergencia,Heun,0.050000000000000003,,,
4,0.018347359991600906,0.018315638888734179,3.1721102866727469e-05,3.1721102866727469e-05,convergencia,Heun,0.050000000000000003,,,
4.0499999999999998,0.017452926192010366,0.017422374639493515,3.0551552516851904e-05,3.0551552516851904e-05,convergencia,Heun,0.050000000000000003,,,
4.1000000000000005,0.016602096040149849,0.016572675401761237,2.9420638388611559e-05,2.9420638388611559e-05,convergencia,Heun,0.050000000000000003,,,
4.1500000000000004,0.015792743858192546,0.015764416484854486,2.8327373338059986e-05,2.8327373338059986e-05,convergencia,Heun,0.050000000000000003,,,
4.2000000000000002,0.015022847595105662,0.014995576820477703,2.7270774627958377e-05,2.7270774627958377e-05,convergencia,Heun,0.050000000000000003,,,
4.25,0.014290483774844263,0.014264233908999256,2.6249865845007561e-05,2.6249865845007561e-05,convergencia,Heun,0.050000000000000003,,,
4.2999999999999998,0.013593822690820608,0.013568559012200934,2.5263678619673671e-05,2.5263678619673671e-05,convergencia,Heun,0.050000000000000003,,,
4.3500000000000005,0.012931123834643093,0.012906812580479862,2.4311254163231211e-05,2.4311254163231211e-05,convergencia,Heun,0.050000000000000003,,,
4.4000000000000004,0.012300731547704245,0.012277339903068436,2.3391644635809353e-05,2.3391644635809353e-05,convergencia,Heun,0.050000000000000003,,,
4.4500000000000002,0.011701070884753665,0.011678566970395442,2.2503914358222923e-05,2.2503914358222923e-05,convergencia,Heun,0.050000000000000003,,,
4.5,0.011130643679121926,0.011108996538242306,2.1647140879620108e-05,2.1647140879620108e-05,convergencia,Heun,0.050000000000000003,,,
4.5499999999999998,0.010588024799764735,0.010567204383852655,2.0820415912080337e-05,2.0820415912080337e-05,convergencia,Heun,0.050000000000000003,,,
4.6000000000000005,0.010071858590776197,0.010051835744633576,2.0022846142620995e-05,2.0022846142620995e-05,convergencia,Heun,0.050000000000000003,,,
4.6500000000000004,0.009580855484475858,0.0095616019305435045,1.9253553932353437e-05,1.9253553932353437e-05,convergencia,Heun,0.050000000000000003,,,
4.7000000000000002,0.0091137887796076608,0.0090952771016958155,1.8511677911845284e-05,1.8511677911845284e-05,convergencia,Heun,0.050000000000000003,,,
4.75,0.0086694915766017885,0.0086516952031206341,1.7796373481154468e-05,1.7796373481154468e-05,convergencia,Heun,0.050000000000000003,,,
4.8000000000000007,0.008246853862242446,0.0082297470490200232,1.7106813222422801e-05,1.7106813222422801e-05,convergencia,Heun,0.050000000000000003,,,
4.8500000000000005,0.0078448197364581283,0.0078283775492257665,1.6442187232361752e-05,1.6442187232361752e-05,convergencia,Heun,0.050000000000000003,,,
4.9000000000000004,0.0074623847743057956,0.0074465830709243381,1.5801703381457428e-05,1.5801703381457428e-05,convergencia,Heun,0.050000000000000003,,,
4.9500000000000002,0.0070985935165583892,0.0070834089290521185,1.5184587506270747e-05,1.5184587506270747e-05,convergencia,Heun,0.050000000000000003,,,
5,0.0067525370826261692,0.006737946999085467,1.4590083540702223e-05,1.4590083540702223e-05,convergencia,Heun,0.050000000000000003,,,
5.0500000000000007,0.0064233508998481391,0.006409333446256377,1.401745359176209e-05,1.401745359176209e-05,convergencia,Heun,0.050000000000000003,,,
5.1000000000000005,0.0061102125434805438,0.0060967465655156327,1.3465977964911141e-05,1.3465977964911141e-05,convergencia,Heun,0.050000000000000003,,,
5.1500000000000004,0.0058123396819858685,0.0057994047268421414,1.2934955143727167e-05,1.2934955143727167e-05,convergencia,Heun,0.050000000000000003,,,
5.2000000000000002,0.0055289881224890583,0.0055165644207607716,1.2423701728286711e-05,1.2423701728286711e-05,convergencia,Heun,0.050000000000000003,,,
5.25,0.0052594499515177173,0.0052475183991813846,1.1931552336332668e-05,1.1931552336332668e-05,convergencia,Heun,0.050000000000000003,,,
5.3000000000000007,0.0050030517663812247,0.0049915939069102126,1.1457859471012029e-05,1.1457859471012029e-05,convergencia,Heun,0.050000000000000003,,,
5.3500000000000005,0.0047591529927701404,0.0047481509994114733,1.1001993358667091e-05,1.1001993358667091e-05,convergencia,Heun,0.050000000000000003,,,
5.4000000000000004,0.004527144284372597,0.0045165809426126659,1.0563341759931011e-05,1.0563341759931011e-05,convergencia,Heun,0.050000000000000003,,,
5.4500000000000002,0.0043064460005094339,0.0042963046907523398,1.0141309757094076e-05,1.0141309757094076e-05,convergencia,Heun,0.050000000000000003,,,
5.5,0.0040965067579845993,0.0040867714384640666,9.7353195205327273e-06,9.7353195205327273e-06,convergencia,Heun,0.050000000000000003,,,
5.5500000000000007,0.0038968020535328474,0.0038874572434761268,9.344810056720592e-06,9.344810056720592e-06,convergencia,Heun,0.050000000000000003,,,
5.6000000000000005,0.0037068329534231219,0.003697863716482929,8.9692369401928908e-06,8.9692369401928908e-06,convergencia,Heun,0.050000000000000003,,,
5.6500000000000004,0.0035261248469437454,0.0035175167749121284,8.608072031617009e-06,8.608072031617009e-06,convergencia,Heun,0.050000000000000003,,,
5.7000000000000002,0.0033542262606552384,0.003345965457471272,8.2608031839663358e-06,8.2608031839663358e-06,convergencia,Heun,0.050000000000000003,,,
5.75,0.0031907077304482961,0.0031827807965096669,7.9269339386292374e-06,7.9269339386292374e-06,convergencia,Heun,0.050000000000000003,,,
5.8000000000000007,0.0030351607285889395,0.0030275547453758127,7.6059832131267387e-06,7.6059832131267387e-06,convergencia,Heun,0.050000000000000003,,,
5.8500000000000005,0.0028871966430702293,0.0028798991580882404,7.2974849819888894e-06,7.2974849819888894e-06,convergencia,Heun,0.050000000000000003,,,
5.9000000000000004,0.0027464458067205559,0.0027394448187683684,7.0009879521875686e-06,7.0009879521875686e-06,convergencia,Heun,0.050000000000000003,,,
5.9500000000000002,0.0026125565736429294,0.0026058405184084983,6.716055234431105e-06,6.716055234431105e-06,convergencia,Heun,0.050000000000000003,,,
6,0.0024851944406778371,0.0024787521766663585,6.4422640114786441e-06,6.4422640114786441e-06,convergencia,Heun,0.050000000000000003,,,
6.0500000000000007,0.0023640412116947909,0.0023578620064902307,6.1792052045601953e-06,6.1792052045601953e-06,convergencia,Heun,0.050000000000000003,,,
6.1000000000000005,0.0022487942026246702,0.0022428677194858012,5.9264831388690375e-06,5.9264831388690375e-06,convergencia,Heun,0.050000000000000003,,,
6.1500000000000004,0.002139165485246718,0.0021334817700377081,5.6837152090098882e-06,5.6837152090098882e-06,convergencia,Heun,0.050000000000000003,,,
6.2000000000000002,0.0020348811678409409,0.002029430636295734,5.4505315452068812e-06,5.4505315452068812e-06,convergencia,Heun,0.050000000000000003,,,
6.25,0.0019356807109086954,0.0019304541362277093,5.2265746809860604e-06,5.2265746809860604e-06,convergencia,Heun,0.050000000000000003,,,
6.3000000000000007,0.0018413162762518952,0.0018363047770289056,5.0114992229896311e-06,5.0114992229896311e-06,convergencia,Heun,0.050000000000000003,,,
6.3500000000000005,0.0017515521077846156,0.0017467471362611182,4.804971523497464e-06,4.804971523497464e-06,convergencia,Heun,0.050000000000000003,,,
6.4000000000000004,0.0016661639425301158,0.0016615572731739339,4.6066693561819076e-06,4.6066693561819076e-06,convergencia,Heun,0.050000000000000003,,,
6.4500000000000002,0.0015849384503317729,0.0015805221687362171,4.4162815955558262e-06,4.4162815955558262e-06,convergencia,Heun,0.050000000000000003,,,
6.5,0.0015076727008780993,0.0015034391929775724,4.2335079005269456e-06,4.2335079005269456e-06,convergencia,Heun,0.050000000000000003,,,
6.5500000000000007,0.0014341736567102909,0.0014301155983078731,4.0580584024178107e-06,4.0580584024178107e-06,convergencia,Heun,0.050000000000000003,,,
6.6000000000000005,0.0013642576909456644,0.0013603680375478928,3.889653397771628e-06,3.889653397771628e-06,convergencia,Heun,0.050000000000000003,,,
6.6500000000000004,0.0012977501285120635,0.001294022105465848,3.7280230462154781e-06,3.7280230462154781e-06,convergencia,Heun,0.050000000000000003,,,
6.7000000000000002,0.0012344848097471006,0.001230911902673481,3.5729070736196383e-06,3.5729070736196383e-06,convergencia,Heun,0.050000000000000003,,,
6.75,0.0011743036752719298,0.0011708796207911744,3.4240544807553289e-06,3.4240544807553289e-06,convergencia,Heun,0.050000000000000003,,,
6.8000000000000007,0.0011170563711024224,0.0011137751478448024,3.2812232576200171e-06,3.2812232576200171e-06,convergencia,Heun,0.050000000000000003,,,
6.8500000000000005,0.0010625998730111794,0.0010594556929076091,3.1441801035703588e-06,3.1441801035703588e-06,convergencia,Heun,0.050000000000000003,,,
6.9000000000000004,0.0010107981292018847,0.0010077854290485105,3.0127001533742336e-06,3.0127001533742336e-06,convergencia,Heun,0.050000000000000003,,,
6.9500000000000002,0.00096152172040329302,0.00095863515369401986,2.8865667092731629e-06,2.8865667092731629e-06,convergencia,Heun,0.050000000000000003,,,
7,0.00091464753653363261,0.00091188196555451624,2.7655709791163689e-06,2.7655709791163689e-06,convergencia,Heun,0.050000000000000003,,,
7.0500000000000007,0.00087005846912761745,0.00086740895730700175,2.6495118206156963e-06,2.6495118206156963e-06,convergencia,Heun,0.050000000000000003,,,
7.1000000000000005,0.00082764311875764627,0.00082510492326590384,2.5381954917424315e-06,2.5381954917424315e-06,convergencia,Heun,0.050000000000000003,,,
7.1500000000000004,0.00078729551671821111,0.00078486408131093165,2.4314354072794628e-06,2.4314354072794628e-06,convergencia,Heun,0.050000000000000003,,,
7.2000000000000002,0.00074891486027819844,0.0007465858083766792,2.3290519015192399e-06,2.3290519015192399e-06,convergencia,Heun,0.050000000000000003,,,
7.25,0.0007124052608396364,0.00071017438884254903,2.2308719970873681e-06,2.2308719970873681e-06,convergencia,Heun,0.050000000000000003,,,
7.3000000000000007,0.00067767550437370359,0.00067553877519384374,2.1367291798598522e-06,2.1367291798598522e-06,convergencia,Heun,0.050000000000000003,,,
7.3500000000000005,0.00064463882353548569,0.00064259236035555734,2.0464631799283449e-06,2.0464631799283449e-06,convergencia,Heun,0.050000000000000003,,,
7.4000000000000004,0.00061321268088813084,0.0006112527611295723,1.9599197585585398e-06,1.9599197585585398e-06,convergencia,Heun,0.050000000000000003,,,
7.4500000000000002,0.00058331856269483462,0.00058144161219375557,1.8769505010790425e-06,1.8769505010790425e-06,convergencia,Heun,0.050000000000000003,,,
7.5,0.00055488178276346149,0.00055308437014783363,1.7974126156278594e-06,1.7974126156278594e-06,convergencia,Heun,0.050000000000000003,,,
7.5500000000000007,0.00052783129585374231,0.00052611012711606322,1.7211687376790952e-06,1.7211687376790952e-06,convergencia,Heun,0.050000000000000003,,,
7.6000000000000005,0.00050209952018087243,0.0005004514334406104,1.6480867402620357e-06,1.6480867402620357e-06,convergencia,Heun,0.050000000000000003,,,
7.6500000000000004,0.000477622168572055,0.00047604412902226933,1.5780395497856647e-06,1.5780395497856647e-06,convergencia,Heun,0.050000000000000003,,,
7.7000000000000002,0.00045433808785416739,0.00045282718288679695,1.5109049673704407e-06,1.5109049673704407e-06,convergencia,Heun,0.050000000000000003,,,
7.75,0.00043218910607127679,0.00043074254057568753,1.4465654955892653e-06,1.4465654955892653e-06,convergencia,Heun,0.050000000000000003,,,
7.8000000000000007,0.00041111988715030178,0.00040973497897978643,1.3849081705153516e-06,1.3849081705153516e-06,convergencia,Heun,0.050000000000000003,,,
7.8500000000000005,0.00039107779265172462,0.00038975196825275448,1.3258243989701423e-06,1.3258243989701423e-06,convergencia,Heun,0.050000000000000003,,,
7.9000000000000004,0.00037201275025995314,0.00037074354045908822,1.2692098008649177e-06,1.2692098008649177e-06,convergencia,Heun,0.050000000000000003,,,
7.9500000000000002,0.0003538771286847805,0.00035266216462825575,1.2149640565247474e-06,1.2149640565247474e-06,convergencia,Heun,0.050000000000000003,,,
8,0.00033662561866139751,0.00033546262790251185,1.1629907588856588e-06,1.1629907588856588e-06,convergencia,Heun,0.050000000000000003,,,
8.0500000000000007,0.00032021511975165417,0.00031910192248120326,1.1131972704509115e-06,1.1131972704509115e-06,convergencia,Heun,0.050000000000000003,,,
8.0999999999999996,0.00030460463266376137,0.00030353913807886678,1.0654945848945956e-06,1.0654945848945956e-06,convergencia,Heun,0.050000000000000003,,,
8.1500000000000004,0.00028975515682140281,0.00028873535962820301,1.0197971931997975e-06,1.0197971931997975e-06,convergencia,Heun,0.050000000000000003,,,
8.2000000000000011,0.00027562959292635922,0.00027465356997214205,9.7602295421716622e-07,9.7602295421716622e-07,convergencia,Heun,0.050000000000000003,,,
8.25,0.00026219265027119948,0.00026125855730166754,9.3409296953193615e-07,9.3409296953193615e-07,convergencia,Heun,0.050000000000000003,,,
8.3000000000000007,0.00024941075857047834,0.00024851682710795185,8.9393146252648775e-07,8.9393146252648775e-07,convergencia,Heun,0.050000000000000003,,,
8.3499999999999996,0.00023725198409016776,0.00023639651842864072,8.5546566152704291e-07,8.5546566152704291e-07,convergencia,Heun,0.050000000000000003,,,
8.4000000000000004,0.00022568594986577191,0.00022486732417884819,8.1862568692371769e-07,8.1862568692371769e-07,convergencia,Heun,0.050000000000000003,,,
8.4500000000000011,0.00021468375980981537,0.00021390041536766111,7.8334444215426486e-07,7.8334444215426486e-07,convergencia,Heun,0.050000000000000003,,,
8.5,0.00020421792651908709,0.00020346836901064417,7.495575084429237e-07,7.495575084429237e-07,convergencia,Heun,0.050000000000000003,,,
8.5500000000000007,0.00019426230260128147,0.00019354509955809383,7.1720304318763708e-07,7.1720304318763708e-07,convergencia,Heun,0.050000000000000003,,,
8.5999999999999996,0.0001847920153494692,0.00018410579366757919,6.8622168189000766e-07,6.8622168189000766e-07,convergencia,Heun,0.050000000000000003,,,
8.6500000000000004,0.00017578340460118247,0.00017512684815765842,6.5655644352404516e-07,6.5655644352404516e-07,convergencia,Heun,0.050000000000000003,,,
8.7000000000000011,0.00016721396362687471,0.00016658581098763324,6.2815263924146454e-07,6.2815263924146454e-07,convergencia,Heun,0.050000000000000003,,,
8.75,0.00015906228290006472,0.00015846132511575126,6.0095778431346319e-07,6.0095778431346319e-07,convergencia,Heun,0.050000000000000003,,,
8.8000000000000007,0.00015130799660868647,0.0001507330750954765,5.7492151320996231e-07,5.7492151320996231e-07,convergencia,Heun,0.050000000000000003,,,
8.8499999999999996,0.00014393173177401316,0.00014338173627629318,5.4999549771998129e-07,5.4999549771998129e-07,convergencia,Heun,0.050000000000000003,,,
8.9000000000000004,0.00013691505985002992,0.0001363889264820114,5.2613336801852107e-07,5.2613336801852107e-07,convergencia,Heun,0.050000000000000003,,,
8.9500000000000011,0.00013024045068234087,0.0001297371600457538,5.0329063658706777e-07,5.0329063658706777e-07,convergencia,Heun,0.050000000000000003,,,
9,0.00012389122871157688,0.00012340980408667956,4.81424624897321e-07,4.81424624897321e-07,convergencia,Heun,0.050000000000000003,,,
9.0500000000000007,0.00011785153131188742,0.00011739103691911796,4.6049439276945919e-07,4.6049439276945919e-07,convergencia,Heun,0.050000000000000003,,,
9.0999999999999996,0.00011210626916043304,0.00011166580849011478,4.4046067031826004e-07,4.4046067031826004e-07,convergencia,Heun,0.050000000000000003,,,
9.1500000000000004,0.00010664108853886185,0.00010621980274645875,4.2128579240310448e-07,4.2128579240310448e-07,convergencia,Heun,0.050000000000000003,,,
9.2000000000000011,0.00010144233547259227,0.00010103940183709324,4.0293363549903129e-07,4.0293363549903129e-07,convergencia,Heun,0.050000000000000003,,,
9.25,9.6497021618303496e-05,9.6111652061394695e-05,3.8536955690880097e-07,3.8536955690880097e-07,convergencia,Heun,0.050000000000000003,,,
9.3000000000000007,9.1792791814411135e-05,9.142423147817327e-05,3.6856033623786576e-07,3.6856033623786576e-07,convergencia,Heun,0.050000000000000003,,,
9.3499999999999996,8.7317893213458686e-05,8.6965419094402918e-05,3.5247411905576891e-07,3.5247411905576891e-07,convergencia,Heun,0.050000000000000003,,,
9.4000000000000004,8.3061145919302516e-05,8.2724065556632228e-05,3.3708036267028792e-07,3.3708036267028792e-07,convergencia,Heun,0.050000000000000003,,,
9.4500000000000011,7.9011915055736458e-05,7.868956527179456e-05,3.2234978394189739e-07,3.2234978394189739e-07,convergencia,Heun,0.050000000000000003,,,
9.5,7.5160084196769381e-05,7.4851829887700598e-05,3.0825430906878271e-07,3.0825430906878271e-07,convergencia,Heun,0.050000000000000003,,,
9.5500000000000007,7.1496030092176819e-05,7.1201263066902732e-05,2.9476702527408657e-07,2.9476702527408657e-07,convergencia,Heun,0.050000000000000003,,,
9.6000000000000014,6.801059862518315e-05,6.7728736490853776e-05,2.8186213432937371e-07,2.8186213432937371e-07,convergencia,Heun,0.050000000000000003,,,
9.6500000000000004,6.4695081942205547e-05,6.4425567034355417e-05,2.6951490785012938e-07,2.6951490785012938e-07,convergencia,Heun,0.050000000000000003,,,
9.7000000000000011,6.1541196697522988e-05,6.1283495053222024e-05,2.5770164430096321e-07,2.5770164430096321e-07,convergencia,Heun,0.050000000000000003,,,
9.75,5.8541063358518804e-05,5.8294663730868811e-05,2.4639962764999308e-07,2.4639962764999308e-07,convergencia,Heun,0.050000000000000003,,,
9.8000000000000007,5.568718651979097e-05,5.5451599432176945e-05,2.3558708761402453e-07,2.3558708761402453e-07,convergencia,Heun,0.050000000000000003,,,
9.8500000000000014,5.2972436176951125e-05,5.2747193015513757e-05,2.2524316143736816e-07,2.2524316143736816e-07,convergencia,Heun,0.050000000000000003,,,
9.9000000000000004,5.0390029913324812e-05,5.0174682056175283e-05,2.1534785714952899e-07,2.1534785714952899e-07,convergencia,Heun,0.050000000000000003,,,
9.9500000000000011,4.7933515955050192e-05,4.7727633936801882e-05,2.0588201824831004e-07,2.0588201824831004e-07,convergencia,Heun,0.050000000000000003,,,
10,4.5596757052241542e-05,4.5399929762484854e-05,1.9682728975668816e-07,1.9682728975668816e-07,convergencia,Heun,0.050000000000000003,,,
0,1,1,0,0,convergencia,Heun,0.025000000000000001,,,
0.025000000000000001,0.97531250000000003,0.97530991202833262,2.5879716674115372e-06,2.5879716674115372e-06,convergencia,Heun,0.025000000000000001,,,
0.050000000000000003,0.95123447265625005,0.95122942450071402,5.048155536035992e-06,5.048155536035992e-06,convergencia,Heun,0.025000000000000001,,,
0.075000000000000011,0.92775087161254888,0.92774348632855286,7.3852839960197869e-06,7.3852839960197869e-06,convergencia,Heun,0.025000000000000001,,,
0.10000000000000001,0.90484702196961408,0.90483741803595952,9.6039336545672427e-06,9.6039336545672427e-06,convergencia,Heun,0.025000000000000001,,,
0.125,0.88250861111473922,0.88249690258459546,1.1708530143761386e-05,1.1708530143761386e-05,convergencia,Heun,0.025000000000000001,,,
0.15000000000000002,0.86072167977784408,0.86070797642505781,1.3703352786276213e-05,1.3703352786276213e-05,convergencia,Heun,0.025000000000000001,,,
0.17500000000000002,0.83947261330832856,0.83945702076920736,1.5592539121200844e-05,1.5592539121200844e-05,convergencia,Heun,0.025000000000000001,,,
0.20000000000000001,0.81874813316727924,0.81873075307798182,1.7380089297414081e-05,1.7380089297414081e-05,convergencia,Heun,0.025000000000000001,,,
0.22500000000000001,0.79853528862971201,0.79851621875937706,1.9069870334953443e-05,1.9069870334953443e-05,convergencia,Heun,0.025000000000000001,,,
0.25,0.77882144869166603,0.77880078307140488,2.0665620261151041e-05,2.0665620261151041e-05,convergencia,Heun,0.025000000000000001,,,
0.27500000000000002,0.75959429417709046,0.75957212322496848,2.2170952121980392e-05,2.2170952121980392e-05,convergencia,Heun,0.025000000000000001,,,
0.30000000000000004,0.74084181003959348,0.74081822068171788,2.3589357875608563e-05,2.3589357875608563e-05,convergencia,Heun,0.025000000000000001,,,
0.32500000000000001,0.72255227785424103,0.72252735364207221,2.4924212168819793e-05,2.4924212168819793e-05,convergencia,Heun,0.025000000000000001,,,
0.35000000000000003,0.70471426849471441,0.70468808971871344,2.6178776000973514e-05,2.6178776000973514e-05,convergencia,Heun,0.025000000000000001,,,
0.375,0.68731663499125117,0.68728927879097224,2.7356200278938481e-05,2.7356200278938481e-05,convergencia,Heun,0.025000000000000001,,,
0.40000000000000002,0.67034850556490466,0.67032004603563933,2.845952926533446e-05,2.845952926533446e-05,convergencia,Heun,0.025000000000000001,,,
0.42500000000000004,0.65379927683377104,0.65376978512984729,2.9491703923745227e-05,2.9491703923745227e-05,convergencia,Heun,0.025000000000000001,,,
0.45000000000000001,0.63765860718693734,0.63762815162177333,3.0455565164011489e-05,3.0455565164011489e-05,convergencia,Heun,0.025000000000000001,,,
0.47500000000000003,0.62191641032200984,0.62188505646502001,3.135385698982418e-05,3.135385698982418e-05,convergencia,Heun,0.025000000000000001,,,
0.5,0.60656284894218526,0.60653065971263342,3.2189229551837784e-05,3.2189229551837784e-05,convergencia,Heun,0.025000000000000001,,,
0.52500000000000002,0.59158832860892507,0.59155536436681511,3.2964242109967401e-05,3.2964242109967401e-05,convergencia,Heun,0.025000000000000001,,,
0.55000000000000004,0.57698349174639219,0.57694981038048665,3.3681365905535721e-05,3.3681365905535721e-05,convergencia,Heun,0.025000000000000001,,,
0.57500000000000007,0.56273921179390307,0.56270486880695569,3.4342986947377696e-05,3.4342986947377696e-05,convergencia,Heun,0.025000000000000001,,,
0.60000000000000009,0.54884658750274107,0.54881163609402639,3.49514087146785e-05,3.49514087146785e-05,convergencia,Heun,0.025000000000000001,,,
0.625,0.53529693737376716,0.53526142851899028,3.5508854776877818e-05,3.5508854776877818e-05,convergencia,Heun,0.025000000000000001,,,
0.65000000000000002,0.52208179423235224,0.52204577676101604,3.6017471336191598e-05,3.6017471336191598e-05,convergencia,Heun,0.025000000000000001,,,
0.67500000000000004,0.50919289993724104,0.50915642060754918,3.6479329691863072e-05,3.6479329691863072e-05,convergencia,Heun,0.025000000000000001,,,
0.70000000000000007,0.49662220022004039,0.49658530379140947,3.6896428630917022e-05,3.6896428630917022e-05,convergencia,Heun,0.025000000000000001,,,
0.72500000000000009,0.48436183965210811,0.48432456895536241,3.7270696745694831e-05,3.7270696745694831e-05,convergencia,Heun,0.025000000000000001,,,
0.75,0.47240415673569675,0.47236655274101469,3.7603994682056108e-05,3.7603994682056108e-05,convergencia,Heun,0.025000000000000001,,,
0.77500000000000002,0.46074167911628422,0.46070378099896581,3.7898117318413416e-05,3.7898117318413416e-05,convergencia,Heun,0.025000000000000001,,,
0.80000000000000004,0.44936711891310094,0.44932896411722156,3.815479587937487e-05,3.815479587937487e-05,convergencia,Heun,0.025000000000000001,,,
0.82500000000000007,0.43827336816493373,0.43823499246494918,3.8375699984549705e-05,3.8375699984549705e-05,convergencia,Heun,0.025000000000000001,,,
0.85000000000000009,0.42745349438836194,0.42741493194872665,3.8562439635292378e-05,3.8562439635292378e-05,convergencia,Heun,0.025000000000000001,,,
0.875,0.41690073624564927,0.41686201967850839,3.8716567140884006e-05,3.8716567140884006e-05,convergencia,Heun,0.025000000000000001,,,
0.90000000000000002,0.40660849931958482,0.40656965974059911,3.8839578985705447e-05,3.8839578985705447e-05,convergencia,Heun,0.025000000000000001,,,
0.92500000000000004,0.39657035199263257,0.39653141907499284,3.89329176397335e-05,3.89329176397335e-05,convergencia,Heun,0.025000000000000001,,,
0.95000000000000007,0.38678002142781442,0.38674102345450118,3.8997973313248391e-05,3.8997973313248391e-05,convergencia,Heun,0.025000000000000001,,,
0.97500000000000009,0.37723138964881525,0.37719235356315689,3.9036085658361586e-05,3.9036085658361586e-05,convergencia,Heun,0.025000000000000001,,,
1,0.36791848971686014,0.36787944117144233,3.9048545417808e-05,3.9048545417808e-05,convergencia,Heun,0.025000000000000001,,,
1.0250000000000001,0.35883550200197512,0.35879646540595156,3.9036596023556136e-05,3.9036596023556136e-05,convergencia,Heun,0.025000000000000001,,,
1.05,0.3499767505463014,0.34993774911115533,3.9001435146068797e-05,3.9001435146068797e-05,convergencia,Heun,0.025000000000000001,,,
1.075,0.34133669951718959,0.34129775530099371,3.8944216195879733e-05,3.8944216195879733e-05,convergencia,Heun,0.025000000000000001,,,
1.1000000000000001,0.33290994974785892,0.33287108369807955,3.8866049779373579e-05,3.8866049779373579e-05,convergencia,Heun,0.025000000000000001,,,
1.125,0.32469123536345867,0.32465246735834974,3.8768005108935633e-05,3.8768005108935633e-05,convergencia,Heun,0.025000000000000001,,,
1.1500000000000001,0.31667542049042324,0.31663676937905316,3.8651111370080482e-05,3.8651111370080482e-05,convergencia,Heun,0.025000000000000001,,,
1.175,0.30885749604706597,0.30881897968801986,3.8516359046114612e-05,3.8516359046114612e-05,convergencia,Heun,0.025000000000000001,,,
1.2000000000000002,0.30123257661340397,0.30119421191220203,3.8364701201942797e-05,3.8364701201942797e-05,convergencia,Heun,0.025000000000000001,,,
1.2250000000000001,0.29379589737826056,0.29375770032353277,3.8197054727795443e-05,3.8197054727795443e-05,convergencia,Heun,0.025000000000000001,,,
1.25,0.2865428111617348,0.28650479686019009,3.8014301544708751e-05,3.8014301544708751e-05,convergencia,Heun,0.025000000000000001,,,
1.2750000000000001,0.27946878551117943,0.27943096822140728,3.7817289772146268e-05,3.7817289772146268e-05,convergencia,Heun,0.025000000000000001,,,
1.3,0.27256939986887219,0.27253179303401259,3.7606834859593707e-05,3.7606834859593707e-05,convergencia,Heun,0.025000000000000001,,,
1.3250000000000002,0.26584034280960939,0.26580295908892654,3.7383720682848676e-05,3.7383720682848676e-05,convergencia,Heun,0.025000000000000001,,,
1.3500000000000001,0.25927740934649718,0.25924026064589151,3.7148700605671436e-05,3.7148700605671436e-05,convergencia,Heun,0.025000000000000001,,,
1.375,0.25287649830325554,0.25283959580474646,3.6902498509072679e-05,3.6902498509072679e-05,convergencia,Heun,0.025000000000000001,,,
1.4000000000000001,0.2466336097513939,0.24659696394160643,3.6645809787461125e-05,3.6645809787461125e-05,convergencia,Heun,0.025000000000000001,,,
1.425,0.24054484251065639,0.24050846320834213,3.6379302314260009e-05,3.6379302314260009e-05,convergencia,Heun,0.025000000000000001,,,
1.4500000000000002,0.23460639171117453,0.23457028809379762,3.6103617376909147e-05,3.6103617376909147e-05,convergencia,Heun,0.025000000000000001,,,
1.4750000000000001,0.22881454641580493,0.22877872704522242,3.581937058250162e-05,3.581937058250162e-05,convergencia,Heun,0.025000000000000001,,,
1.5,0.22316568730116476,0.22313016014842982,3.5527152734943224e-05,3.5527152734943224e-05,convergencia,Heun,0.025000000000000001,,,
1.5250000000000001,0.21765628439591722,0.21762105686523284,3.5227530684384112e-05,3.5227530684384112e-05,convergencia,Heun,0.025000000000000001,,,
1.55,0.21228289487489305,0.21224797382674304,3.4921048150005074e-05,3.4921048150005074e-05,convergencia,Heun,0.025000000000000001,,,
1.5750000000000002,0.20704216090766911,0.20700755268115259,3.4608226516519291e-05,3.4608226516519291e-05,convergencia,Heun,0.025000000000000001,,,
1.6000000000000001,0.20193080756026105,0.20189651799465538,3.4289565605666317e-05,3.4289565605666317e-05,convergencia,Heun,0.025000000000000001,,,
1.625,0.19694564074861712,0.19691167520419406,3.3965544423059102e-05,3.3965544423059102e-05,convergencia,Heun,0.025000000000000001,,,
1.6500000000000001,0.1920835452426356,0.19204990862075408,3.3636621881522055e-05,3.3636621881522055e-05,convergencia,Heun,0.025000000000000001,,,
1.675,0.18734148271945805,0.18730817948195702,3.3303237501031147e-05,3.3303237501031147e-05,convergencia,Heun,0.025000000000000001,,,
1.7000000000000002,0.18271648986482142,0.18268352405273461,3.2965812086810375e-05,3.2965812086810375e-05,convergencia,Heun,0.025000000000000001,,,
1.7250000000000001,0.17820567652128366,0.17817305177289841,3.2624748385251534e-05,3.2624748385251534e-05,convergencia,Heun,0.025000000000000001,,,
1.75,0.17380622388216449,0.17377394345044514,3.2280431719350355e-05,3.2280431719350355e-05,convergencia,Heun,0.025000000000000001,,,
1.7750000000000001,0.16951538273007352,0.16948344949947006,3.1933230603464757e-05,3.1933230603464757e-05,convergencia,Heun,0.025000000000000001,,,
1.8,0.16533047171892484,0.16529888822158653,3.1583497338311117e-05,3.1583497338311117e-05,convergencia,Heun,0.025000000000000001,,,
1.8250000000000002,0.16124887569836385,0.16121764412977674,3.1231568587114511e-05,3.1231568587114511e-05,convergencia,Heun,0.025000000000000001,,,
1.8500000000000001,0.15726804407956052,0.15723716631362761,3.0877765932912915e-05,3.0877765932912915e-05,convergencia,Heun,0.025000000000000001,,,
1.875,0.15338548924134637,0.15335496684492847,3.0522396417903552e-05,3.0522396417903552e-05,convergencia,Heun,0.025000000000000001,,,
1.9000000000000001,0.14959878497570062,0.14956861922263504,3.016575306558078e-05,3.016575306558078e-05,convergencia,Heun,0.025000000000000001,,,
1.925,0.14590556497161303,0.14587575685622736,2.9808115385665523e-05,2.9808115385665523e-05,convergencia,Heun,0.025000000000000001,,,
1.9500000000000002,0.1423035213363763,0.14227407158651353,2.9449749862769936e-05,2.9449749862769936e-05,convergencia,Heun,0.025000000000000001,,,
1.9750000000000001,0.13879040315338453,0.13876131224295524,2.9090910429296901e-05,2.9090910429296901e-05,convergencia,Heun,0.025000000000000001,,,
2,0.13536401507553536,0.1353352832366127,2.8731838922657627e-05,2.8731838922657627e-05,convergencia,Heun,0.025000000000000001,,,
2.0249999999999999,0.13202221595335809,0.13199384318783022,2.8372765527862054e-05,2.8372765527862054e-05,convergencia,Heun,0.025000000000000001,,,
2.0500000000000003,0.12876291749700952,0.12873490358780418,2.8013909205343301e-05,2.8013909205343301e-05,convergencia,Heun,0.025000000000000001,,,
2.0750000000000002,0.12558408297130211,0.1255564274931972,2.7655478104904319e-05,2.7655478104904319e-05,convergencia,Heun,0.025000000000000001,,,
2.1000000000000001,0.12248372592294809,0.12245642825298191,2.7297669966189209e-05,2.7297669966189209e-05,convergencia,Heun,0.025000000000000001,,,
2.125,0.11945990893922533,0.11943296826671962,2.6940672505706975e-05,2.6940672505706975e-05,convergencia,Heun,0.025000000000000001,,,
2.1499999999999999,0.11651074243728821,0.11648415777349697,2.6584663791240359e-05,2.6584663791240359e-05,convergencia,Heun,0.025000000000000001,,,
2.1750000000000003,0.11363438348336762,0.11360815367076371,2.6229812603903446e-05,2.6229812603903446e-05,convergencia,Heun,0.025000000000000001,,,
2.2000000000000002,0.11082903464112198,0.11080315836233387,2.5876278788111717e-05,2.5876278788111717e-05,convergencia,Heun,0.025000000000000001,,,
2.2250000000000001,0.10809294284841929,0.10806741863482926,2.552421359003354e-05,2.552421359003354e-05,convergencia,Heun,0.025000000000000001,,,
2.25,0.10542439832184895,0.10539922456186433,2.5173759984620236e-05,2.5173759984620236e-05,convergencia,Heun,0.025000000000000001,,,
2.2749999999999999,0.10282173348827832,0.1027969084352864,2.4825052991922503e-05,2.4825052991922503e-05,convergencia,Heun,0.025000000000000001,,,
2.3000000000000003,0.10028332194278641,0.10025884372280371,2.447821998270705e-05,2.447821998270705e-05,convergencia,Heun,0.025000000000000001,,,
2.3250000000000002,0.097807577432323878,0.097783444051350046,2.4133380973831442e-05,2.4133380973831442e-05,convergencia,Heun,0.025000000000000001,,,
2.3500000000000001,0.095392952864463393,0.095369162215549613,2.3790648913779577e-05,2.3790648913779577e-05,convergencia,Heun,0.025000000000000001,,,
2.375,0.093037939340621961,0.093014489210663492,2.3450129958468846e-05,2.3450129958468846e-05,convergencia,Heun,0.025000000000000001,,,
2.4000000000000004,0.090741065213150326,0.09071795328941247,2.311192373785631e-05,2.311192373785631e-05,convergencia,Heun,0.025000000000000001,,,
2.4250000000000003,0.088500895165700685,0.088478119042087272,2.2776123613413302e-05,2.2776123613413302e-05,convergencia,Heun,0.025000000000000001,,,
2.4500000000000002,0.086316029316297463,0.086293586499370495,2.2442816926968034e-05,2.2442816926968034e-05,convergencia,Heun,0.025000000000000001,,,
2.4750000000000001,0.084185102342551374,0.084162990257310361,2.2112085241013379e-05,2.2112085241013379e-05,convergencia,Heun,0.025000000000000001,,,
2.5,0.082106782628469641,0.0820849986238988,2.178400457084062e-05,2.178400457084062e-05,convergencia,Heun,0.025000000000000001,,,
2.5250000000000004,0.080079771432329264,0.080058312786720515,2.1458645608748994e-05,2.1458645608748994e-05,convergencia,Heun,0.025000000000000001,,,
2.5500000000000003,0.078102802075093639,0.078081666001153127,2.1136073940511424e-05,2.1136073940511424e-05,convergencia,Heun,0.025000000000000001,,,
2.5750000000000002,0.07617463914886477,0.076153822798610327,2.0816350254443394e-05,2.0816350254443394e-05,convergencia,Heun,0.025000000000000001,,,
2.6000000000000001,0.074294077744877174,0.074273578214333877,2.0499530543297007e-05,2.0499530543297007e-05,convergencia,Heun,0.025000000000000001,,,
2.625,0.07245994270055052,0.072439757034251456,2.0185666299063487e-05,2.0185666299063487e-05,convergencia,Heun,0.025000000000000001,,,
2.6500000000000004,0.070671087865130655,0.070651213060429569,1.9874804701086601e-05,1.9874804701086601e-05,convergencia,Heun,0.025000000000000001,,,
2.6750000000000003,0.068926395383460251,0.068906828394662556,1.956698879769514e-05,1.956698879769514e-05,convergencia,Heun,0.025000000000000001,,,
2.7000000000000002,0.067224774997431083,0.067205512739749756,1.9262257681326722e-05,1.9262257681326722e-05,convergencia,Heun,0.025000000000000001,,,
2.7250000000000001,0.065565163364682003,0.065546202718024332,1.8960646657670277e-05,1.8960646657670277e-05,convergencia,Heun,0.025000000000000001,,,
2.75,0.063946523394116425,0.06392786120670757,1.8662187408854947e-05,1.8662187408854947e-05,convergencia,Heun,0.025000000000000001,,,
2.7750000000000004,0.06236784359782415,0.062349476689673403,1.8366908150747874e-05,1.8366908150747874e-05,convergencia,Heun,0.025000000000000001,,,
2.8000000000000003,0.060828137459002875,0.060810062625217952,1.8074833784922917e-05,1.8074833784922917e-05,convergencia,Heun,0.025000000000000001,,,
2.8250000000000002,0.05932644281548375,0.05930865682943872,1.7785986045029678e-05,1.7785986045029678e-05,convergencia,Heun,0.025000000000000001,,,
2.8500000000000001,0.057861821258476498,0.057844320874838456,1.7500383638041628e-05,1.7500383638041628e-05,convergencia,Heun,0.025000000000000001,,,
2.875,0.056433357546157865,0.05641613950377735,1.7218042380515164e-05,1.7218042380515164e-05,convergencia,Heun,0.025000000000000001,,,
2.9000000000000004,0.055040159031737076,0.05502322005640721,1.6938975329866546e-05,1.6938975329866546e-05,convergencia,Heun,0.025000000000000001,,,
2.9250000000000003,0.053681355105641072,0.053664691912730107,1.6663192910965074e-05,1.6663192910965074e-05,convergencia,Heun,0.025000000000000001,,,
2.9500000000000002,0.052356096651470563,0.052339705948432381,1.6390703038181298e-05,1.6390703038181298e-05,convergencia,Heun,0.025000000000000001,,,
2.9750000000000001,0.051063555515387389,0.051047434004154395,1.6121511232994323e-05,1.6121511232994323e-05,convergencia,Heun,0.025000000000000001,,,
3,0.049802923988601269,0.049787068367863944,1.5855620737324772e-05,1.5855620737324772e-05,convergencia,Heun,0.025000000000000001,,,
3.0250000000000004,0.048573414302632657,0.048557821270009946,1.5593032622711334e-05,1.5593032622711334e-05,convergencia,Heun,0.025000000000000001,,,
3.0500000000000003,0.047374258137036419,0.047358924391140908,1.5333745895511341e-05,1.5333745895511341e-05,convergencia,Heun,0.025000000000000001,,,
3.0750000000000002,0.046204706139278337,0.046189628381680101,1.5077757598236374e-05,1.5077757598236374e-05,convergencia,Heun,0.025000000000000001,,,
3.1000000000000001,0.045064027456464907,0.045049202393557801,1.4825062907106168e-05,1.4825062907106168e-05,convergencia,Heun,0.025000000000000001,,,
3.125,0.043951509278633435,0.04393693362340742,1.4575655226015116e-05,1.4575655226015116e-05,convergencia,Heun,0.025000000000000001,,,
3.1500000000000004,0.042866456393317154,0.042852126867040166,1.4329526276987692e-05,1.4329526276987692e-05,convergencia,Heun,0.025000000000000001,,,
3.1750000000000003,0.041808190751107144,0.041794104084919896,1.4086666187247687e-05,1.4086666187247687e-05,convergencia,Heun,0.025000000000000001,,,
3.2000000000000002,0.040776051041939189,0.040762203978366211,1.3847063572977603e-05,1.3847063572977603e-05,convergencia,Heun,0.025000000000000001,,,
3.2250000000000001,0.039769392281841322,0.039755781576221304,1.3610705620017982e-05,1.3610705620017982e-05,convergencia,Heun,0.025000000000000001,,,
3.25,0.03878758540988337,0.038774207831722009,1.3377578161360981e-05,1.3377578161360981e-05,convergencia,Heun,0.025000000000000001,,,
3.2750000000000004,0.037830016895076861,0.037816869229325069,1.3147665751792048e-05,1.3147665751792048e-05,convergencia,Heun,0.025000000000000001,,,
3.3000000000000003,0.036896088352979653,0.036883167401239994,1.2920951739658904e-05,1.2920951739658904e-05,convergencia,Heun,0.025000000000000001,,,
3.3250000000000002,0.03598521617176547,0.035972518753429654,1.2697418335816391e-05,1.2697418335816391e-05,convergencia,Heun,0.025000000000000001,,,
3.3500000000000001,0.035096831147525015,0.035084354100845025,1.2477046679990056e-05,1.2477046679990056e-05,convergencia,Heun,0.025000000000000001,,,
3.375,0.034230378128570493,0.034218118311666032,1.2259816904461318e-05,1.2259816904461318e-05,convergencia,Heun,0.025000000000000001,,,
3.4000000000000004,0.033385315668521397,0.033373269960326066,1.2045708195330962e-05,1.2045708195330962e-05,convergencia,Heun,0.025000000000000001,,,
3.4250000000000003,0.032561115687954778,0.032549280989103417,1.1834698851360959e-05,1.1834698851360959e-05,convergencia,Heun,0.025000000000000001,,,
3.4500000000000002,0.031757263144408396,0.031745636378067939,1.1626766340457062e-05,1.1626766340457062e-05,convergencia,Heun,0.025000000000000001,,,
3.4750000000000001,0.030973255710530816,0.030961833823176882,1.1421887353934429e-05,1.1421887353934429e-05,convergencia,Heun,0.025000000000000001,,,
3.5,0.030208603460177088,0.030197383422318501,1.1220037858587079e-05,1.1220037858587079e-05,convergencia,Heun,0.025000000000000001,,,
3.5250000000000004,0.029462828562253955,0.029451807369107279,1.1021193146675684e-05,1.1021193146675684e-05,convergencia,Heun,0.025000000000000001,,,
3.5500000000000003,0.028735464982123312,0.028724639654239423,1.0825327883889208e-05,1.0825327883889208e-05,convergencia,Heun,0.025000000000000001,,,
3.5750000000000002,0.028026058190377144,0.028015425774221808,1.0632416155335889e-05,1.0632416155335889e-05,convergencia,Heun,0.025000000000000001,,,
3.6000000000000001,0.027334164878802209,0.027323722447292559,1.0442431509650324e-05,1.0442431509650324e-05,convergencia,Heun,0.025000000000000001,,,
3.625,0.026659352683356782,0.026649097336355485,1.0255347001296433e-05,1.0255347001296433e-05,convergencia,Heun,0.025000000000000001,,,
3.6500000000000004,0.026001199913986403,0.025991128778755333,1.0071135231069783e-05,1.0071135231069783e-05,convergencia,Heun,0.025000000000000001,,,
3.6750000000000003,0.025359295291109866,0.025349405522724931,9.8897683849345774e-06,9.8897683849345774e-06,convergencia,Heun,0.025000000000000001,,,
3.7000000000000002,0.024733237688610594,0.024723526470339388,9.7112182712057182e-06,9.7112182712057182e-06,convergencia,Heun,0.025000000000000001,,,
3.7250000000000001,0.024122635883173021,0.024113100426816865,9.5354563561557415e-06,9.5354563561557415e-06,convergencia,Heun,0.025000000000000001,,,
3.75,0.023527108309807188,0.023517745856009107,9.3624537980813161e-06,9.3624537980813161e-06,convergencia,Heun,0.025000000000000001,,,
3.7750000000000004,0.022946282823408815,0.02293709064192892,9.1921814798952284e-06,9.1921814798952284e-06,convergencia,Heun,0.025000000000000001,,,
3.8000000000000003,0.022379796466205911,0.022370771856165591,9.0246100403201801e-06,9.0246100403201801e-06,convergencia,Heun,0.025000000000000001,,,
3.8250000000000002,0.021827295240946454,0.021818435531042762,8.8597099036913374e-06,8.8597099036913374e-06,convergencia,Heun,0.025000000000000001,,,
3.8500000000000001,0.021288433889685592,0.021279736438377168,8.6974513084231431e-06,8.6974513084231431e-06,convergencia,Heun,0.025000000000000001,,,
3.875,0.02076287567803398,0.020754337873699742,8.5378043342375365e-06,8.5378043342375365e-06,convergencia,Heun,0.025000000000000001,,,
3.9000000000000004,0.02025029218473251,0.020241911445804381,8.3807389281292943e-06,8.3807389281292943e-06,convergencia,Heun,0.025000000000000001,,,
3.9250000000000003,0.019750363096421929,0.019742136871492774,8.2262249291552292e-06,8.2262249291552292e-06,convergencia,Heun,0.025000000000000001,,,
3.9500000000000002,0.019262776007479016,0.01925470177538692,8.0742320920958177e-06,8.0742320920958177e-06,convergencia,Heun,0.025000000000000001,,,
3.9750000000000001,0.018787226224794378,0.018779301494684399,7.9247301099788503e-06,7.9247301099788503e-06,convergencia,Heun,0.025000000000000001,,,
4,0.018323416577369769,0.018315638888734179,7.7776886355900021e-06,7.7776886355900021e-06,convergencia,Heun,0.025000000000000001,,,
4.0250000000000004,0.017871057230615946,0.017863424153314034,7.6330773019113451e-06,7.6330773019113451e-06,convergencia,Heun,0.025000000000000001,,,
4.0499999999999998,0.017429865505235124,0.017422374639493515,7.4908657416092317e-06,7.4908657416092317e-06,convergencia,Heun,0.025000000000000001,,,
4.0750000000000002,0.016999565700574627,0.016992214676969066,7.3510236055611411e-06,7.3510236055611411e-06,convergencia,Heun,0.025000000000000001,,,
4.1000000000000005,0.016579888922341687,0.016572675401761237,7.2135205804492453e-06,7.2135205804492453e-06,convergencia,Heun,0.025000000000000001,,,
4.125,0.016170572914571385,0.016163494588165874,7.0783264055108985e-06,7.0783264055108985e-06,convergencia,Heun,0.025000000000000001,,,
4.1500000000000004,0.015771361895742898,0.015764416484854486,6.9454108884113575e-06,6.9454108884113575e-06,convergencia,Heun,0.025000000000000001,,,
4.1749999999999998,0.015382006398941753,0.015375191655021433,6.8147439203202625e-06,6.8147439203202625e-06,convergencia,Heun,0.025000000000000001,,,
4.2000000000000002,0.015002263115967873,0.014995576820477703,6.6862954901693306e-06,6.6862954901693306e-06,convergencia,Heun,0.025000000000000001,,,
4.2250000000000005,0.014631894745292411,0.014625334709594208,6.5600356982022795e-06,6.5600356982022795e-06,convergencia,Heun,0.025000000000000001,,,
4.25,0.014270669843768012,0.014264233908999256,6.4359347687562712e-06,6.4359347687562712e-06,convergencia,Heun,0.025000000000000001,,,
4.2750000000000004,0.013918362681999984,0.013912048718937619,6.3139630623650772e-06,6.3139630623650772e-06,convergencia,Heun,0.025000000000000001,,,
4.2999999999999998,0.013574753103288118,0.013568559012200934,6.1940910871839672e-06,6.1940910871839672e-06,convergencia,Heun,0.025000000000000001,,,
4.3250000000000002,0.013239626386050687,0.013233550096540928,6.0762895097588726e-06,6.0762895097588726e-06,convergencia,Heun,0.025000000000000001,,,
4.3500000000000005,0.012912773109645056,0.012906812580479862,5.960529165193601e-06,5.960529165193601e-06,convergencia,Heun,0.025000000000000001,,,
4.375,0.0125939890235007,0.012588142242433998,5.8467810667012232e-06,5.8467810667012232e-06,convergencia,Heun,0.025000000000000001,,,
4.4000000000000004,0.012283074919483022,0.012277339903068436,5.7350164145864718e-06,5.7350164145864718e-06,convergencia,Heun,0.025000000000000001,,,
4.4249999999999998,0.011979836507408291,0.011974211300803622,5.6252066046695581e-06,5.6252066046695581e-06,convergencia,Heun,0.025000000000000001,,,
4.4500000000000002,0.011684084293631646,0.011678566970395442,5.5173232362034502e-06,5.5173232362034502e-06,convergencia,Heun,0.025000000000000001,,,
4.4750000000000005,0.01139563346263261,0.011390222124513367,5.4113381192429783e-06,5.4113381192429783e-06,convergencia,Heun,0.025000000000000001,,,
4.5,0.011114303761523872,0.011108996538242306,5.3072232815663811e-06,5.3072232815663811e-06,convergencia,Heun,0.025000000000000001,,,
4.5250000000000004,0.010839919387411249,0.010834714436436152,5.2049509750972528e-06,5.2049509750972528e-06,convergencia,Heun,0.025000000000000001,,,
4.5499999999999998,0.010572308877534539,0.010567204383852655,5.1044936818841341e-06,5.1044936818841341e-06,convergencia,Heun,0.025000000000000001,,,
4.5750000000000002,0.010311305002120401,0.010306299178000741,5.0058241196603015e-06,5.0058241196603015e-06,convergencia,Heun,0.025000000000000001,,,
4.6000000000000005,0.010056744659880551,0.010051835744633576,4.9089152469750791e-06,4.9089152469750791e-06,convergencia,Heun,0.025000000000000001,,,
4.625,0.009808468776089754,0.0098036550358218278,4.8137402679261643e-06,4.8137402679261643e-06,convergencia,Heun,0.025000000000000001,,,
4.6500000000000004,0.0095663222031800339,0.0095616019305435045,4.7202726365293962e-06,4.7202726365293962e-06,convergencia,Heun,0.025000000000000001,,,
4.6749999999999998,0.0093301536237890316,0.0093255251377283264,4.6284860607051503e-06,4.6284860607051503e-06,convergencia,Heun,0.025000000000000001,,,
4.7000000000000002,0.0090998154562017368,0.0090952771016958155,4.5383545059212577e-06,4.5383545059212577e-06,convergencia,Heun,0.025000000000000001,,,
4.7250000000000005,0.0088751637621267525,0.0088707139099282514,4.4498521985011225e-06,4.4498521985011225e-06,convergencia,Heun,0.025000000000000001,,,
4.75,0.0086560581567492537,0.0086516952031206341,4.3629536286195897e-06,4.3629536286195897e-06,convergencia,Heun,0.025000000000000001,,,
4.7750000000000004,0.0084423617210045033,0.0084380840874515306,4.2776335529726844e-06,4.2776335529726844e-06,convergencia,Heun,0.025000000000000001,,,
4.8000000000000007,0.0082339409160172017,0.0082297470490200232,4.1938669971784692e-06,4.1938669971784692e-06,convergencia,Heun,0.025000000000000001,,,
4.8250000000000002,0.0080306654996530318,0.008026553870395154,4.1116292578777941e-06,4.1116292578777941e-06,convergencia,Heun,0.025000000000000001,,,
4.8500000000000005,0.0078324084451303448,0.0078283775492257665,4.0308959045783077e-06,4.0308959045783077e-06,convergencia,Heun,0.025000000000000001,,,
4.875,0.0076390458616411938,0.0076350942188599617,3.9516427812321883e-06,3.9516427812321883e-06,convergencia,Heun,0.025000000000000001,,,
4.9000000000000004,0.0074504569169319239,0.0074465830709243381,3.8738460075857586e-06,3.8738460075857586e-06,convergencia,Heun,0.025000000000000001,,,
4.9250000000000007,0.0072665237617951647,0.0072627262798148845,3.7974819802801679e-06,3.7974819802801679e-06,convergencia,Heun,0.025000000000000001,,,
4.9500000000000002,0.0070871314564258502,0.0070834089290521185,3.7225273737317641e-06,3.7225273737317641e-06,convergencia,Heun,0.025000000000000001,,,
4.9750000000000005,0.0069121678985953347,0.0069085189394545252,3.6489591408095032e-06,3.6489591408095032e-06,convergencia,Heun,0.025000000000000001,,,
5,0.006741523753598766,0.006737946999085467,3.5767545132989881e-06,3.5767545132989881e-06,convergencia,Heun,0.025000000000000001,,,
5.0250000000000004,0.0065750923859317937,0.0065715864949296128,3.5058910021808914e-06,3.5058910021808914e-06,convergencia,Heun,0.025000000000000001,,,
5.0500000000000007,0.0064127697926540999,0.006409333446256377,3.4363463977228961e-06,3.4363463977228961e-06,convergencia,Heun,0.025000000000000001,,,
5.0750000000000002,0.0062544545383979551,0.0062510864396285613,3.3680987693938264e-06,3.3680987693938264e-06,convergencia,Heun,0.025000000000000001,,,
5.1000000000000005,0.0061000476919812535,0.0060967465655156327,3.3011264656207864e-06,3.3011264656207864e-06,convergencia,Heun,0.025000000000000001,,,
5.125,0.0059494527645854696,0.0059462173564720942,3.2354081133754292e-06,3.2354081133754292e-06,convergencia,Heun,0.025000000000000001,,,
5.1500000000000004,0.0058025756494597637,0.0057994047268421414,3.170922617622314e-06,3.170922617622314e-06,convergencia,Heun,0.025000000000000001,,,
5.1750000000000007,0.0056593245631137235,0.0056562169139531037,3.1076491606198131e-06,3.1076491606198131e-06,convergencia,Heun,0.025000000000000001,,,
5.2000000000000002,0.0055196099879618564,0.0055165644207607716,3.0455672010848422e-06,3.0455672010848422e-06,convergencia,Heun,0.025000000000000001,,,
5.2250000000000005,0.0053833446163840462,0.0053803599599108161,2.9846564732300893e-06,2.9846564732300893e-06,convergencia,Heun,0.025000000000000001,,,
5.25,0.0052504432961670679,0.0052475183991813846,2.9248969856832813e-06,2.9248969856832813e-06,convergencia,Heun,0.025000000000000001,,,
5.2750000000000004,0.0051208229772929416,0.0051179567082726514,2.8662690202902255e-06,2.8662690202902255e-06,convergencia,Heun,0.025000000000000001,,,
5.3000000000000007,0.0049944026600410203,0.0049915939069102126,2.8087531308076952e-06,2.8087531308076952e-06,convergencia,Heun,0.025000000000000001,,,
5.3250000000000002,0.0048711033443712606,0.0048683510142297631,2.752330141497436e-06,2.752330141497436e-06,convergencia,Heun,0.025000000000000001,,,
5.3500000000000005,0.0047508479805570937,0.0047481509994114733,2.6969811456204265e-06,2.6969811456204265e-06,convergencia,Heun,0.025000000000000001,,,
5.375,0.0046335614210370928,0.0046309187335332458,2.6426875038470035e-06,2.6426875038470035e-06,convergencia,Heun,0.025000000000000001,,,
5.4000000000000004,0.0045191703734552384,0.0045165809426126659,2.589430842572446e-06,2.589430842572446e-06,convergencia,Heun,0.025000000000000001,,,
5.4250000000000007,0.0044076033548605606,0.0044050661618084018,2.5371930521588329e-06,2.5371930521588329e-06,convergencia,Heun,0.025000000000000001,,,
5.4500000000000002,0.004298790647037443,0.0042963046907523398,2.4859562851031747e-06,2.4859562851031747e-06,convergencia,Heun,0.025000000000000001,,,
5.4750000000000005,0.0041926642529387043,0.0041902285499845759,2.4357029541283506e-06,2.4357029541283506e-06,convergencia,Heun,0.025000000000000001,,,
5.5,0.0040891578541942825,0.0040867714384640666,2.3864157302159322e-06,2.3864157302159322e-06,convergencia,Heun,0.025000000000000001,,,
5.5250000000000004,0.0039882067696688601,0.0039858686921282905,2.3380775405696178e-06,2.3380775405696178e-06,convergencia,Heun,0.025000000000000001,,,
5.5500000000000007,0.0038897479150426587,0.0038874572434761268,2.2906715665318295e-06,2.2906715665318295e-06,convergencia,Heun,0.025000000000000001,,,
5.5750000000000002,0.0037937197633900448,0.0037914755821486078,2.2441812414369933e-06,2.2441812414369933e-06,convergencia,Heun,0.025000000000000001,,,
5.6000000000000005,0.0037000623067313517,0.003697863716482929,2.1985902484227514e-06,2.1985902484227514e-06,convergencia,Heun,0.025000000000000001,,,
5.625,0.0036087170185339235,0.0036065631360157305,2.1538825181930364e-06,2.1538825181930364e-06,convergencia,Heun,0.025000000000000001,,,
5.6500000000000004,0.0035196268171388662,0.0035175167749121284,2.1100422267377773e-06,2.1100422267377773e-06,convergencia,Heun,0.025000000000000001,,,
5.6750000000000007,0.0034327360300907494,0.0034306689762977315,2.067053793017911e-06,2.067053793017911e-06,convergencia,Heun,0.025000000000000001,,,
5.7000000000000002,0.003347990359347886,0.003345965457471272,2.0249018766139645e-06,2.0249018766139645e-06,convergencia,Heun,0.025000000000000001,,,
5.7250000000000005,0.0032653368473514839,0.0032633532759761452,1.9835713753386421e-06,1.9835713753386421e-06,convergencia,Heun,0.025000000000000001,,,
5.75,0.0031847238439324959,0.0031827807965096669,1.9430474228290286e-06,1.9430474228290286e-06,convergencia,Heun,0.025000000000000001,,,
5.7750000000000004,0.0031061009740354114,0.0031041976586493087,1.9033153861027982e-06,1.9033153861027982e-06,convergencia,Heun,0.025000000000000001,,,
5.8000000000000007,0.0030294191062389111,0.0030275547453758127,1.8643608630983764e-06,1.8643608630983764e-06,convergencia,Heun,0.025000000000000001,,,
5.8250000000000002,0.0029546303220536396,0.0029528041523734466,1.8261696801929843e-06,1.8261696801929843e-06,convergencia,Heun,0.025000000000000001,,,
5.8500000000000005,0.0028816878859779394,0.0028798991580882404,1.7887278896989989e-06,1.7887278896989989e-06,convergencia,Heun,0.025000000000000001,,,
5.875,0.0028105462162928605,0.0028087941945255128,1.7520217673477369e-06,1.7520217673477369e-06,convergencia,Heun,0.025000000000000001,,,
5.9000000000000004,0.0027411608565781295,0.0027394448187683684,1.7160378097610951e-06,1.7160378097610951e-06,convergencia,Heun,0.025000000000000001,,,
5.9250000000000007,0.002673488447931356,0.002671807685199448,1.6807627319080122e-06,1.6807627319080122e-06,convergencia,Heun,0.025000000000000001,,,
5.9500000000000002,0.0026074867018730519,0.0026058405184084983,1.6461834645535578e-06,1.6461834645535578e-06,convergencia,Heun,0.025000000000000001,,,
5.9750000000000005,0.0025431143739205598,0.0025415020867688562,1.6122871517036848e-06,1.6122871517036848e-06,convergencia,Heun,0.025000000000000001,,,
6,0.0024803312378143972,0.0024787521766663585,1.579061148038706e-06,1.579061148038706e-06,convergencia,Heun,0.025000000000000001,,,
6.0250000000000004,0.0024190980603808533,0.0024175515673645035,1.5464930163498064e-06,1.5464930163498064e-06,convergencia,Heun,0.025000000000000001,,,
6.0500000000000007,0.0023593765770152002,0.0023578620064902307,1.5145705249694844e-06,1.5145705249694844e-06,convergencia,Heun,0.025000000000000001,,,
6.0750000000000002,0.0023011294677701389,0.002299646186124936,1.4832816452028594e-06,1.4832816452028594e-06,convergencia,Heun,0.025000000000000001,,,
6.1000000000000005,0.0022443203340345628,0.0022428677194858012,1.4526145487615827e-06,1.4526145487615827e-06,convergencia,Heun,0.025000000000000001,,,
6.125,0.0021889136757880859,0.0021874911181828851,1.4225576052007832e-06,1.4225576052007832e-06,convergencia,Heun,0.025000000000000001,,,
6.1500000000000004,0.0021348748694170667,0.0021334817700377081,1.3930993793586158e-06,1.3930993793586158e-06,convergencia,Heun,0.025000000000000001,,,
6.1750000000000007,0.0020821701460783321,0.0020808059174495276,1.3642286288044828e-06,1.3642286288044828e-06,convergencia,Heun,0.025000000000000001,,,
6.2000000000000002,0.0020307665705970243,0.002029430636295734,1.3359343012902918e-06,1.3359343012902918e-06,convergencia,Heun,0.025000000000000001,,,
6.2250000000000005,0.0019806320208854097,0.001979323815353195,1.3082055322147235e-06,1.3082055322147235e-06,convergencia,Heun,0.025000000000000001,,,
6.25,0.0019317351678698022,0.0019304541362277093,1.2810316420929207e-06,1.2810316420929207e-06,convergencia,Heun,0.025000000000000001,,,
6.2750000000000004,0.0018840454559130159,0.0018827910537789773,1.2544021340385372e-06,1.2544021340385372e-06,convergencia,Heun,0.025000000000000001,,,
6.3000000000000007,0.0018375330837201627,0.0018363047770289056,1.2283066912570622e-06,1.2283066912570622e-06,convergencia,Heun,0.025000000000000001,,,
6.3250000000000002,0.0017921689857158221,0.0017909662505412698,1.2027351745523725e-06,1.2027351745523725e-06,convergencia,Heun,0.025000000000000001,,,
6.3500000000000005,0.0017479248138809621,0.0017467471362611182,1.1776776198439091e-06,1.1776776198439091e-06,convergencia,Heun,0.025000000000000001,,,
6.375,0.0017047729200382767,0.001703619795802574,1.1531242357027197e-06,1.1531242357027197e-06,convergencia,Heun,0.025000000000000001,,,
6.4000000000000004,0.0016626863385748312,0.0016615572731739339,1.1290654008972584e-06,1.1290654008972584e-06,convergencia,Heun,0.025000000000000001,,,
6.4250000000000007,0.0016216387695912645,0.0016205332779293052,1.105491661959352e-06,1.105491661959352e-06,convergencia,Heun,0.025000000000000001,,,
6.4500000000000002,0.0015816045624669811,0.0015805221687362171,1.082393730764044e-06,1.082393730764044e-06,convergencia,Heun,0.025000000000000001,,,
6.4750000000000005,0.0015425586998310771,0.001541498937348949,1.0597624821280863e-06,1.0597624821280863e-06,convergencia,Heun,0.025000000000000001,,,
6.5,0.0015044767819289981,0.0015034391929775724,1.0375889514257792e-06,1.0375889514257792e-06,convergencia,Heun,0.025000000000000001,,,
6.5250000000000004,0.0014673350113751254,0.001466319147042903,1.0158643322223746e-06,1.0158643322223746e-06,convergencia,Heun,0.025000000000000001,,,
6.5500000000000007,0.0014311101782818014,0.0014301155983078731,9.9457997392829629e-07,9.9457997392829629e-07,convergencia,Heun,0.025000000000000001,,,
6.5750000000000002,0.0013957796457554701,0.0013948059183759988,9.7372737947135773e-07,9.7372737947135773e-07,convergencia,Heun,0.025000000000000001,,,
6.6000000000000005,0.0013613213357508815,0.0013603680375478928,9.5329820298871264e-07,9.5329820298871264e-07,convergencia,Heun,0.025000000000000001,,,
6.625,0.0013277137152745322,0.0013267804310269915,9.3328424754070619e-07,9.3328424754070619e-07,convergencia,Heun,0.025000000000000001,,,
6.6500000000000004,0.0012949357829286918,0.001294022105465848,9.1367746284380831e-07,9.1367746284380831e-07,convergencia,Heun,0.025000000000000001,,,
6.6750000000000007,0.0012629670557876393,0.0012620725858446134,8.9446994302588151e-07,8.9446994302588151e-07,convergencia,Heun,0.025000000000000001,,,
6.7000000000000002,0.0012317875565978826,0.001230911902673481,8.7565392440161482e-07,8.7565392440161482e-07,convergencia,Heun,0.025000000000000001,,,
6.7250000000000005,0.001201377801294372,0.0012005205795111,8.5722178327202712e-07,8.5722178327202712e-07,convergencia,Heun,0.025000000000000001,,,
6.75,0.0011717187868249179,0.0011708796207911744,8.39166033743486e-07,8.39166033743486e-07,convergencia,Heun,0.025000000000000001,,,
6.7750000000000004,0.0011427919792751774,0.0011419704999496075,8.2147932556992861e-07,8.2147932556992861e-07,convergencia,Heun,0.025000000000000001,,,
6.8000000000000007,0.0011145793022868211,0.0011137751478448024,8.0415444201871814e-07,8.0415444201871814e-07,convergencia,Heun,0.025000000000000001,,,
6.8250000000000002,0.0010870631257616158,0.0010862759414638579,7.8718429775796739e-07,7.8718429775796739e-07,convergencia,Heun,0.025000000000000001,,,
6.8500000000000005,0.0010602262548443755,0.0010594556929076091,7.7056193676641391e-07,7.7056193676641391e-07,convergencia,Heun,0.025000000000000001,,,
6.875,0.0010340519191779055,0.001033297638647637,7.5428053026844848e-07,7.5428053026844848e-07,convergencia,Heun,0.025000000000000001,,,
6.9000000000000004,0.0010085237624232006,0.0010077854290485105,7.3833337469017719e-07,7.3833337469017719e-07,convergencia,Heun,0.025000000000000001,,,
6.9250000000000007,0.00098362583203837756,0.00098290311814873779,7.2271388963976967e-07,7.2271388963976967e-07,convergencia,Heun,0.025000000000000001,,,
6.9500000000000002,0.00095934256930993065,0.00095863515369401986,7.0741561591079229e-07,7.0741561591079229e-07,convergencia,Heun,0.025000000000000001,,,
6.9750000000000005,0.00093565879963009144,0.00093496636741658139,6.9243221351004448e-07,6.9243221351004448e-07,convergencia,Heun,0.025000000000000001,,,
7,0.00091255972301422408,0.00091188196555451624,6.7775745970783795e-07,6.7775745970783795e-07,convergencia,Heun,0.025000000000000001,,,
7.0250000000000004,0.00089003090485231015,0.00088936751960519802,6.6338524711212835e-07,6.6338524711212835e-07,convergencia,Heun,0.025000000000000001,,,
7.0500000000000007,0.00086805826688876847,0.00086740895730700175,6.4930958176671622e-07,6.4930958176671622e-07,convergencia,Heun,0.025000000000000001,,,
7.0750000000000002,0.00084662807842495239,0.00084599255384368007,6.355245812723247e-07,6.355245812723247e-07,convergencia,Heun,0.025000000000000001,,,
7.1000000000000005,0.00082572694773883613,0.00082510492326590384,6.2202447293228848e-07,6.2202447293228848e-07,convergencia,Heun,0.025000000000000001,,,
7.125,0.00080534181371653404,0.00080473301012461325,6.0880359192079427e-07,6.0880359192079427e-07,convergencia,Heun,0.025000000000000001,,,
7.1500000000000004,0.00078545993769040684,0.00078486408131093165,5.958563794751905e-07,5.958563794751905e-07,convergencia,Heun,0.025000000000000001,,,
7.1750000000000007,0.00076606889547867468,0.00076548571809756263,5.8317738111204106e-07,5.8317738111204106e-07,convergencia,Heun,0.025000000000000001,,,
7.2000000000000002,0.00074715656962154526,0.0007465858083766792,5.7076124486605574e-07,5.7076124486605574e-07,convergencia,Heun,0.025000000000000001,,,
7.2250000000000005,0.00072871114180901315,0.00072815253908946039,5.5860271955276465e-07,5.5860271955276465e-07,convergencia,Heun,0.025000000000000001,,,
7.25,0.00071072108549560353,0.00071017438884254903,5.46696653054503e-07,5.46696653054503e-07,convergencia,Heun,0.025000000000000001,,,
7.2750000000000004,0.00069317515869743061,0.00069264012070680123,5.3503799062938097e-07,5.3503799062938097e-07,convergencia,Heun,0.025000000000000001,,,
7.3000000000000007,0.00067606239696708752,0.00067553877519384374,5.2362177324378079e-07,5.2362177324378079e-07,convergencia,Heun,0.025000000000000001,,,
7.3250000000000002,0.00065937210654196294,0.00065885966340603576,5.1244313592718835e-07,5.1244313592718835e-07,convergencia,Heun,0.025000000000000001,,,
7.3500000000000005,0.000643093857661708,0.00064259236035555734,5.0149730615066043e-07,5.0149730615066043e-07,convergencia,Heun,0.025000000000000001,,,
7.375,0.00062721747805068488,0.00062672669844845757,4.9077960222730123e-07,4.9077960222730123e-07,convergencia,Heun,0.025000000000000001,,,
7.4000000000000004,0.00061173304656130835,0.0006112527611295723,4.8028543173604926e-07,4.8028543173604926e-07,convergencia,Heun,0.025000000000000001,,,
7.4250000000000007,0.00059663088697432581,0.00059616087668435845,4.700102899673651e-07,4.700102899673651e-07,convergencia,Heun,0.025000000000000001,,,
7.4500000000000002,0.00058190156195214748,0.00058144161219375557,4.5994975839190426e-07,4.5994975839190426e-07,convergencia,Heun,0.025000000000000001,,,
7.4750000000000005,0.00056753586714145367,0.00056708576763830345,4.5009950315022355e-07,4.5009950315022355e-07,convergencia,Heun,0.025000000000000001,,,
7.5,0.00055352482542139932,0.00055308437014783363,4.4045527356568939e-07,4.4045527356568939e-07,convergencia,Heun,0.025000000000000001,,,
7.5250000000000004,0.00053985968129380832,0.00053942866839312915,4.3101290067917852e-07,4.3101290067917852e-07,convergencia,Heun,0.025000000000000001,,,
7.5500000000000007,0.00052653189541186727,0.00052611012711606322,4.2176829580405344e-07,4.2176829580405344e-07,convergencia,Heun,0.025000000000000001,,,
7.5750000000000002,0.00051353313924388708,0.00051312042179478285,4.1271744910423118e-07,4.1271744910423118e-07,convergencia,Heun,0.025000000000000001,,,
7.6000000000000005,0.00050085528986880347,0.0005004514334406104,4.0385642819306886e-07,4.0385642819306886e-07,convergencia,Heun,0.025000000000000001,,,
7.625,0.00048849042490016763,0.000488095243523415,3.9518137675263222e-07,3.9518137675263222e-07,convergencia,Heun,0.025000000000000001,,,
7.6500000000000004,0.00047643081753544458,0.00047604412902226933,3.8668851317524454e-07,3.8668851317524454e-07,convergencia,Heun,0.025000000000000001,,,
7.6750000000000007,0.00046466893172753812,0.00046429055759831357,3.783741292245511e-07,3.783741292245511e-07,convergencia,Heun,0.025000000000000001,,,
7.7000000000000002,0.00045319741747551479,0.00045282718288679695,3.7023458871783413e-07,3.7023458871783413e-07,convergencia,Heun,0.025000000000000001,,,
7.7250000000000005,0.00044200910623158786,0.00044164683990535953,3.6226632622833122e-07,3.6226632622833122e-07,convergencia,Heun,0.025000000000000001,,,
7.75,0.00043109700642149579,0.00043074254057568753,3.5446584580826196e-07,3.5446584580826196e-07,convergencia,Heun,0.025000000000000001,,,
7.7750000000000004,0.00042045429907546498,0.0004201074693557342,3.46829719730774e-07,3.46829719730774e-07,convergencia,Heun,0.025000000000000001,,,
7.8000000000000007,0.0004100743335670393,0.00040973497897978643,3.3935458725286834e-07,3.3935458725286834e-07,convergencia,Heun,0.025000000000000001,,,
7.8250000000000002,0.00039995062345710321,0.00039961858630370645,3.3203715339675611e-07,3.3203715339675611e-07,convergencia,Heun,0.025000000000000001,,,
7.8500000000000005,0.00039007684244050586,0.00038975196825275448,3.2487418775138145e-07,3.2487418775138145e-07,convergencia,Heun,0.025000000000000001,,,
7.875,0.00038044682039275606,0.00038012895786946368,3.1786252329237593e-07,3.1786252329237593e-07,convergencia,Heun,0.025000000000000001,,,
7.9000000000000004,0.00037105453951430975,0.00037074354045908822,3.1099905522152848e-07,3.1099905522152848e-07,convergencia,Heun,0.025000000000000001,,,
7.9250000000000007,0.00036189413057005008,0.00036158984983022583,3.0428073982425316e-07,3.0428073982425316e-07,convergencia,Heun,0.025000000000000001,,,
7.9500000000000002,0.00035295986922160216,0.00035266216462825575,2.9770459334640996e-07,2.9770459334640996e-07,convergencia,Heun,0.025000000000000001,,,
7.9750000000000005,0.00034424617245019376,0.00034395490475930539,2.9126769088836432e-07,2.9126769088836432e-07,convergencia,Heun,0.025000000000000001,,,
8,0.00033574759506782977,0.00033546262790251185,2.8496716531791182e-07,2.8496716531791182e-07,convergencia,Heun,0.025000000000000001,,,
8.0250000000000004,0.00032745882631459258,0.00032718002610839203,2.7880020620055018e-07,2.7880020620055018e-07,convergencia,Heun,0.025000000000000001,,,
8.0500000000000007,0.00031937468653995096,0.00031910192248120326,2.7276405874769464e-07,2.7276405874769464e-07,convergencia,Heun,0.025000000000000001,,,
8.0750000000000011,0.00031149012396599582,0.00031122326794321407,2.6685602278175282e-07,2.6685602278175282e-07,convergencia,Heun,0.025000000000000001,,,
8.0999999999999996,0.0003038002115305857,0.00030353913807886678,2.6107345171892627e-07,2.6107345171892627e-07,convergencia,Heun,0.025000000000000001,,,
8.125,0.00029630014380842425,0.00029604473005685538,2.5541375156887128e-07,2.5541375156887128e-07,convergencia,Heun,0.025000000000000001,,,
8.1500000000000004,0.00028898523400815369,0.00028873535962820301,2.4987437995067701e-07,2.4987437995067701e-07,convergencia,Heun,0.025000000000000001,,,
8.1750000000000007,0.00028185091104357727,0.00028160645819845157,2.4445284512570296e-07,2.4445284512570296e-07,convergencia,Heun,0.025000000000000001,,,
8.2000000000000011,0.00027489271667718884,0.00027465356997214205,2.3914670504678786e-07,2.3914670504678786e-07,convergencia,Heun,0.025000000000000001,,,
8.2249999999999996,0.0002681063027342211,0.00026787234916779776,2.3395356642334211e-07,2.3395356642334211e-07,convergencia,Heun,0.025000000000000001,,,
8.25,0.00026148742838546992,0.00026125855730166754,2.2887108380237808e-07,2.2887108380237808e-07,convergencia,Heun,0.025000000000000001,,,
8.2750000000000004,0.00025503195749720356,0.00025480806053853841,2.2389695866515281e-07,2.2389695866515281e-07,convergencia,Heun,0.025000000000000001,,,
8.3000000000000007,0.00024873585604649127,0.00024851682710795185,2.1902893853942328e-07,2.1902893853942328e-07,convergencia,Heun,0.025000000000000001,,,
8.3250000000000011,0.00024259518960034342,0.00024238092478421678,2.1426481612663657e-07,2.1426481612663657e-07,convergencia,Heun,0.025000000000000001,,,
8.3499999999999996,0.00023660612085708529,0.00023639651842864072,2.0960242844456989e-07,2.0960242844456989e-07,convergencia,Heun,0.025000000000000001,,,
8.375,0.00023076490724842591,0.00023055986759244163,2.0503965598428204e-07,2.0503965598428204e-07,convergencia,Heun,0.025000000000000001,,,
8.4000000000000004,0.0002250678986007303,0.00022486732417884819,2.0057442188210826e-07,2.0057442188210826e-07,convergencia,Heun,0.025000000000000001,,,
8.4250000000000007,0.00021951153485402471,0.00021931533016291891,1.9620469110580383e-07,1.9620469110580383e-07,convergencia,Heun,0.025000000000000001,,,
8.4500000000000011,0.00021409234383731589,0.00021390041536766111,1.9192846965478236e-07,1.9192846965478236e-07,convergencia,Heun,0.025000000000000001,,,
8.4749999999999996,0.00020880693909883244,0.00020861919529505766,1.8774380377477393e-07,1.8774380377477393e-07,convergencia,Heun,0.025000000000000001,,,
8.5,0.00020365201778982993,0.00020346836901064417,1.8364877918576475e-07,1.8364877918576475e-07,convergencia,Heun,0.025000000000000001,,,
8.5250000000000004,0.00019862435860064343,0.00019844471708031962,1.7964152032381455e-07,1.7964152032381455e-07,convergencia,Heun,0.025000000000000001,,,
8.5500000000000007,0.00019372081974768998,0.00019354509955809383,1.7572018959615548e-07,1.7572018959615548e-07,convergencia,Heun,0.025000000000000001,,,
8.5750000000000011,0.00018893833701016883,0.00018876645402351932,1.7188298664951832e-07,1.7188298664951832e-07,convergencia,Heun,0.025000000000000001,,,
8.5999999999999996,0.00018427392181523055,0.00018410579366757919,1.6812814765136057e-07,1.6812814765136057e-07,convergencia,Heun,0.025000000000000001,,,
8.625,0.00017972465937041699,0.00017956020542583297,1.644539445840238e-07,1.644539445840238e-07,convergencia,Heun,0.025000000000000001,,,
8.6500000000000004,0.00017528770684220975,0.00017512684815765842,1.6085868455133212e-07,1.6085868455133212e-07,convergencia,Heun,0.025000000000000001,,,
8.6750000000000007,0.00017096029157954263,0.00017080295087044495,1.5734070909768612e-07,1.5734070909768612e-07,convergencia,Heun,0.025000000000000001,,,
8.7000000000000011,0.00016673970938117262,0.00016658581098763324,1.5389839353938117e-07,1.5389839353938117e-07,convergencia,Heun,0.025000000000000001,,,
8.7249999999999996,0.00016262332280582515,0.00016247279265951725,1.5053014630790618e-07,1.5053014630790618e-07,convergencia,Heun,0.025000000000000001,,,
8.75,0.00015860855952405629,0.00015846132511575126,1.4723440830503301e-07,1.4723440830503301e-07,convergencia,Heun,0.025000000000000001,,,
8.7750000000000004,0.00015469291071080609,0.00015454890105853631,1.4400965226977797e-07,1.4400965226977797e-07,convergencia,Heun,0.025000000000000001,,,
8.8000000000000007,0.00015087392947763301,0.0001507330750954765,1.4085438215650343e-07,1.4085438215650343e-07,convergencia,Heun,0.025000000000000001,,,
8.8250000000000011,0.00014714922934365389,0.00014701146221112919,1.3776713252470173e-07,1.3776713252470173e-07,convergencia,Heun,0.025000000000000001,,,
8.8499999999999996,0.00014351648274423264,0.00014338173627629318,1.3474646793945849e-07,1.3474646793945849e-07,convergencia,Heun,0.025000000000000001,,,
8.875,0.00013997341957648434,0.00013984162859410104,1.3179098238330004e-07,1.3179098238330004e-07,convergencia,Heun,0.025000000000000001,,,
8.9000000000000004,0.00013651782578068982,0.0001363889264820114,1.2889929867842208e-07,1.2889929867842208e-07,convergencia,Heun,0.025000000000000001,,,
8.9250000000000007,0.000133147541956729,0.00013302147188880921,1.2607006791978746e-07,1.2607006791978746e-07,convergencia,Heun,0.025000000000000001,,,
8.9500000000000011,0.00012986046201467221,0.0001297371600457538,1.2330196891841548e-07,1.2330196891841548e-07,convergencia,Heun,0.025000000000000001,,,
8.9749999999999996,0.00012665453185868518,0.00012653393815103005,1.2059370765513371e-07,1.2059370765513371e-07,convergencia,Heun,0.025000000000000001,,,
9,0.00012352774810342384,0.00012340980408667956,1.1794401674427744e-07,1.1794401674427744e-07,convergencia,Heun,0.025000000000000001,,,
9.0250000000000004,0.00012047815682212052,0.00012036280516721316,1.1535165490736366e-07,1.1535165490736366e-07,convergencia,Heun,0.025000000000000001,,,
9.0500000000000007,0.00011750385232557438,0.00011739103691911796,1.1281540645641458e-07,1.1281540645641458e-07,convergencia,Heun,0.025000000000000001,,,
9.0750000000000011,0.00011460297597128672,0.00011449264189049966,1.1033408078706597e-07,1.1033408078706597e-07,convergencia,Heun,0.025000000000000001,,,
9.0999999999999996,0.00011177371500199574,0.00011166580849011478,1.0790651188095901e-07,1.0790651188095901e-07,convergencia,Heun,0.025000000000000001,,,
9.125,0.00010901430141288393,0.00010890876985506645,1.0553155781748346e-07,1.0553155781748346e-07,convergencia,Heun,0.025000000000000001,,,
9.1500000000000004,0.00010632301084675332,0.00010621980274645875,1.0320810029457379e-07,1.0320810029457379e-07,convergencia,Heun,0.025000000000000001,,,
9.1750000000000007,0.00010369816151647406,0.00010359722647231549,1.00935044158572e-07,1.00935044158572e-07,convergencia,Heun,0.025000000000000001,,,
9.2000000000000011,0.00010113811315403607,0.00010103940183709324,9.8711316942831921e-08,9.8711316942831921e-08,convergencia,Heun,0.025000000000000001,,,
9.2249999999999996,9.8641265985545946e-05,9.8544730117130908e-05,9.6535868415037604e-08,9.6535868415037604e-08,convergencia,Heun,0.025000000000000001,,,
9.25,9.6206059731527741e-05,9.6111652061394695e-05,9.4407670133046405e-08,9.4407670133046405e-08,convergencia,Heun,0.025000000000000001,,,
9.2750000000000004,9.3830972631905613e-05,9.3738646916896546e-05,9.23257150090668e-08,9.23257150090668e-08,convergencia,Heun,0.025000000000000001,,,
9.3000000000000007,9.1514520495055413e-05,9.142423147817327e-05,9.0289016882143919e-08,9.0289016882143919e-08,convergencia,Heun,0.025000000000000001,,,
9.3250000000000011,8.9255255770333703e-05,8.9166959160235062e-05,8.8296610098641064e-08,8.8296610098641064e-08,convergencia,Heun,0.025000000000000001,,,
9.3499999999999996,8.7051766643503716e-05,8.6965419094402918e-05,8.6347549100798541e-08,8.6347549100798541e-08,convergencia,Heun,0.025000000000000001,,,
9.375,8.4902676154492186e-05,8.4818235246469155e-05,8.4440908023030977e-08,8.4440908023030977e-08,convergencia,Heun,0.025000000000000001,,,
9.4000000000000004,8.2806641336928137e-05,8.2724065556632228e-05,8.2575780295908929e-08,8.2575780295908929e-08,convergencia,Heun,0.025000000000000001,,,
9.4250000000000007,8.0762352378922696e-05,8.068160110066498e-05,8.0751278257716348e-08,8.0751278257716348e-08,convergencia,Heun,0.025000000000000001,,,
9.4500000000000011,7.8768531804568009e-05,7.868956527179456e-05,7.8966532773448381e-08,7.8966532773448381e-08,convergencia,Heun,0.025000000000000001,,,
9.4749999999999996,7.6823933675642842e-05,7.674671298278181e-05,7.7220692861032676e-08,7.7220692861032676e-08,convergencia,Heun,0.025000000000000001,,,
9.5,7.4927342813025386e-05,7.4851829887700598e-05,7.5512925324787731e-08,7.5512925324787731e-08,convergencia,Heun,0.025000000000000001,,,
9.5250000000000004,7.3077574037328798e-05,7.3003731622932965e-05,7.384241439583369e-08,7.384241439583369e-08,convergencia,Heun,0.025000000000000001,,,
9.5500000000000007,7.1273471428282215e-05,7.1201263066902732e-05,7.2208361379482691e-08,7.2208361379482691e-08,convergencia,Heun,0.025000000000000001,,,
9.5750000000000011,6.9513907602396474e-05,6.9443297618087041e-05,7.0609984309432587e-08,7.0609984309432587e-08,convergencia,Heun,0.025000000000000001,,,
9.6000000000000014,6.7797783008462283e-05,6.7728736490853776e-05,6.9046517608506528e-08,6.9046517608506528e-08,convergencia,Heun,0.025000000000000001,,,
9.625,6.6124025240440969e-05,6.6056508028684814e-05,6.7517211756155265e-08,6.7517211756155265e-08,convergencia,Heun,0.025000000000000001,,,
9.6500000000000004,6.4491588367317557e-05,6.4425567034355417e-05,6.6021332962139397e-08,6.6021332962139397e-08,convergencia,Heun,0.025000000000000001,,,
9.6750000000000007,6.2899452279499384e-05,6.2834894116652612e-05,6.4558162846771049e-08,6.4558162846771049e-08,convergencia,Heun,0.025000000000000001,,,
9.7000000000000011,6.1346622051349224e-05,6.1283495053222024e-05,6.3126998127199969e-08,6.3126998127199969e-08,convergencia,Heun,0.025000000000000001,,,
9.7250000000000014,5.9832127319456518e-05,5.9770400169146719e-05,6.1727150309798273e-08,6.1727150309798273e-08,convergencia,Heun,0.025000000000000001,,,
9.75,5.8355021676257516e-05,5.8294663730868811e-05,6.0357945388704798e-08,6.0357945388704798e-08,convergencia,Heun,0.025000000000000001,,,
9.7750000000000004,5.6914382078624887e-05,5.6855363355074873e-05,5.9018723550014103e-08,5.9018723550014103e-08,convergencia,Heun,0.025000000000000001,,,
9.8000000000000007,5.5509308271058813e-05,5.5451599432176945e-05,5.7708838881867573e-08,5.7708838881867573e-08,convergencia,Heun,0.025000000000000001,,,
9.8250000000000011,5.4138922223117028e-05,5.4082494564026818e-05,5.64276590902095e-08,5.64276590902095e-08,convergencia,Heun,0.025000000000000001,,,
9.8500000000000014,5.2802367580733809e-05,5.2747193015513757e-05,5.5174565220052251e-08,5.5174565220052251e-08,convergencia,Heun,0.025000000000000001,,,
9.875,5.1498809131084515e-05,5.1444860179702278e-05,5.3948951382236994e-08,5.3948951382236994e-08,convergencia,Heun,0.025000000000000001,,,
9.9000000000000004,5.0227432280660851e-05,5.0174682056175283e-05,5.2750224485568001e-08,5.2750224485568001e-08,convergencia,Heun,0.025000000000000001,,,
9.9250000000000007,4.8987442546232018e-05,4.893586474225786e-05,5.1577803974157889e-08,5.1577803974157889e-08,convergencia,Heun,0.025000000000000001,,,
9.9500000000000011,4.77780650583719e-05,4.7727633936801882e-05,5.0431121570017703e-08,5.0431121570017703e-08,convergencia,Heun,0.025000000000000001,,,
9.9750000000000014,4.6598544077243325e-05,4.654923445622269e-05,4.9309621020634316e-08,4.9309621020634316e-08,convergencia,Heun,0.025000000000000001,,,
10,4.5448142520336444e-05,4.5399929762484854e-05,4.8212757851589377e-08,4.8212757851589377e-08,convergencia,Heun,0.025000000000000001,,,
0,1,1,0,0,convergencia,Heun,0.012500000000000001,,,
0.012500000000000001,0.98757812499999997,0.98757780049388144,3.245061185319642e-07,3.245061185319642e-07,convergencia,Heun,0.012500000000000001,,,
0.025000000000000001,0.97531055297851554,0.97530991202833262,6.4095018292853467e-07,6.4095018292853467e-07,convergencia,Heun,0.012500000000000001,,,
0.037500000000000006,0.96319536720323551,0.96319441772082182,9.4948241369241515e-07,9.4948241369241515e-07,convergencia,Heun,0.012500000000000001,,,
0.050000000000000003,0.95123067475125778,0.95122942450071402,1.2502505437606004e-06,1.2502505437606004e-06,convergencia,Heun,0.012500000000000001,,,
0.0625,0.93941460621333195,0.93941306281347581,1.5433998561409368e-06,1.5433998561409368e-06,convergencia,Heun,0.012500000000000001,,,
0.075000000000000011,0.92774531540177574,0.92774348632855286,1.8290732228809503e-06,1.8290732228809503e-06,convergencia,Heun,0.012500000000000001,,,
0.087500000000000008,0.91622097906201927,0.91621887165087756,2.1074111417052066e-06,2.1074111417052066e-06,convergencia,Heun,0.012500000000000001,,,
0.10000000000000001,0.90483979658773328,0.90483741803595952,2.3785517737628936e-06,2.3785517737628936e-06,convergencia,Heun,0.012500000000000001,,,
0.1125,0.89359998973949506,0.89359734710851568,2.6426309793770031e-06,2.6426309793770031e-06,convergencia,Heun,0.012500000000000001,,,
0.125,0.8824998023669498,0.88249690258459546,2.8997823543486234e-06,2.8997823543486234e-06,convergencia,Heun,0.012500000000000001,,,
0.13750000000000001,0.87153750013442288,0.87153434999715784,3.1501372650399873e-06,3.1501372650399873e-06,convergencia,Heun,0.012500000000000001,,,
0.15000000000000002,0.8607113702499406,0.86070797642505781,3.3938248827913853e-06,3.3938248827913853e-06,convergencia,Heun,0.012500000000000001,,,
0.16250000000000001,0.85001972119761715,0.85001609022539815,3.6309722190042137e-06,3.6309722190042137e-06,convergencia,Heun,0.012500000000000001,,,
0.17500000000000002,0.83946088247336548,0.83945702076920736,3.8617041581145983e-06,3.8617041581145983e-06,convergencia,Heun,0.012500000000000001,,,
0.1875,0.8290332043238916,0.82902911818040037,4.0861434912331518e-06,4.0861434912331518e-06,convergencia,Heun,0.012500000000000001,,,
0.20000000000000001,0.81873505748893072,0.81873075307798182,4.3044109488965532e-06,4.3044109488965532e-06,convergencia,Heun,0.012500000000000001,,,
0.21250000000000002,0.80856483294668535,0.80856031632145242,4.5166252329309486e-06,4.5166252329309486e-06,convergencia,Heun,0.012500000000000001,,,
0.22500000000000001,0.79852094166242571,0.79851621875937706,4.7229030486484191e-06,4.7229030486484191e-06,convergencia,Heun,0.012500000000000001,,,
0.23750000000000002,0.7886018143402127,0.78859689098107666,4.9233591360442475e-06,4.9233591360442475e-06,convergencia,Heun,0.012500000000000001,,,
0.25,0.77880590117770543,0.77880078307140488,5.118106300550096e-06,5.118106300550096e-06,convergencia,Heun,0.012500000000000001,,,
0.26250000000000001,0.76913167162401364,0.76912636436857051,5.3072554431210506e-06,5.3072554431210506e-06,convergencia,Heun,0.012500000000000001,,,
0.27500000000000002,0.75957761414055913,0.75957212322496848,5.4909155906557316e-06,5.4909155906557316e-06,convergencia,Heun,0.012500000000000001,,,
0.28750000000000003,0.75014223596490681,0.75013656677098184,5.6691939249731149e-06,5.6691939249731149e-06,convergencia,Heun,0.012500000000000001,,,
0.30000000000000004,0.74082406287753022,0.74081822068171788,5.8421958123444639e-06,5.8421958123444639e-06,convergencia,Heun,0.012500000000000001,,,
0.3125,0.73162163897147348,0.73161562894664178,6.010024831692995e-06,6.010024831692995e-06,convergencia,Heun,0.012500000000000001,,,
0.32500000000000001,0.72253352642487467,0.72252735364207221,6.1727828024604747e-06,6.1727828024604747e-06,convergencia,Heun,0.012500000000000001,,,
0.33750000000000002,0.7135583052763157,0.71355197470650245,6.3305698132509747e-06,6.3305698132509747e-06,convergencia,Heun,0.012500000000000001,,,
0.35000000000000003,0.70469457320296147,0.70468808971871344,6.4834842480321342e-06,6.4834842480321342e-06,convergencia,Heun,0.012500000000000001,,,
0.36250000000000004,0.69594094530145589,0.695934313678642,6.6316228138907363e-06,6.6316228138907363e-06,convergencia,Heun,0.012500000000000001,,,
0.375,0.68729605387153936,0.68728927879097224,6.7750805671229486e-06,6.7750805671229486e-06,convergencia,Heun,0.012500000000000001,,,
0.38750000000000001,0.67875854820235382,0.67875163425141438,6.9139509394355869e-06,6.9139509394355869e-06,convergencia,Heun,0.012500000000000001,,,
0.40000000000000002,0.6703270943614027,0.67032004603563933,7.0483257633702223e-06,7.0483257633702223e-06,convergencia,Heun,0.012500000000000001,,,
0.41250000000000003,0.66200037498613218,0.66199319669083401,7.1782952981713777e-06,7.1782952981713777e-06,convergencia,Heun,0.012500000000000001,,,
0.42500000000000004,0.65377708907810128,0.65376978512984729,7.3039482539893896e-06,7.3039482539893896e-06,convergencia,Heun,0.012500000000000001,,,
0.4375,0.64565595179970925,0.64564852642789206,7.4253718171934935e-06,7.4253718171934935e-06,convergencia,Heun,0.012500000000000001,,,
0.45000000000000001,0.63763569427344724,0.63762815162177333,7.5426516739085514e-06,7.5426516739085514e-06,convergencia,Heun,0.012500000000000001,,,
0.46250000000000002,0.62971506338364425,0.62970740751161003,7.6558720342179143e-06,7.6558720342179143e-06,convergencia,Heun,0.012500000000000001,,,
0.47500000000000003,0.62189282158067549,0.62188505646502001,7.7651156554781053e-06,7.7651156554781053e-06,convergencia,Heun,0.012500000000000001,,,
0.48750000000000004,0.61416774668760299,0.6141598762237378,7.8704638651894143e-06,7.8704638651894143e-06,convergencia,Heun,0.012500000000000001,,,
0.5,0.60653863170921796,0.60653065971263342,7.9719965845326257e-06,7.9719965845326257e-06,convergencia,Heun,0.012500000000000001,,,
0.51250000000000007,0.59900428464345501,0.59899621485110532,8.0697923496853008e-06,8.0697923496853008e-06,convergencia,Heun,0.012500000000000001,,,
0.52500000000000002,0.59156352829514958,0.59155536436681511,8.1639283344703273e-06,8.1639283344703273e-06,convergencia,Heun,0.012500000000000001,,,
0.53749999999999998,0.58421520009210826,0.58420694561173581,8.2544803724493576e-06,8.2544803724493576e-06,convergencia,Heun,0.012500000000000001,,,
0.55000000000000004,0.57695815190346411,0.57694981038048665,8.3415229774619348e-06,8.3415229774619348e-06,convergencia,Heun,0.012500000000000001,,,
0.5625,0.56979124986028828,0.56978282473092301,8.4251293652748416e-06,8.4251293652748416e-06,convergencia,Heun,0.012500000000000001,,,
0.57500000000000007,0.56271337417842993,0.56270486880695569,8.5053714742322484e-06,8.5053714742322484e-06,convergencia,Heun,0.012500000000000001,,,
0.58750000000000002,0.55572341898355726,0.55571483666357135,8.5823199859058619e-06,8.5823199859058619e-06,convergencia,Heun,0.012500000000000001,,,
0.60000000000000009,0.5488202921383708,0.54881163609402639,8.6560443444128055e-06,8.6560443444128055e-06,convergencia,Heun,0.012500000000000001,,,
0.61250000000000004,0.54200291507196452,0.54199418845918712,8.7266127773988345e-06,8.7266127773988345e-06,convergencia,Heun,0.012500000000000001,,,
0.625,0.53527022261130497,0.53526142851899028,8.7940923146900829e-06,8.7940923146900829e-06,convergencia,Heun,0.012500000000000001,,,
0.63750000000000007,0.52862116281480509,0.52861230426599726,8.8585488078329888e-06,8.8585488078329888e-06,convergencia,Heun,0.012500000000000001,,,
0.65000000000000002,0.5220546968079649,0.52204577676101604,8.9200469488570633e-06,8.9200469488570633e-06,convergencia,Heun,0.012500000000000001,,,
0.66250000000000009,0.51556979862105345,0.51556081997076397,8.9786502894817488e-06,8.9786502894817488e-06,convergencia,Heun,0.012500000000000001,,,
0.67500000000000004,0.50916545502880761,0.50915642060754918,9.0344212584358985e-06,9.0344212584358985e-06,convergencia,Heun,0.012500000000000001,,,
0.6875,0.50284066539212169,0.50283157797094091,9.0874211807756566e-06,9.0874211807756566e-06,convergencia,Heun,0.012500000000000001,,,
0.70000000000000007,0.4965944415017039,0.49658530379140947,9.1377102944267818e-06,9.1377102944267818e-06,convergencia,Heun,0.012500000000000001,,,
0.71250000000000002,0.49042580742367492,0.49041662207590614,9.1853477687808827e-06,9.1853477687808827e-06,convergencia,Heun,0.012500000000000001,,,
0.72500000000000009,0.48433379934708393,0.48432456895536241,9.2303917215152964e-06,9.2303917215152964e-06,convergencia,Heun,0.012500000000000001,,,
0.73750000000000004,0.47831746543331938,0.47830819253408408,9.2728992353019457e-06,9.2728992353019457e-06,convergencia,Heun,0.012500000000000001,,,
0.75,0.47237586566738987,0.47236655274101469,9.3129263751823288e-06,9.3129263751823288e-06,convergencia,Heun,0.012500000000000001,,,
0.76250000000000007,0.46650807171105274,0.4664987211828483,9.3505282044437088e-06,9.3505282044437088e-06,convergencia,Heun,0.012500000000000001,,,
0.77500000000000002,0.46071316675776702,0.46070378099896581,9.3857588012169479e-06,9.3857588012169479e-06,convergencia,Heun,0.012500000000000001,,,
0.78750000000000009,0.45499024538944788,0.45498082671817347,9.4186712744082079e-06,9.4186712744082079e-06,convergencia,Heun,0.012500000000000001,,,
0.80000000000000004,0.44933841343500086,0.44932896411722156,9.4493177792975835e-06,9.4493177792975835e-06,convergencia,Heun,0.012500000000000001,,,
0.8125,0.44375678783061295,0.44374731008107987,9.4777495330822248e-06,9.4777495330822248e-06,convergencia,Heun,0.012500000000000001,,,
0.82500000000000007,0.43824449648177954,0.43823499246494918,9.5040168303639483e-06,9.5040168303639483e-06,convergencia,Heun,0.012500000000000001,,,
0.83750000000000002,0.43280067812704498,0.43279114995798723,9.52816905774867e-06,9.52816905774867e-06,convergencia,Heun,0.012500000000000001,,,
0.85000000000000009,0.42742448220343554,0.42741493194872665,9.550254708889927e-06,9.550254708889927e-06,convergencia,Heun,0.012500000000000001,,,
0.86250000000000004,0.42211506871356475,0.42210549839216549,9.5703213992548442e-06,9.5703213992548442e-06,convergencia,Heun,0.012500000000000001,,,
0.875,0.41687160809438845,0.41686201967850839,9.5884158800574326e-06,9.5884158800574326e-06,convergencia,Heun,0.012500000000000001,,,
0.88750000000000007,0.41169328108759096,0.41168367650353843,9.604584052524956e-06,9.604584052524956e-06,convergencia,Heun,0.012500000000000001,,,
0.90000000000000002,0.40657927861158105,0.40656965974059911,9.6188709819422513e-06,9.6188709819422513e-06,convergencia,Heun,0.012500000000000001,,,
0.91250000000000009,0.40152880163507781,0.40151917031416662,9.6313209111964504e-06,9.6313209111964504e-06,convergencia,Heun,0.012500000000000001,,,
0.92500000000000004,0.39654106105226711,0.39653141907499284,9.6419772742661891e-06,9.6419772742661891e-06,convergencia,Heun,0.012500000000000001,,,
0.9375,0.39161527755950848,0.39160562667679899,9.6508827094887728e-06,9.6508827094887728e-06,convergencia,Heun,0.012500000000000001,,,
0.95000000000000007,0.38675068153357395,0.38674102345450118,9.6580790727718302e-06,9.6580790727718302e-06,convergencia,Heun,0.012500000000000001,,,
0.96250000000000002,0.38194651291139908,0.38193684930394889,9.6636074501943448e-06,9.6636074501943448e-06,convergencia,Heun,0.012500000000000001,,,
0.97500000000000009,0.37720202107132778,0.37719235356315689,9.6675081708852417e-06,9.6675081708852417e-06,convergencia,Heun,0.012500000000000001,,,
0.98750000000000004,0.37251646471583238,0.37250679489501293,9.6698208194578861e-06,9.6698208194578861e-06,convergencia,Heun,0.012500000000000001,,,
1,0.36788911175569045,0.36787944117144233,9.6705842481115134e-06,9.6705842481115134e-06,convergencia,Heun,0.012500000000000001,,,
1.0125,0.36331923919560022,0.36330956935901126,9.6698365889547055e-06,9.6698365889547055e-06,convergencia,Heun,0.012500000000000001,,,
1.0250000000000001,0.35880613302121733,0.35879646540595156,9.6676152657737546e-06,9.6676152657737546e-06,convergencia,Heun,0.012500000000000001,,,
1.0375000000000001,0.35434908808759441,0.35433942413058866,9.663957005745516e-06,9.663957005745516e-06,convergencia,Heun,0.012500000000000001,,,
1.05,0.34994740800900637,0.34993774911115533,9.6588978510392387e-06,9.6588978510392387e-06,convergencia,Heun,0.012500000000000001,,,
1.0625,0.3456004050501445,0.34559075257697452,9.6524731699743072e-06,9.6524731699743072e-06,convergencia,Heun,0.012500000000000001,,,
1.075,0.34130740001866228,0.34129775530099371,9.6447176685665603e-06,9.6447176685665603e-06,convergencia,Heun,0.012500000000000001,,,
1.0875000000000001,0.33706772215905539,0.33705808649365426,9.6356654011309217e-06,9.6356654011309217e-06,convergencia,Heun,0.012500000000000001,,,
1.1000000000000001,0.33288070904786088,0.33287108369807955,9.6253497813281186e-06,9.6253497813281186e-06,convergencia,Heun,0.012500000000000001,,,
1.1125,0.328745706490157,0.32873609268656412,9.6138035928783339e-06,9.6138035928783339e-06,convergencia,Heun,0.012500000000000001,,,
1.125,0.32466206841734957,0.32465246735834974,9.6010589998307694e-06,9.6010589998307694e-06,convergencia,Heun,0.012500000000000001,,,
1.1375,0.32062915678622783,0.32061956963867067,9.5871475571662756e-06,9.5871475571662756e-06,convergencia,Heun,0.012500000000000001,,,
1.1500000000000001,0.31664634147927384,0.31663676937905316,9.5721002206783368e-06,9.5721002206783368e-06,convergencia,Heun,0.012500000000000001,,,
1.1625000000000001,0.31271300020621101,0.31270344425885371,9.5559473572981446e-06,9.5559473572981446e-06,convergencia,Heun,0.012500000000000001,,,
1.175,0.3088285184067745,0.30881897968801986,9.5387187546425167e-06,9.5387187546425167e-06,convergencia,Heun,0.012500000000000001,,,
1.1875,0.30499228915469034,0.30498276871105928,9.5204436310614149e-06,9.5204436310614149e-06,convergencia,Heun,0.012500000000000001,,,
1.2000000000000002,0.30120371306284688,0.30119421191220203,9.501150644852796e-06,9.501150644852796e-06,convergencia,Heun,0.012500000000000001,,,
1.2125000000000001,0.29746219818964437,0.2974527173217405,9.4808679038660415e-06,9.4808679038660415e-06,convergencia,Heun,0.012500000000000001,,,
1.2250000000000001,0.29376715994650737,0.29375770032353277,9.4596229746057858e-06,9.4596229746057858e-06,convergencia,Heun,0.012500000000000001,,,
1.2375,0.29011802100654688,0.29010858356365526,9.4374428916133013e-06,9.4374428916133013e-06,convergencia,Heun,0.012500000000000001,,,
1.25,0.28651421121435622,0.28650479686019009,9.4143541661262375e-06,9.4143541661262375e-06,convergencia,Heun,0.012500000000000001,,,
1.2625000000000002,0.28295516749692784,0.28294577711413277,9.390382795071428e-06,9.390382795071428e-06,convergencia,Heun,0.012500000000000001,,,
1.2750000000000001,0.27944033377567695,0.27943096822140728,9.3655542696691185e-06,9.3655542696691185e-06,convergencia,Heun,0.012500000000000001,,,
1.2875000000000001,0.27596916087955725,0.2759598209859731,9.3398935841482178e-06,9.3398935841482178e-06,convergencia,Heun,0.012500000000000001,,,
1.3,0.2725411064592565,0.27253179303401259,9.3134252439064369e-06,9.3134252439064369e-06,convergencia,Heun,0.012500000000000001,,,
1.3125,0.26915563490245792,0.26914634872918386,9.2861732740590064e-06,9.2861732740590064e-06,convergencia,Heun,0.012500000000000001,,,
1.3250000000000002,0.26581221725015391,0.26580295908892654,9.2581612273767711e-06,9.2581612273767711e-06,convergencia,Heun,0.012500000000000001,,,
1.3375000000000001,0.26251033111399968,0.26250110170180724,9.229412192446329e-06,9.229412192446329e-06,convergencia,Heun,0.012500000000000001,,,
1.3500000000000001,0.259249460594693,0.25924026064589151,9.1999488014971043e-06,9.1999488014971043e-06,convergencia,Heun,0.012500000000000001,,,
1.3625,0.25602909620136832,0.25601992640813004,9.1697932382839298e-06,9.1697932382839298e-06,convergencia,Heun,0.012500000000000001,,,
1.375,0.25284873477199193,0.25283959580474646,9.138967245470031e-06,9.138967245470031e-06,convergencia,Heun,0.012500000000000001,,,
1.3875000000000002,0.24970787939474606,0.2496987719026135,9.1074921325651204e-06,9.1074921325651204e-06,convergencia,Heun,0.012500000000000001,,,
1.4000000000000001,0.24660603933038946,0.24659696394160643,9.0753887830308244e-06,9.0753887830308244e-06,convergencia,Heun,0.012500000000000001,,,
1.4125000000000001,0.24354272993558229,0.24353368725792068,9.0426776616081561e-06,9.0426776616081561e-06,convergencia,Heun,0.012500000000000001,,,
1.425,0.24051747258716374,0.24050846320834213,9.009378821617231e-06,9.009378821617231e-06,convergencia,Heun,0.012500000000000001,,,
1.4375,0.23752979460737009,0.23752081909545814,8.9755119119516724e-06,8.9755119119516724e-06,convergencia,Heun,0.012500000000000001,,,
1.4500000000000002,0.23457922918998161,0.23457028809379762,8.9410961839897496e-06,8.9410961839897496e-06,convergencia,Heun,0.012500000000000001,,,
1.4625000000000001,0.23166531532738732,0.23165640917688876,8.9061504985610274e-06,8.9061504985610274e-06,convergencia,Heun,0.012500000000000001,,,
1.4750000000000001,0.22878759773855495,0.22877872704522242,8.8706933325244375e-06,8.8706933325244375e-06,convergencia,Heun,0.012500000000000001,,,
1.4875,0.22594562679789634,0.22593679205511083,8.8347427855128835e-06,8.8347427855128835e-06,convergencia,Heun,0.012500000000000001,,,
1.5,0.22313895846501625,0.22313016014842982,8.7983165864280455e-06,8.7983165864280455e-06,convergencia,Heun,0.012500000000000001,,,
1.5125000000000002,0.22036715421533359,0.2203583927832338,8.7614320997964068e-06,8.7614320997964068e-06,convergencia,Heun,0.012500000000000001,,,
1.5250000000000001,0.21762978097156502,0.21762105686523284,8.7241063321807921e-06,8.7241063321807921e-06,convergencia,Heun,0.012500000000000001,,,
1.5375000000000001,0.21492641103605886,0.21491772468012055,8.6863559383143496e-06,8.6863559383143496e-06,convergencia,Heun,0.012500000000000001,,,
1.55,0.21225662202397033,0.21224797382674304,8.6481972272900443e-06,8.6481972272900443e-06,convergencia,Heun,0.012500000000000001,,,
1.5625,0.20961999679726634,0.20961138715109781,8.6096461685281067e-06,8.6096461685281067e-06,convergencia,Heun,0.012500000000000001,,,
1.5750000000000002,0.20701612339955025,0.20700755268115259,8.5707183976602153e-06,8.5707183976602153e-06,convergencia,Heun,0.012500000000000001,,,
1.5875000000000001,0.20444459499169648,0.20443606356247396,8.5314292225247002e-06,8.5314292225247002e-06,convergencia,Heun,0.012500000000000001,,,
1.6000000000000001,0.20190500978828402,0.20189651799465538,8.491793628634392e-06,8.491793628634392e-06,convergencia,Heun,0.012500000000000001,,,
1.6125,0.19939697099482018,0.19938851916853514,8.4518262850330483e-06,8.4518262850330483e-06,convergencia,Heun,0.012500000000000001,,,
1.625,0.19692008674574391,0.19691167520419406,8.4115415498464685e-06,8.4115415498464685e-06,convergencia,Heun,0.012500000000000001,,,
1.6375000000000002,0.19447397004319908,0.1944655990897235,8.3709534755838089e-06,8.3709534755838089e-06,convergencia,Heun,0.012500000000000001,,,
1.6500000000000001,0.19205823869656871,0.19204990862075408,8.3300758146331866e-06,8.3300758146331866e-06,convergencia,Heun,0.012500000000000001,,,
1.6625000000000001,0.18967251526275977,0.18966422634073524,8.2889220245352391e-06,8.2889220245352391e-06,convergencia,Heun,0.012500000000000001,,,
1.675,0.18731642698723019,0.18730817948195702,8.2475052731734166e-06,8.2475052731734166e-06,convergencia,Heun,0.012500000000000001,,,
1.6875,0.18498960574574821,0.18498139990730428,8.2058384439365195e-06,8.2058384439365195e-06,convergencia,Heun,0.012500000000000001,,,
1.7000000000000002,0.18269168798687521,0.18268352405273461,8.1639341406036792e-06,8.1639341406036792e-06,convergencia,Heun,0.012500000000000001,,,
1.7125000000000001,0.18042231467516326,0.18041419287047075,8.1218046925068954e-06,8.1218046925068954e-06,convergencia,Heun,0.012500000000000001,,,
1.7250000000000001,0.17818113123505772,0.17817305177289841,8.0794621593049953e-06,8.0794621593049953e-06,convergencia,Heun,0.012500000000000001,,,
1.7375,0.17596778749549724,0.17595975057716148,8.0369183357575924e-06,8.0369183357575924e-06,convergencia,Heun,0.012500000000000001,,,
1.75,0.17378193763520161,0.17377394345044514,7.9941847564712898e-06,7.9941847564712898e-06,convergencia,Heun,0.012500000000000001,,,
1.7625000000000002,0.1716232401286393,0.17161528885593871,7.9512727005903727e-06,7.9512727005903727e-06,convergencia,Heun,0.012500000000000001,,,
1.7750000000000001,0.16949135769266638,0.16948344949947006,7.9081931963209673e-06,7.9081931963209673e-06,convergencia,Heun,0.012500000000000001,,,
1.7875000000000001,0.16738595723382779,0.16737809227680248,7.8649570253164214e-06,7.8649570253164214e-06,convergencia,Heun,0.012500000000000001,,,
1.8,0.16530670979631384,0.16529888822158653,7.8215747273124858e-06,7.8215747273124858e-06,convergencia,Heun,0.012500000000000001,,,
1.8125,0.16325329051056275,0.16324551245395841,7.7780566043461619e-06,7.7780566043461619e-06,convergencia,Heun,0.012500000000000001,,,
1.8250000000000002,0.16122537854250182,0.16121764412977674,7.734412725085571e-06,7.734412725085571e-06,convergencia,Heun,0.012500000000000001,,,
1.8375000000000001,0.1592226570434192,0.15921496639049024,7.6906529289655357e-06,7.6906529289655357e-06,convergencia,Heun,0.012500000000000001,,,
1.8500000000000001,0.15724481310045799,0.15723716631362761,7.6467868303786712e-06,7.6467868303786712e-06,convergencia,Heun,0.012500000000000001,,,
1.8625,0.15529153768772574,0.15528393486390299,7.6028238227554557e-06,7.6028238227554557e-06,convergencia,Heun,0.012500000000000001,,,
1.875,0.15336252561801103,0.15335496684492847,7.5587730825610322e-06,7.5587730825610322e-06,convergencia,Heun,0.012500000000000001,,,
1.8875000000000002,0.15145747549509977,0.15144996085152654,7.5146435732365013e-06,7.5146435732365013e-06,convergencia,Heun,0.012500000000000001,,,
1.9000000000000001,0.14957608966668409,0.14956861922263504,7.4704440490569457e-06,7.4704440490569457e-06,convergencia,Heun,0.012500000000000001,,,
1.9125000000000001,0.14771807417785576,0.14771064799479677,7.4261830589894551e-06,7.4261830589894551e-06,convergencia,Heun,0.012500000000000001,,,
1.925,0.14588313872517772,0.14587575685622736,7.3818689503568624e-06,7.3818689503568624e-06,convergencia,Heun,0.012500000000000001,,,
1.9375,0.14407099661132591,0.14406365910145327,7.3375098726402577e-06,7.3375098726402577e-06,convergencia,Heun,0.012500000000000001,,,
1.9500000000000002,0.14228136470029457,0.14227407158651353,7.2931137810317015e-06,7.2931137810317015e-06,convergencia,Heun,0.012500000000000001,,,
1.9625000000000001,0.14051396337315811,0.14050671468471809,7.2486884400146945e-06,7.2486884400146945e-06,convergencia,Heun,0.012500000000000001,,,
1.9750000000000001,0.13876851648438215,0.13876131224295524,7.2042414269168908e-06,7.2042414269168908e-06,convergencia,Heun,0.012500000000000001,,,
1.9875,0.13704475131867772,0.13703759153854245,7.1597801352685231e-06,7.1597801352685231e-06,convergencia,Heun,0.012500000000000001,,,
2,0.13534239854839103,0.1353352832366127,7.1153117783273601e-06,7.1153117783273601e-06,convergencia,Heun,0.012500000000000001,,,
2.0125000000000002,0.13366119219142272,0.1336541213480304,7.0708433923261094e-06,7.0708433923261094e-06,convergencia,Heun,0.012500000000000001,,,
2.0249999999999999,0.13200086956966994,0.13199384318783022,7.0263818397198197e-06,7.0263818397198197e-06,convergencia,Heun,0.012500000000000001,,,
2.0375000000000001,0.13036117126798419,0.13035418933417164,6.9819338125443053e-06,6.9819338125443053e-06,convergencia,Heun,0.012500000000000001,,,
2.0500000000000003,0.12874184109363968,0.12873490358780418,6.9375058354970154e-06,6.9375058354970154e-06,convergencia,Heun,0.012500000000000001,,,
2.0625,0.12714262603630466,0.12713573293203559,6.8931042690734134e-06,6.8931042690734134e-06,convergencia,Heun,0.012500000000000001,,,
2.0750000000000002,0.12556327622850991,0.1255564274931972,6.8487353127033579e-06,6.8487353127033579e-06,convergencia,Heun,0.012500000000000001,,,
2.0874999999999999,0.12400354490660892,0.12399674050160123,6.8044050076931928e-06,6.8044050076931928e-06,convergencia,Heun,0.012500000000000001,,,
2.1000000000000001,0.12246318837222211,0.12245642825298191,6.7601192402094723e-06,6.7601192402094723e-06,convergencia,Heun,0.012500000000000001,,,
2.1125000000000003,0.1209419659541609,0.12093525007041664,6.7158837442626851e-06,6.7158837442626851e-06,convergencia,Heun,0.012500000000000001,,,
2.125,0.11943963997082409,0.11943296826671962,6.671704104468934e-06,6.671704104468934e-06,convergencia,Heun,0.012500000000000001,,,
2.1375000000000002,0.11795597569306149,0.11794934810730248,6.6275857590059051e-06,6.6275857590059051e-06,convergencia,Heun,0.012500000000000001,,,
2.1499999999999999,0.11649074130749927,0.11648415777349697,6.5835340023051581e-06,6.5835340023051581e-06,convergencia,Heun,0.012500000000000001,,,
2.1625000000000001,0.11504370788032016,0.11503716832633237,6.5395539877860509e-06,6.5395539877860509e-06,convergencia,Heun,0.012500000000000001,,,
2.1750000000000003,0.11361464932149429,0.11360815367076371,6.495650730575786e-06,6.495650730575786e-06,convergencia,Heun,0.012500000000000001,,,
2.1875,0.11220334234945388,0.11219689052034373,6.45182911014619e-06,6.45182911014619e-06,convergencia,Heun,0.012500000000000001,,,
2.2000000000000002,0.11080956645620674,0.11080315836233387,6.4080938728672265e-06,6.4080938728672265e-06,convergencia,Heun,0.012500000000000001,,,
2.2124999999999999,0.10943310387288357,0.10942673942324893,6.3644496346437762e-06,6.3644496346437762e-06,convergencia,Heun,0.012500000000000001,,,
2.2250000000000001,0.10807373953571257,0.10806741863482926,6.3209008833164937e-06,6.3209008833164937e-06,convergencia,Heun,0.012500000000000001,,,
2.2375000000000003,0.10673126105241737,0.10672498360043615,6.2774519812153207e-06,6.2774519812153207e-06,convergencia,Heun,0.012500000000000001,,,
2.25,0.10540545866903191,0.10539922456186433,6.234107167574221e-06,6.234107167574221e-06,convergencia,Heun,0.012500000000000001,,,
2.2625000000000002,0.10409612523712751,0.10408993436656665,6.1908705608626491e-06,6.1908705608626491e-06,convergencia,Heun,0.012500000000000001,,,
2.2749999999999999,0.1028030561814476,0.1027969084352864,6.1477461612002848e-06,6.1477461612002848e-06,convergencia,Heun,0.012500000000000001,,,
2.2875000000000001,0.10152604946794366,0.10151994473009104,6.1047378526191132e-06,6.1047378526191132e-06,convergencia,Heun,0.012500000000000001,,,
2.3000000000000003,0.10026490557220903,0.10025884372280371,6.0618494053255034e-06,6.0618494053255034e-06,convergencia,Heun,0.012500000000000001,,,
2.3125,0.099019427448304276,0.0990134083638263,6.0190844779761665e-06,6.0190844779761665e-06,convergencia,Heun,0.012500000000000001,,,
2.3250000000000002,0.097789420497969848,0.097783444051350046,5.9764466198014565e-06,5.9764466198014565e-06,convergencia,Heun,0.012500000000000001,,,
2.3374999999999999,0.096574692540221649,0.096568758600948823,5.9339392728258167e-06,5.9339392728258167e-06,convergencia,Heun,0.012500000000000001,,,
2.3500000000000001,0.095375053781323563,0.095369162215549613,5.8915657739494476e-06,5.8915657739494476e-06,convergencia,Heun,0.012500000000000001,,,
2.3625000000000003,0.094190316785133663,0.094184467455776646,5.8493293570160976e-06,5.8493293570160976e-06,convergencia,Heun,0.012500000000000001,,,
2.375,0.093020296443818359,0.093014489210663492,5.8072331548669753e-06,5.8072331548669753e-06,convergencia,Heun,0.012500000000000001,,,
2.3875000000000002,0.091864809948930287,0.091859044668728893,5.7652802013946625e-06,5.7652802013946625e-06,convergencia,Heun,0.012500000000000001,,,
2.4000000000000004,0.090723676762845901,0.09071795328941247,5.7234734334304926e-06,5.7234734334304926e-06,convergencia,Heun,0.012500000000000001,,,
2.4125000000000001,0.089596718590557442,0.089591036774864671,5.6818156927707086e-06,5.6818156927707086e-06,convergencia,Heun,0.012500000000000001,,,
2.4250000000000003,0.08848375935181535,0.088478119042087272,5.6403097280777192e-06,5.6403097280777192e-06,convergencia,Heun,0.012500000000000001,,,
2.4375,0.087384625153617043,0.087379026195420387,5.5989581966564561e-06,5.5989581966564561e-06,convergencia,Heun,0.012500000000000001,,,
2.4500000000000002,0.086299144263036948,0.086293586499370495,5.5577636664527752e-06,5.5577636664527752e-06,convergencia,Heun,0.012500000000000001,,,
2.4625000000000004,0.085227147080394514,0.085221630351776795,5.5167286177187913e-06,5.5167286177187913e-06,convergencia,Heun,0.012500000000000001,,,
2.4750000000000001,0.084168466112755261,0.084162990257310361,5.4758554449002572e-06,5.4758554449002572e-06,convergencia,Heun,0.012500000000000001,,,
2.4875000000000003,0.083122935947760865,0.083117500801302521,5.4351464583435316e-06,5.4351464583435316e-06,convergencia,Heun,0.012500000000000001,,,
2.5,0.082090393227784789,0.0820849986238988,5.3946038859886691e-06,5.3946038859886691e-06,convergencia,Heun,0.012500000000000001,,,
2.5125000000000002,0.08107067662440838,0.081065322394533249,5.3542298751318995e-06,5.3542298751318995e-06,convergencia,Heun,0.012500000000000001,,,
2.5250000000000004,0.08006362681321455,0.080058312786720515,5.3140264940354509e-06,5.3140264940354509e-06,convergencia,Heun,0.012500000000000001,,,
2.5375000000000001,0.079069086448894169,0.079063812453160645,5.2739957335234955e-06,5.2739957335234955e-06,convergencia,Heun,0.012500000000000001,,,
2.5500000000000003,0.078086900140661802,0.078081666001153127,5.2341395086752396e-06,5.2341395086752396e-06,convergencia,Heun,0.012500000000000001,,,
2.5625,0.077116914427977037,0.077111719968316714,5.1944596603237247e-06,5.1944596603237247e-06,convergencia,Heun,0.012500000000000001,,,
2.5750000000000002,0.076158977756566992,0.076153822798610327,5.1549579566656512e-06,5.1549579566656512e-06,convergencia,Heun,0.012500000000000001,,,
2.5875000000000004,0.075212940454747121,0.075207824818652375,5.1156360947463009e-06,5.1156360947463009e-06,convergencia,Heun,0.012500000000000001,,,
2.6000000000000001,0.074278654710035835,0.074273578214333877,5.076495701958339e-06,5.076495701958339e-06,convergencia,Heun,0.012500000000000001,,,
2.6125000000000003,0.073355974546059591,0.073350937007722106,5.0375383374851035e-06,5.0375383374851035e-06,convergencia,Heun,0.012500000000000001,,,
2.625,0.07244475579974527,0.072439757034251456,4.9987654938132842e-06,4.9987654938132842e-06,convergencia,Heun,0.012500000000000001,,,
2.6375000000000002,0.071544856098795295,0.071539895920197216,4.960178598079068e-06,4.960178598079068e-06,convergencia,Heun,0.012500000000000001,,,
2.6500000000000004,0.070656134839443066,0.070651213060429569,4.9217790134975514e-06,4.9217790134975514e-06,convergencia,Heun,0.012500000000000001,,,
2.6625000000000001,0.069778453164484375,0.069773569596443638,4.8835680407366411e-06,4.8835680407366411e-06,convergencia,Heun,0.012500000000000001,,,
2.6750000000000003,0.068911673941581778,0.068906828394662556,4.8455469192215661e-06,4.8455469192215661e-06,convergencia,Heun,0.012500000000000001,,,
2.6875,0.068055661741838705,0.068050854025010196,4.807716828508779e-06,4.807716828508779e-06,convergencia,Heun,0.012500000000000001,,,
2.7000000000000002,0.067210282818639291,0.067205512739749756,4.7700788895349566e-06,4.7700788895349566e-06,convergencia,Heun,0.012500000000000001,,,
2.7125000000000004,0.066375405086751493,0.066370672452585572,4.7326341659215121e-06,4.7326341659215121e-06,convergencia,Heun,0.012500000000000001,,,
2.7250000000000001,0.065550898101689514,0.065546202718024332,4.6953836651819625e-06,4.6953836651819625e-06,convergencia,Heun,0.012500000000000001,,,
2.7375000000000003,0.064736633039332581,0.064731974710992526,4.6583283400541964e-06,4.6583283400541964e-06,convergencia,Heun,0.012500000000000001,,,
2.75,0.063932482675797139,0.06392786120670757,4.6214690895690635e-06,4.6214690895690635e-06,convergencia,Heun,0.012500000000000001,,,
2.7625000000000002,0.063138321367558717,0.063133736560798376,4.5848067603410092e-06,4.5848067603410092e-06,convergencia,Heun,0.012500000000000001,,,
2.7750000000000004,0.06235402503182106,0.062349476689673403,4.5483421476574803e-06,4.5483421476574803e-06,convergencia,Heun,0.012500000000000001,,,
2.7875000000000001,0.061579471127128922,0.061574959051132208,4.5120759967140489e-06,4.5120759967140489e-06,convergencia,Heun,0.012500000000000001,,,
2.8000000000000003,0.060814538634221607,0.060810062625217952,4.4760090036552458e-06,4.4760090036552458e-06,convergencia,Heun,0.012500000000000001,,,
2.8125,0.060059108037124651,0.060054667895307945,4.4401418167056006e-06,4.4401418167056006e-06,convergencia,Heun,0.012500000000000001,,,
2.8250000000000002,0.059313061304475979,0.05930865682943872,4.404475037259048e-06,4.404475037259048e-06,convergencia,Heun,0.012500000000000001,,,
2.8375000000000004,0.058576281871084435,0.058571912861863501,4.3690092209336395e-06,4.3690092209336395e-06,convergencia,Heun,0.012500000000000001,,,
2.8500000000000001,0.057848654619717076,0.057844320874838456,4.3337448786193167e-06,4.3337448786193167e-06,convergencia,Heun,0.012500000000000001,,,
2.8625000000000003,0.057130065863112769,0.057125767180635265,4.2986824775048671e-06,4.2986824775048671e-06,convergencia,Heun,0.012500000000000001,,,
2.875,0.056420403326219427,0.05641613950377735,4.2638224420771254e-06,4.2638224420771254e-06,convergencia,Heun,0.012500000000000001,,,
2.8875000000000002,0.055719556128651537,0.055715326963496396,4.2291651551409903e-06,4.2291651551409903e-06,convergencia,Heun,0.012500000000000001,,,
2.9000000000000004,0.055027414767365931,0.05502322005640721,4.1947109587214815e-06,4.1947109587214815e-06,convergencia,Heun,0.012500000000000001,,,
2.9125000000000001,0.05434387109955257,0.054339710639397472,4.1604601550976339e-06,4.1604601550976339e-06,convergencia,Heun,0.012500000000000001,,,
2.9250000000000003,0.053668818325737805,0.053664691912730107,4.1264130076976158e-06,4.1264130076976158e-06,convergencia,Heun,0.012500000000000001,,,
2.9375,0.053002150973097795,0.052998058403355801,4.0925697419938456e-06,4.0925697419938456e-06,convergencia,Heun,0.012500000000000001,,,
2.9500000000000002,0.052343764878978835,0.052339705948432381,4.0589305464536207e-06,4.0589305464536207e-06,convergencia,Heun,0.012500000000000001,,,
2.9625000000000004,0.051693557174622762,0.051689531679049369,4.0254955733926012e-06,4.0254955733926012e-06,convergencia,Heun,0.012500000000000001,,,
2.9750000000000001,0.051051426269094258,0.051047434004154395,3.9922649398629884e-06,3.9922649398629884e-06,convergencia,Heun,0.012500000000000001,,,
2.9875000000000003,0.050417271833407842,0.050413312594679356,3.9592387284861918e-06,3.9592387284861918e-06,convergencia,Heun,0.012500000000000001,,,
3,0.049790994784852244,0.049787068367863944,3.9264169882993749e-06,3.9264169882993749e-06,convergencia,Heun,0.012500000000000001,,,
3.0125000000000002,0.049172497271509151,0.049168603471773563,3.8937997355881215e-06,3.8937997355881215e-06,convergencia,Heun,0.012500000000000001,,,
3.0250000000000004,0.048561682656964617,0.048557821270009946,3.8613869546705315e-06,3.8613869546705315e-06,convergencia,Heun,0.012500000000000001,,,
3.0375000000000001,0.047958455505210149,0.047954626326611453,3.8291785986951932e-06,3.8291785986951932e-06,convergencia,Heun,0.012500000000000001,,,
3.0500000000000003,0.047362721565731361,0.047358924391140908,3.7971745904530341e-06,3.7971745904530341e-06,convergencia,Heun,0.012500000000000001,,,
3.0625,0.046774387758782052,0.04677062238395898,3.7653748230712103e-06,3.7653748230712103e-06,convergencia,Heun,0.012500000000000001,,,
3.0750000000000002,0.046193362160840926,0.046189628381680101,3.7337791608249571e-06,3.7337791608249571e-06,convergencia,Heun,0.012500000000000001,,,
3.0875000000000004,0.045619553990249223,0.045615851602809385,3.7023874398384171e-06,3.7023874398384171e-06,convergencia,Heun,0.012500000000000001,,,
3.1000000000000001,0.045052873593026607,0.045049202393557801,3.6711994688062854e-06,3.6711994688062854e-06,convergencia,Heun,0.012500000000000001,,,
3.1125000000000003,0.044493232428863223,0.044489592213833508,3.6402150297154545e-06,3.6402150297154545e-06,convergencia,Heun,0.012500000000000001,,,
3.125,0.043940543057285952,0.04393693362340742,3.6094338785319646e-06,3.6094338785319646e-06,convergencia,Heun,0.012500000000000001,,,
3.1375000000000002,0.043394719123996221,0.043391140268250354,3.5788557458671377e-06,3.5788557458671377e-06,convergencia,Heun,0.012500000000000001,,,
3.1500000000000004,0.042855675347377824,0.042852126867040166,3.5484803376575891e-06,3.5484803376575891e-06,convergencia,Heun,0.012500000000000001,,,
3.1625000000000001,0.042323327505172127,0.042319809197836296,3.518307335831361e-06,3.518307335831361e-06,convergencia,Heun,0.012500000000000001,,,
3.1750000000000003,0.041797592421318808,0.041794104084919896,3.4883363989116067e-06,3.4883363989116067e-06,convergencia,Heun,0.012500000000000001,,,
3.1875,0.041278387952960252,0.041274929385797549,3.4585671627035408e-06,3.4585671627035408e-06,convergencia,Heun,0.012500000000000001,,,
3.2000000000000002,0.040765632977607068,0.040762203978366211,3.4289992408564895e-06,3.4289992408564895e-06,convergencia,Heun,0.012500000000000001,,,
3.2125000000000004,0.040259247380463346,0.040255847748237837,3.3996322255092082e-06,3.3996322255092082e-06,convergencia,Heun,0.012500000000000001,,,
3.2250000000000001,0.039759152041909163,0.039755781576221304,3.3704656878588701e-06,3.3704656878588701e-06,convergencia,Heun,0.012500000000000001,,,
3.2375000000000003,0.039265268825138568,0.039261927325959803,3.3414991787647508e-06,3.3414991787647508e-06,convergencia,Heun,0.012500000000000001,,,
3.25,0.038777520563951312,0.038774207831722009,3.312732229303339e-06,3.312732229303339e-06,convergencia,Heun,0.012500000000000001,,,
3.2625000000000002,0.038295831050695971,0.038292546886344647,3.2841643513234486e-06,3.2841643513234486e-06,convergencia,Heun,0.012500000000000001,,,
3.2750000000000004,0.037820125024363098,0.037816869229325069,3.2557950380290857e-06,3.2557950380290857e-06,convergencia,Heun,0.012500000000000001,,,
3.2875000000000001,0.0373503281588261,0.037347100535061607,3.2276237644929262e-06,3.2276237644929262e-06,convergencia,Heun,0.012500000000000001,,,
3.3000000000000003,0.036886367051228178,0.036883167401239994,3.1996499881836726e-06,3.1996499881836726e-06,convergencia,Heun,0.012500000000000001,,,
3.3125,0.036428169210513714,0.036424997337364234,3.1718731494795316e-06,3.1718731494795316e-06,convergencia,Heun,0.012500000000000001,,,
3.3250000000000002,0.035975663046101856,0.035972518753429654,3.1442926722025089e-06,3.1442926722025089e-06,convergencia,Heun,0.012500000000000001,,,
3.3375000000000004,0.035528777856701055,0.035525660948736951,3.116907964104132e-06,3.116907964104132e-06,convergencia,Heun,0.012500000000000001,,,
3.3500000000000001,0.035087443819262355,0.035084354100845025,3.089718417330356e-06,3.089718417330356e-06,convergencia,Heun,0.012500000000000001,,,
3.3625000000000003,0.034651591978069947,0.034648529254661012,3.0627234089350419e-06,3.0627234089350419e-06,convergencia,Heun,0.012500000000000001,,,
3.375,0.03422115423396737,0.034218118311666032,3.0359223013379233e-06,3.0359223013379233e-06,convergencia,Heun,0.012500000000000001,,,
3.3875000000000002,0.033796063333717298,0.033793054019274543,3.009314442754818e-06,3.009314442754818e-06,convergencia,Heun,0.012500000000000001,,,
3.4000000000000004,0.03337625285949377,0.033373269960326066,2.9828991677041672e-06,2.9828991677041672e-06,convergencia,Heun,0.012500000000000001,,,
3.4125000000000001,0.032961657218504754,0.032958700542707352,2.9566757974025526e-06,2.9566757974025526e-06,convergencia,Heun,0.012500000000000001,,,
3.4250000000000003,0.032552211632743633,0.032549280989103417,2.9306436402157243e-06,2.9306436402157243e-06,convergencia,Heun,0.012500000000000001,,,
3.4375,0.032147852128868157,0.032144947326876068,2.9048019920888124e-06,2.9048019920888124e-06,convergencia,Heun,0.012500000000000001,,,
3.4500000000000002,0.031748515528204867,0.031745636378067939,2.879150136927966e-06,2.879150136927966e-06,convergencia,Heun,0.012500000000000001,,,
3.4625000000000004,0.03135413943687794,0.031351285749530874,2.8536873470652591e-06,2.8536873470652591e-06,convergencia,Heun,0.012500000000000001,,,
3.4750000000000001,0.030964662236060481,0.030961833823176882,2.8284128835986966e-06,2.8284128835986966e-06,convergencia,Heun,0.012500000000000001,,,
3.4875000000000003,0.030580023072346911,0.030577219746350082,2.8033259968293645e-06,2.8033259968293645e-06,convergencia,Heun,0.012500000000000001,,,
3.5,0.030200161848245109,0.030197383422318501,2.7784259266083744e-06,2.7784259266083744e-06,convergencia,Heun,0.012500000000000001,,,
3.5125000000000002,0.029825019212786436,0.029822265500883696,2.7537119027393198e-06,2.7537119027393198e-06,convergencia,Heun,0.012500000000000001,,,
3.5250000000000004,0.029454536552252598,0.029451807369107279,2.7291831453182813e-06,2.7291831453182813e-06,convergencia,Heun,0.012500000000000001,,,
3.5375000000000001,0.029088655981017592,0.029085951142152462,2.7048388651293442e-06,2.7048388651293442e-06,convergencia,Heun,0.012500000000000001,,,
3.5500000000000003,0.028727320332503383,0.028724639654239423,2.6806782639603177e-06,2.6806782639603177e-06,convergencia,Heun,0.012500000000000001,,,
3.5625,0.028370473150248075,0.028367816449713101,2.6567005349739659e-06,2.6567005349739659e-06,convergencia,Heun,0.012500000000000001,,,
3.5750000000000002,0.028018058679084832,0.028015425774221808,2.6329048630237273e-06,2.6329048630237273e-06,convergencia,Heun,0.012500000000000001,,,
3.5875000000000004,0.027670021856430572,0.027667412566005564,2.6092904250075988e-06,2.6092904250075988e-06,convergencia,Heun,0.012500000000000001,,,
3.6000000000000001,0.027326308303682732,0.027323722447292559,2.5858563901734466e-06,2.5858563901734466e-06,convergencia,Heun,0.012500000000000001,,,
3.6125000000000003,0.02698686431772292,0.026984301715802475,2.5626019204451345e-06,2.5626019204451345e-06,convergencia,Heun,0.012500000000000001,,,
3.625,0.026651636862526213,0.026649097336355485,2.5395261707278349e-06,2.5395261707278349e-06,convergencia,Heun,0.012500000000000001,,,
3.6375000000000002,0.026320573560874517,0.0263180569325853,2.5166282892168101e-06,2.5166282892168101e-06,convergencia,Heun,0.012500000000000001,,,
3.6500000000000004,0.025993622686173026,0.025991128778755333,2.4939074176923148e-06,2.4939074176923148e-06,convergencia,Heun,0.012500000000000001,,,
3.6625000000000001,0.025670733154368228,0.025668261791676424,2.471362691804091e-06,2.471362691804091e-06,convergencia,Heun,0.012500000000000001,,,
3.6750000000000003,0.025351854515966304,0.025349405522724931,2.4489932413732096e-06,2.4489932413732096e-06,convergencia,Heun,0.012500000000000001,,,
3.6875,0.025036936948150793,0.025034510149960148,2.4267981906453406e-06,2.4267981906453406e-06,convergencia,Heun,0.012500000000000001,,,
3.7000000000000002,0.024725931246997977,0.024723526470339388,2.404776658589125e-06,2.404776658589125e-06,convergencia,Heun,0.012500000000000001,,,
3.7125000000000004,0.024418788819789171,0.024416405892030021,2.3829277591494447e-06,2.3829277591494447e-06,convergencia,Heun,0.012500000000000001,,,
3.7250000000000001,0.024115461677418359,0.024113100426816865,2.3612506014937529e-06,2.3612506014937529e-06,convergencia,Heun,0.012500000000000001,,,
3.7375000000000003,0.023815902426894173,0.023813562682603866,2.3397442903069776e-06,2.3397442903069776e-06,convergencia,Heun,0.012500000000000001,,,
3.75,0.023520064263935103,0.023517745856009107,2.3184079259962187e-06,2.3184079259962187e-06,convergencia,Heun,0.012500000000000001,,,
3.7625000000000002,0.02322790096565653,0.023225603725051565,2.2972406049648342e-06,2.2972406049648342e-06,convergencia,Heun,0.012500000000000001,,,
3.7750000000000004,0.022939366883348761,0.02293709064192892,2.2762414198414238e-06,2.2762414198414238e-06,convergencia,Heun,0.012500000000000001,,,
3.7875000000000001,0.02265441693534467,0.022652161525884961,2.2554094597088126e-06,2.2554094597088126e-06,convergencia,Heun,0.012500000000000001,,,
3.8000000000000003,0.022373006599975931,0.022370771856165591,2.234743810339973e-06,2.234743810339973e-06,convergencia,Heun,0.012500000000000001,,,
3.8125,0.02209509190861686,0.022092877665062443,2.2142435544166006e-06,2.2142435544166006e-06,convergencia,Heun,0.012500000000000001,,,
3.8250000000000002,0.021820629438814507,0.021818435531042762,2.193907771744219e-06,2.193907771744219e-06,convergencia,Heun,0.012500000000000001,,,
3.8375000000000004,0.021549576307504228,0.02154740257196476,2.1737355394672864e-06,2.1737355394672864e-06,convergencia,Heun,0.012500000000000001,,,
3.8500000000000001,0.021281890164309453,0.021279736438377168,2.1537259322843005e-06,2.1537259322843005e-06,convergencia,Heun,0.012500000000000001,,,
3.8625000000000003,0.021017529184924666,0.02101539530690202,2.1338780226455578e-06,2.1338780226455578e-06,convergencia,Heun,0.012500000000000001,,,
3.875,0.020756452064580686,0.020754337873699742,2.1141908809439725e-06,2.1141908809439725e-06,convergencia,Heun,0.012500000000000001,,,
3.8875000000000002,0.020498618011590971,0.020496523348015248,2.0946635757232435e-06,2.0946635757232435e-06,convergencia,Heun,0.012500000000000001,,,
3.9000000000000004,0.020243986740978236,0.020241911445804381,2.0752951738547964e-06,2.0752951738547964e-06,convergencia,Heun,0.012500000000000001,,,
3.9125000000000001,0.019992518468180152,0.01999046238343942,2.0560847407320726e-06,2.0560847407320726e-06,convergencia,Heun,0.012500000000000001,,,
3.9250000000000003,0.019744173902833222,0.019742136871492774,2.0370313404474705e-06,2.0370313404474705e-06,convergencia,Heun,0.012500000000000001,,,
3.9375,0.019498914242633971,0.019496896108597995,2.0181340359762268e-06,2.0181340359762268e-06,convergencia,Heun,0.012500000000000001,,,
3.9500000000000002,0.019256701167276249,0.01925470177538692,1.9993918893290719e-06,1.9993918893290719e-06,convergencia,Heun,0.012500000000000001,,,
3.9625000000000004,0.019017496832463985,0.019015516028502245,1.9808039617395801e-06,1.9808039617395801e-06,convergencia,Heun,0.012500000000000001,,,
3.9750000000000001,0.018781263863998227,0.018779301494684399,1.9623693138272336e-06,1.9623693138272336e-06,convergencia,Heun,0.012500000000000001,,,
3.9875000000000003,0.018547965351937621,0.018546021264931878,1.9440870057431392e-06,1.9440870057431392e-06,convergencia,Heun,0.012500000000000001,,,
4,0.018317564844831526,0.018315638888734179,1.9259560973469703e-06,1.9259560973469703e-06,convergencia,Heun,0.012500000000000001,,,
4.0125000000000002,0.01809002634402463,0.018088118368376298,1.9079756483318666e-06,1.9079756483318666e-06,convergencia,Heun,0.012500000000000001,,,
4.0250000000000004,0.017865314298032446,0.017863424153314034,1.8901447184117848e-06,1.8901447184117848e-06,convergencia,Heun,0.012500000000000001,,,
4.0375000000000005,0.017643393596986572,0.017641521134619149,1.8724623674221119e-06,1.8724623674221119e-06,convergencia,Heun,0.012500000000000001,,,
4.0499999999999998,0.017424229567149015,0.017422374639493515,1.8549276555000771e-06,1.8549276555000771e-06,convergencia,Heun,0.012500000000000001,,,
4.0625,0.017207787965494582,0.017205950425851383,1.837539643199243e-06,1.837539643199243e-06,convergencia,Heun,0.012500000000000001,,,
4.0750000000000002,0.016994034974360701,0.016992214676969066,1.8202973916352228e-06,1.8202973916352228e-06,convergencia,Heun,0.012500000000000001,,,
4.0875000000000004,0.016782937196163562,0.016781133996200959,1.803199962603641e-06,1.803199962603641e-06,convergencia,Heun,0.012500000000000001,,,
4.1000000000000005,0.016574461648179967,0.016572675401761237,1.7862464187293203e-06,1.7862464187293203e-06,convergencia,Heun,0.012500000000000001,,,
4.1124999999999998,0.016368575757393991,0.016366806321570428,1.7694358235634255e-06,1.7694358235634255e-06,convergencia,Heun,0.012500000000000001,,,
4.125,0.01616524735540761,0.016163494588165874,1.7527672417361195e-06,1.7527672417361195e-06,convergencia,Heun,0.012500000000000001,,,
4.1375000000000002,0.015964444673414655,0.015962708433675608,1.7362397390467688e-06,1.7362397390467688e-06,convergencia,Heun,0.012500000000000001,,,
4.1500000000000004,0.015766136337237079,0.015764416484854486,1.7198523825923129e-06,1.7198523825923129e-06,convergencia,Heun,0.012500000000000001,,,
4.1625000000000005,0.01557029136242296,0.015568587758182076,1.7036042408834912e-06,1.7036042408834912e-06,convergencia,Heun,0.012500000000000001,,,
4.1749999999999998,0.015376879149405373,0.015375191655021433,1.6874943839402523e-06,1.6874943839402523e-06,convergencia,Heun,0.012500000000000001,,,
4.1875,0.01518586947872135,0.015184197956837946,1.6715218834045115e-06,1.6715218834045115e-06,convergencia,Heun,0.012500000000000001,,,
4.2000000000000002,0.014997232506290356,0.014995576820477703,1.6556858126529073e-06,1.6556858126529073e-06,convergencia,Heun,0.012500000000000001,,,
4.2125000000000004,0.014810938758751278,0.0148092987735044,1.6399852468783338e-06,1.6399852468783338e-06,convergencia,Heun,0.012500000000000001,,,
4.2250000000000005,0.014626959128857413,0.014625334709594208,1.6244192632044324e-06,1.6244192632044324e-06,convergencia,Heun,0.012500000000000001,,,
4.2374999999999998,0.014445264870928648,0.014443655883987879,1.6089869407688584e-06,1.6089869407688584e-06,convergencia,Heun,0.012500000000000001,,,
4.25,0.014265827596360079,0.014264233908999256,1.5936873608238949e-06,1.5936873608238949e-06,convergencia,Heun,0.012500000000000001,,,
4.2625000000000002,0.014088619269186541,0.014087040749579723,1.5785196068179852e-06,1.5785196068179852e-06,convergencia,Heun,0.012500000000000001,,,
4.2750000000000004,0.013913612201702112,0.013912048718937619,1.5634827644928767e-06,1.5634827644928767e-06,convergencia,Heun,0.012500000000000001,,,
4.2875000000000005,0.013740779050134091,0.013739230474212131,1.5485759219599493e-06,1.5485759219599493e-06,convergencia,Heun,0.012500000000000001,,,
4.2999999999999998,0.013570092810370716,0.013568559012200934,1.5337981697817471e-06,1.5337981697817471e-06,convergencia,Heun,0.012500000000000001,,,
4.3125,0.01340152681374189,0.013400007665140828,1.5191486010621841e-06,1.5191486010621841e-06,convergencia,Heun,0.012500000000000001,,,
4.3250000000000002,0.013235054722852437,0.013233550096540928,1.5046263115089942e-06,1.5046263115089942e-06,convergencia,Heun,0.012500000000000001,,,
4.3375000000000004,0.013070650527467002,0.01306916029706748,1.4902303995222022e-06,1.4902303995222022e-06,convergencia,Heun,0.012500000000000001,,,
4.3500000000000005,0.012908288540446121,0.012906812580479862,1.4759599662583084e-06,1.4759599662583084e-06,convergencia,Heun,0.012500000000000001,,,
4.3624999999999998,0.012747943393732775,0.012746481579617068,1.4618141157066167e-06,1.4618141157066167e-06,convergencia,Heun,0.012500000000000001,,,
4.375,0.012589590034388748,0.012588142242433998,1.4477919547499496e-06,1.4477919547499496e-06,convergencia,Heun,0.012500000000000001,,,
4.3875000000000002,0.012433203720680323,0.012431769828087082,1.4338925932409763e-06,1.4338925932409763e-06,convergencia,Heun,0.012500000000000001,,,
4.4000000000000004,0.012278760018212495,0.012277339903068436,1.4201151440594584e-06,1.4201151440594584e-06,convergencia,Heun,0.012500000000000001,,,
4.4125000000000005,0.01212623479611126,0.012124828337388089,1.4064587231712306e-06,1.4064587231712306e-06,convergencia,Heun,0.012500000000000001,,,
4.4249999999999998,0.011975604223253325,0.011974211300803622,1.3929224497027937e-06,1.3929224497027937e-06,convergencia,Heun,0.012500000000000001,,,
4.4375,0.011826844764542597,0.011825465259096618,1.3795054459794787e-06,1.3795054459794787e-06,convergencia,Heun,0.012500000000000001,,,
4.4500000000000002,0.011679933177233042,0.011678566970395442,1.3662068376000397e-06,1.3662068376000397e-06,convergencia,Heun,0.012500000000000001,,,
4.4625000000000004,0.011534846507297098,0.011533493481543622,1.3530257534765527e-06,1.3530257534765527e-06,convergencia,Heun,0.012500000000000001,,,
4.4750000000000005,0.011391562085839265,0.011390222124513367,1.3399613258986004e-06,1.3399613258986004e-06,convergencia,Heun,0.012500000000000001,,,
4.4874999999999998,0.011250057525554238,0.011248730512863665,1.3270126905731705e-06,1.3270126905731705e-06,convergencia,Heun,0.012500000000000001,,,
4.5,0.011110310717228991,0.011108996538242306,1.3141789866853715e-06,1.3141789866853715e-06,convergencia,Heun,0.012500000000000001,,,
4.5125000000000002,0.010972299826288411,0.010970998366931477,1.3014593569331268e-06,1.3014593569331268e-06,convergencia,Heun,0.012500000000000001,,,
4.5250000000000004,0.010836003289383733,0.010834714436436152,1.2888529475809513e-06,1.2888529475809513e-06,convergencia,Heun,0.012500000000000001,,,
4.5375000000000005,0.010701399811023417,0.010700123452114917,1.27635890849985e-06,1.27635890849985e-06,convergencia,Heun,0.012500000000000001,,,
4.5499999999999998,0.010568468360245869,0.010567204383852655,1.2639763932141557e-06,1.2639763932141557e-06,convergencia,Heun,0.012500000000000001,,,
4.5625,0.010437188167333437,0.010435936462774504,1.2517045589327536e-06,1.2517045589327536e-06,convergencia,Heun,0.012500000000000001,,,
4.5750000000000002,0.01030753872056734,0.010306299178000741,1.2395425665993887e-06,1.2395425665993887e-06,convergencia,Heun,0.012500000000000001,,,
4.5875000000000004,0.010179499763022791,0.010178272273441868,1.2274895809221559e-06,1.2274895809221559e-06,convergencia,Heun,0.012500000000000001,,,
4.6000000000000005,0.010053051289403991,0.010051835744633576,1.2155447704151334e-06,1.2155447704151334e-06,convergencia,Heun,0.012500000000000001,,,
4.6124999999999998,0.0099281735429184326,0.0099269698356110117,1.2037073074209342e-06,1.2037073074209342e-06,convergencia,Heun,0.012500000000000001,,,
4.625,0.0098048470121899906,0.0098036550358218278,1.1919763681627477e-06,1.1919763681627477e-06,convergencia,Heun,0.012500000000000001,,,
4.6375000000000002,0.0096830524282104421,0.0096818720770776839,1.1803511327582172e-06,1.1803511327582172e-06,convergencia,Heun,0.012500000000000001,,,
4.6500000000000004,0.0095627707613287639,0.0095616019305435045,1.1688307852593394e-06,1.1688307852593394e-06,convergencia,Heun,0.012500000000000001,,,
4.6625000000000005,0.0094439832182778814,0.0094428258037642029,1.1574145136784841e-06,1.1574145136784841e-06,convergencia,Heun,0.012500000000000001,,,
4.6749999999999998,0.0093266712392383426,0.0093255251377283264,1.1461015100161509e-06,1.1461015100161509e-06,convergencia,Heun,0.012500000000000001,,,
4.6875,0.0092108164949384272,0.0092096816039681402,1.1348909702869892e-06,1.1348909702869892e-06,convergencia,Heun,0.012500000000000001,,,
4.7000000000000002,0.0090964008837903631,0.0090952771016958155,1.1237820945475541e-06,1.1237820945475541e-06,convergencia,Heun,0.012500000000000001,,,
4.7125000000000004,0.0089834065290620279,0.008982293754975116,1.112774086911919e-06,1.112774086911919e-06,convergencia,Heun,0.012500000000000001,,,
4.7250000000000005,0.0088718157760838343,0.0088707139099282514,1.1018661555829007e-06,1.1018661555829007e-06,convergencia,Heun,0.012500000000000001,,,
4.7374999999999998,0.0087616111894902992,0.0087605201319774281,1.0910575128711408e-06,1.0910575128711408e-06,convergencia,Heun,0.012500000000000001,,,
4.75,0.0086527755504958483,0.0086516952031206341,1.0803473752141884e-06,1.0803473752141884e-06,convergencia,Heun,0.012500000000000001,,,
4.7625000000000002,0.0085452918542045318,0.0085442221192413396,1.0697349631921121e-06,1.0697349631921121e-06,convergencia,Heun,0.012500000000000001,,,
4.7750000000000004,0.0084391433069530841,0.0084380840874515306,1.0592195015535211e-06,1.0592195015535211e-06,convergencia,Heun,0.012500000000000001,,,
4.7875000000000005,0.0083343133236870245,0.008333264523467802,1.0488002192225038e-06,1.0488002192225038e-06,convergencia,Heun,0.012500000000000001,,,
4.8000000000000007,0.0082307855253693479,0.0082297470490200232,1.0384763493246491e-06,1.0384763493246491e-06,convergencia,Heun,0.012500000000000001,,,
4.8125,0.0081285437364214067,0.008127515489292211,1.0282471291957196e-06,1.0282471291957196e-06,convergencia,Heun,0.012500000000000001,,,
4.8250000000000002,0.0080275719821955461,0.008026553870395154,1.0181118003920603e-06,1.0181118003920603e-06,convergencia,Heun,0.012500000000000001,,,
4.8375000000000004,0.0079278544864792092,0.0079268464168704943,1.0080696087148844e-06,1.0080696087148844e-06,convergencia,Heun,0.012500000000000001,,,
4.8500000000000005,0.0078293756690299733,0.0078283775492257665,9.9811980420680402e-07,9.9811980420680402e-07,convergencia,Heun,0.012500000000000001,,,
4.8625000000000007,0.0077321201431412405,0.0077311318815000635,9.8826164117698373e-07,9.8826164117698373e-07,convergencia,Heun,0.012500000000000001,,,
4.875,0.0076360727132381637,0.0076350942188599617,9.784943782020078e-07,9.784943782020078e-07,convergencia,Heun,0.012500000000000001,,,
4.8875000000000002,0.0075412183725034072,0.0075402495552252691,9.6881727813802332e-07,9.6881727813802332e-07,convergencia,Heun,0.012500000000000001,,,
4.9000000000000004,0.0074475423005324649,0.0074465830709243381,9.5922960812681174e-07,9.5922960812681174e-07,convergencia,Heun,0.012500000000000001,,,
4.9125000000000005,0.0073550298610180372,0.0073540801303784292,9.4973063960793191e-07,9.4973063960793191e-07,convergencia,Heun,0.012500000000000001,,,
4.9250000000000007,0.0072636665994632024,0.0072627262798148845,9.4031964831785275e-07,9.4031964831785275e-07,convergencia,Heun,0.012500000000000001,,,
4.9375,0.0071734382409230002,0.0071725072450086989,9.3099591430122891e-07,9.3099591430122891e-07,convergencia,Heun,0.012500000000000001,,,
4.9500000000000002,0.0070843306877740337,0.0070834089290521185,9.2175872191523761e-07,9.2175872191523761e-07,convergencia,Heun,0.012500000000000001,,,
4.9625000000000004,0.0069963300175118395,0.0069954174101520107,9.1260735982871127e-07,9.1260735982871127e-07,convergencia,Heun,0.012500000000000001,,,
4.9750000000000005,0.0069094224805755586,0.0069085189394545252,9.0354112103341322e-07,9.0354112103341322e-07,convergencia,Heun,0.012500000000000001,,,
4.9875000000000007,0.0068235944981996583,0.006822699938896822,8.9455930283623142e-07,8.9455930283623142e-07,convergencia,Heun,0.012500000000000001,,,
5,0.0067388326602923392,0.006737946999085467,8.8566120687218891e-07,8.8566120687218891e-07,convergencia,Heun,0.012500000000000001,,,
5.0125000000000002,0.0066551237233402694,0.0066542468772011736,8.7684613909577019e-07,8.7684613909577019e-07,convergencia,Heun,0.012500000000000001,,,
5.0250000000000004,0.0065724546083394007,0.0065715864949296128,8.6811340978786011e-07,8.6811340978786011e-07,convergencia,Heun,0.012500000000000001,,,
5.0375000000000005,0.0064908123987514332,0.0064899529364178818,8.5946233355140705e-07,8.5946233355140705e-07,convergencia,Heun,0.012500000000000001,,,
5.0500000000000007,0.0064101843384856919,0.006409333446256377,8.5089222931489239e-07,8.5089222931489239e-07,convergencia,Heun,0.012500000000000001,,,
5.0625,0.0063305578299060698,0.006329715427485747,8.424024203227895e-07,8.424024203227895e-07,convergencia,Heun,0.012500000000000001,,,
5.0750000000000002,0.0062519204318627038,0.0062510864396285613,8.3399223414250268e-07,8.3399223414250268e-07,convergencia,Heun,0.012500000000000001,,,
5.0875000000000004,0.0061742598577481586,0.0061734341967455012,8.256610026574282e-07,8.256610026574282e-07,convergencia,Heun,0.012500000000000001,,,
5.1000000000000005,0.0060975639735776918,0.0060967465655156327,8.1740806205914812e-07,8.1740806205914812e-07,convergencia,Heun,0.012500000000000001,,,
5.1125000000000007,0.0060218207960934054,0.0060210115633405536,8.0923275285176705e-07,8.0923275285176705e-07,convergencia,Heun,0.012500000000000001,,,
5.125,0.0059470184908919366,0.0059462173564720942,8.0113441984237116e-07,8.0113441984237116e-07,convergencia,Heun,0.012500000000000001,,,
5.1375000000000002,0.005873145370575387,0.005872352258163252,7.931124121349567e-07,7.931124121349567e-07,convergencia,Heun,0.012500000000000001,,,
5.1500000000000004,0.00580018989292527,0.0057994047268421414,7.8516608312869524e-07,7.8516608312869524e-07,convergencia,Heun,0.012500000000000001,,,
5.1625000000000005,0.0057281406590990883,0.0057273633643085799,7.7729479050839267e-07,7.7729479050839267e-07,convergencia,Heun,0.012500000000000001,,,
5.1750000000000007,0.0056569864118493412,0.0056562169139531037,7.6949789623755038e-07,7.6949789623755038e-07,convergencia,Heun,0.012500000000000001,,,
5.1875,0.0055867160337646545,0.0055859542589980996,7.6177476655489573e-07,7.6177476655489573e-07,convergencia,Heun,0.012500000000000001,,,
5.2000000000000002,0.0055173185455327329,0.0055165644207607716,7.5412477196137168e-07,7.5412477196137168e-07,convergencia,Heun,0.012500000000000001,,,
5.2125000000000004,0.0054487831042249425,0.005448036556937725,7.4654728721753466e-07,7.4654728721753466e-07,convergencia,Heun,0.012500000000000001,,,
5.2250000000000005,0.0053810990016021475,0.0053803599599108161,7.3904169133141157e-07,7.3904169133141157e-07,convergencia,Heun,0.012500000000000001,,,
5.2375000000000007,0.0053142556624416202,0.0053135240550740712,7.3160736754895872e-07,7.3160736754895872e-07,convergencia,Heun,0.012500000000000001,,,
5.25,0.0052482426428847317,0.0052475183991813846,7.2424370334712301e-07,7.2424370334712301e-07,convergencia,Heun,0.012500000000000001,,,
5.2625000000000002,0.0051830496288051472,0.0051823326787147246,7.1695009042256619e-07,7.1695009042256619e-07,convergencia,Heun,0.012500000000000001,,,
5.2750000000000004,0.0051186664341973326,0.0051179567082726514,7.097259246812565e-07,7.097259246812565e-07,convergencia,Heun,0.012500000000000001,,,
5.2875000000000005,0.0050550829995850369,0.0050543804289788098,7.0257060622719303e-07,7.0257060622719303e-07,convergencia,Heun,0.012500000000000001,,,
5.3000000000000007,0.0049922893904495655,0.0049915939069102126,6.9548353935286467e-07,6.9548353935286467e-07,convergencia,Heun,0.012500000000000001,,,
5.3125,0.0049302757956775781,0.0049295873315450519,6.8846413252623972e-07,6.8846413252623972e-07,convergencia,Heun,0.012500000000000001,,,
5.3250000000000002,0.0048690325260281452,0.0048683510142297631,6.815117983820923e-07,6.815117983820923e-07,convergencia,Heun,0.012500000000000001,,,
5.3375000000000004,0.0048085500126188886,0.0048078753866651856,6.7462595370292033e-07,6.7462595370292033e-07,convergencia,Heun,0.012500000000000001,,,
5.3500000000000005,0.0047488188054308871,0.0047481509994114733,6.678060194137414e-07,6.678060194137414e-07,convergencia,Heun,0.012500000000000001,,,
5.3625000000000007,0.004689829571832174,0.0046891685204116067,6.6105142056734761e-07,6.6105142056734761e-07,convergencia,Heun,0.012500000000000001,,,
5.375,0.0046315730951195745,0.0046309187335332458,6.5436158632869307e-07,6.5436158632869307e-07,convergencia,Heun,0.012500000000000001,,,
5.3875000000000002,0.0045740402730786349,0.004573392537128673,6.4773594996188344e-07,6.4773594996188344e-07,convergencia,Heun,0.012500000000000001,,,
5.4000000000000004,0.0045172221165614857,0.0045165809426126659,6.4117394881976764e-07,6.4117394881976764e-07,convergencia,Heun,0.012500000000000001,,,
5.4125000000000005,0.0044611097480823231,0.0044604750730579982,6.3467502432485584e-07,6.3467502432485584e-07,convergencia,Heun,0.012500000000000001,,,
5.4250000000000007,0.0044056944004303624,0.0044050661618084018,6.2823862196064589e-07,6.2823862196064589e-07,convergencia,Heun,0.012500000000000001,,,
5.4375,0.0043509674153000199,0.0043503455511087691,6.2186419125080661e-07,6.2186419125080661e-07,convergencia,Heun,0.012500000000000001,,,
5.4500000000000002,0.0042969202419380894,0.0042963046907523398,6.155511857496368e-07,6.155511857496368e-07,convergencia,Heun,0.012500000000000001,,,
5.4625000000000004,0.0042435444358077641,0.0042429351367447403,6.0929906302385067e-07,6.0929906302385067e-07,convergencia,Heun,0.012500000000000001,,,
5.4750000000000005,0.0041908316572692138,0.0041902285499845759,6.031072846378327e-07,6.031072846378327e-07,convergencia,Heun,0.012500000000000001,,,
5.4875000000000007,0.0041387736702765722,0.0041381766949604333,5.9697531613889243e-07,5.9697531613889243e-07,convergencia,Heun,0.012500000000000001,,,
5.5,0.0040873623410911082,0.0040867714384640666,5.9090262704165203e-07,5.9090262704165203e-07,convergencia,Heun,0.012500000000000001,,,
5.5125000000000002,0.0040365896370103665,0.0040360047483195584,5.8488869080809691e-07,5.8488869080809691e-07,convergencia,Heun,0.012500000000000001,,,
5.5250000000000004,0.0039864476251131277,0.0039858686921282905,5.7893298483716743e-07,5.7893298483716743e-07,convergencia,Heun,0.012500000000000001,,,
5.5375000000000005,0.0039369284710199246,0.0039363554360294798,5.7303499044480954e-07,5.7303499044480954e-07,convergencia,Heun,0.012500000000000001,,,
5.5500000000000007,0.0038880244376689735,0.0038874572434761268,5.6719419284662759e-07,5.6719419284662759e-07,convergencia,Heun,0.012500000000000001,,,
5.5625,0.0038397278841073067,0.0038391664740261636,5.6141008114313912e-07,5.6141008114313912e-07,convergencia,Heun,0.012500000000000001,,,
5.5750000000000002,0.0037920312642969107,0.0037914755821486078,5.5568214830286136e-07,5.5568214830286136e-07,convergencia,Heun,0.012500000000000001,,,
5.5875000000000004,0.0037449271259357218,0.0037443771160445803,5.5000989114149454e-07,5.5000989114149454e-07,convergencia,Heun,0.012500000000000001,,,
5.6000000000000005,0.0036984081092932383,0.003697863716482929,5.4439281030934511e-07,5.4439281030934511e-07,convergencia,Heun,0.012500000000000001,,,
5.6125000000000007,0.0036524669460606105,0.00365192811565034,5.388304102705091e-07,5.388304102705091e-07,convergencia,Heun,0.012500000000000001,,,
5.625,0.0036070964582150165,0.0036065631360157305,5.3332219928595853e-07,5.3332219928595853e-07,convergencia,Heun,0.012500000000000001,,,
5.6375000000000002,0.0035622895568981263,0.0035617616892087297,5.278676893966279e-07,5.278676893966279e-07,convergencia,Heun,0.012500000000000001,,,
5.6500000000000004,0.0035180392413085319,0.0035175167749121284,5.2246639640346482e-07,5.2246639640346482e-07,convergencia,Heun,0.012500000000000001,,,
5.6625000000000005,0.003474338597607902,0.0034738214797680506,5.1711783985138385e-07,5.1711783985138385e-07,convergencia,Heun,0.012500000000000001,,,
5.6750000000000007,0.0034311807978407408,0.0034306689762977315,5.1182154300931718e-07,5.1182154300931718e-07,convergencia,Heun,0.012500000000000001,,,
5.6875,0.0033885590988675654,0.0033880525218347116,5.0657703285373473e-07,5.0657703285373473e-07,convergencia,Heun,0.012500000000000001,,,
5.7000000000000002,0.0033464668413113194,0.003345965457471272,5.0138384004739384e-07,5.0138384004739384e-07,convergencia,Heun,0.012500000000000001,,,
5.7125000000000004,0.0033048974485169048,0.003304401207017982,4.9624149892285932e-07,4.9624149892285932e-07,convergencia,Heun,0.012500000000000001,,,
5.7250000000000005,0.0032638444255236082,0.0032633532759761452,4.9114954746298789e-07,4.9114954746298789e-07,convergencia,Heun,0.012500000000000001,,,
5.7375000000000007,0.0032233013580503064,0.0032228152505230233,4.8610752728314721e-07,4.8610752728314721e-07,convergencia,Heun,0.012500000000000001,,,
5.75,0.0031832619114932777,0.0031827807965096669,4.8111498361083291e-07,4.8111498361083291e-07,convergencia,Heun,0.012500000000000001,,,
5.7625000000000002,0.0031437198299364465,0.0031432436584711804,4.7617146526615292e-07,4.7617146526615292e-07,convergencia,Heun,0.012500000000000001,,,
5.7750000000000004,0.003104668935173954,0.0031041976586493087,4.7127652464534764e-07,4.7127652464534764e-07,convergencia,Heun,0.012500000000000001,,,
5.7875000000000005,0.0030661031257448396,0.0030656366960271405,4.6642971769910585e-07,4.6642971769910585e-07,convergencia,Heun,0.012500000000000001,,,
5.8000000000000007,0.0030280163759797275,0.0030275547453758127,4.6163060391478383e-07,4.6163060391478383e-07,convergencia,Heun,0.012500000000000001,,,
5.8125,0.0029904027350593563,0.0029899458563130603,4.5687874629602235e-07,4.5687874629602235e-07,convergencia,Heun,0.012500000000000001,,,
5.8250000000000002,0.0029532563260847903,0.0029528041523734466,4.5217371134366469e-07,4.5217371134366469e-07,convergencia,Heun,0.012500000000000001,,,
5.8375000000000004,0.0029165713451592052,0.0029161238300901677,4.4751506903754207e-07,4.4751506903754207e-07,convergencia,Heun,0.012500000000000001,,,
5.8500000000000005,0.0028803420604810552,0.0028798991580882404,4.429023928147896e-07,4.429023928147896e-07,convergencia,Heun,0.012500000000000001,,,
5.8625000000000007,0.0028445628114485166,0.002844124476188965,4.3833525955163169e-07,4.3833525955163169e-07,convergencia,Heun,0.012500000000000001,,,
5.875,0.0028092280077750566,0.0028087941945255128,4.3381324954386638e-07,4.3381324954386638e-07,convergencia,Heun,0.012500000000000001,,,
5.8875000000000002,0.0027743321286159755,0.0027739027926694886,4.2933594648691606e-07,4.2933594648691606e-07,convergencia,Heun,0.012500000000000001,,,
5.9000000000000004,0.0027398697217058234,0.0027394448187683684,4.2490293745501076e-07,4.2490293745501076e-07,convergencia,Heun,0.012500000000000001,,,
5.9125000000000005,0.0027058354025065083,0.0027054148886936241,4.2051381288427461e-07,4.2051381288427461e-07,convergencia,Heun,0.012500000000000001,,,
5.9250000000000007,0.0026722238533659973,0.002671807685199448,4.1616816654930708e-07,4.1616816654930708e-07,convergencia,Heun,0.012500000000000001,,,
5.9375,0.0026390298226874683,0.0026386179570919216,4.1186559554670307e-07,4.1186559554670307e-07,convergencia,Heun,0.012500000000000001,,,
5.9500000000000002,0.0026062481241087721,0.0026058405184084983,4.0760570027380261e-07,4.0760570027380261e-07,convergencia,Heun,0.012500000000000001,,,
5.9625000000000004,0.0025738736356921079,0.0025734702476077,4.033880844078741e-07,4.033880844078741e-07,convergencia,Heun,0.012500000000000001,,,
5.9750000000000005,0.0025419012991237445,0.0025415020867688562,3.9921235488833348e-07,3.9921235488833348e-07,convergencia,Heun,0.012500000000000001,,,
5.9875000000000007,0.0025103261189236914,0.0025099310408017964,3.9507812189506011e-07,3.9507812189506011e-07,convergencia,Heun,0.012500000000000001,,,
6,0.0024791431616651878,0.0024787521766663585,3.9098499882931487e-07,3.9098499882931487e-07,convergencia,Heun,0.012500000000000001,,,
6.0125000000000002,0.0024483475552038777,0.002447960622601583,3.8693260229465815e-07,3.8693260229465815e-07,convergencia,Heun,0.012500000000000001,,,
6.0250000000000004,0.0024179344879165792,0.0024175515673645035,3.8292055207569953e-07,3.8292055207569953e-07,convergencia,Heun,0.012500000000000001,,,
6.0375000000000005,0.0023878992079494898,0.0023875202594783713,3.7894847111858213e-07,3.7894847111858213e-07,convergencia,Heun,0.012500000000000001,,,
6.0500000000000007,0.0023582370224757418,0.0023578620064902307,3.7501598551103327e-07,3.7501598551103327e-07,convergencia,Heun,0.012500000000000001,,,
6.0625,0.0023289432969621775,0.0023285721742377138,3.7112272446371622e-07,3.7112272446371622e-07,convergencia,Heun,0.012500000000000001,,,
6.0750000000000002,0.002300013454445225,0.002299646186124936,3.6726832028897982e-07,3.6726832028897982e-07,convergencia,Heun,0.012500000000000001,,,
6.0875000000000004,0.0022714429748157878,0.0022710795224074069,3.6345240838090917e-07,3.6345240838090917e-07,convergencia,Heun,0.012500000000000001,,,
6.1000000000000005,0.0022432273941129974,0.0022428677194858012,3.5967462719624366e-07,3.5967462719624366e-07,convergencia,Heun,0.012500000000000001,,,
6.1125000000000007,0.0022153623038267496,0.0022150063692085152,3.5593461823442765e-07,3.5593461823442765e-07,convergencia,Heun,0.012500000000000001,,,
6.125,0.0021878433502089032,0.0021874911181828851,3.5223202601809486e-07,3.5223202601809486e-07,convergencia,Heun,0.012500000000000001,,,
6.1375000000000002,0.0021606662335930268,0.0021603176670949545,3.4856649807225165e-07,3.4856649807225165e-07,convergencia,Heun,0.012500000000000001,,,
6.1500000000000004,0.0021338267077226128,0.0021334817700377081,3.449376849047614e-07,3.449376849047614e-07,convergencia,Heun,0.012500000000000001,,,
6.1625000000000005,0.0021073205790876205,0.0021069792338476324,3.4134523998812991e-07,3.4134523998812991e-07,convergencia,Heun,0.012500000000000001,,,
6.1750000000000007,0.0020811437062692663,0.0020808059174495276,3.3778881973868871e-07,3.3778881973868871e-07,convergencia,Heun,0.012500000000000001,,,
6.1875,0.0020552919992929543,0.0020549577312094589,3.3426808349534473e-07,3.3426808349534473e-07,convergencia,Heun,0.012500000000000001,,,
6.2000000000000002,0.0020297614189892367,0.002029430636295734,3.307826935026667e-07,3.307826935026667e-07,convergencia,Heun,0.012500000000000001,,,
6.2125000000000004,0.0020045479763627296,0.0020042206440478391,3.2733231489050219e-07,3.2733231489050219e-07,convergencia,Heun,0.012500000000000001,,,
6.2250000000000005,0.0019796477319688486,0.001979323815353195,3.2391661565359456e-07,3.2391661565359456e-07,convergencia,Heun,0.012500000000000001,,,
6.2375000000000007,0.0019550567952982979,0.0019547362600316654,3.2053526663250106e-07,3.2053526663250106e-07,convergencia,Heun,0.012500000000000001,,,
6.25,0.0019307713241692032,0.0019304541362277093,3.1718794149386033e-07,3.1718794149386033e-07,convergencia,Heun,0.012500000000000001,,,
6.2625000000000002,0.0019067875241267885,0.0019064736498100765,3.1387431671196092e-07,3.1387431671196092e-07,convergencia,Heun,0.012500000000000001,,,
6.2750000000000004,0.0018831016478505257,0.0018827910537789773,3.1059407154835836e-07,3.1059407154835836e-07,convergencia,Heun,0.012500000000000001,,,
6.2875000000000005,0.0018597099945686321,0.0018594026476805993,3.0734688803279314e-07,3.0734688803279314e-07,convergencia,Heun,0.012500000000000001,,,
6.3000000000000007,0.0018366089094798495,0.0018363047770289056,3.0413245094389196e-07,3.0413245094389196e-07,convergencia,Heun,0.012500000000000001,,,
6.3125,0.0018137947831824057,0.0018134938327346152,3.0095044779051942e-07,3.0095044779051942e-07,convergencia,Heun,0.012500000000000001,,,
6.3250000000000002,0.0017912640511100614,0.0017909662505412698,2.9780056879161187e-07,2.9780056879161187e-07,convergencia,Heun,0.012500000000000001,,,
6.3375000000000004,0.0017690131929751782,0.0017687185104683207,2.9468250685752914e-07,2.9468250685752914e-07,convergencia,Heun,0.012500000000000001,,,
6.3500000000000005,0.0017470387322186893,0.0017467471362611182,2.915959575711894e-07,2.915959575711894e-07,convergencia,Heun,0.012500000000000001,,,
6.3625000000000007,0.00172533723546691,0.0017250486948477408,2.8854061916920408e-07,2.8854061916920408e-07,convergencia,Heun,0.012500000000000001,,,
6.375,0.0017039053119950957,0.001703619795802574,2.8551619252171166e-07,2.8551619252171166e-07,convergencia,Heun,0.012500000000000001,,,
6.3875000000000002,0.0016827396131976562,0.0016824570908165412,2.8252238111503049e-07,2.8252238111503049e-07,convergencia,Heun,0.012500000000000001,,,
6.4000000000000004,0.0016618368320649663,0.0016615572731739339,2.7955889103235994e-07,2.7955889103235994e-07,convergencia,Heun,0.012500000000000001,,,
6.4125000000000005,0.001641193702666659,0.0016409170772357247,2.766254309342648e-07,2.766254309342648e-07,convergencia,Heun,0.012500000000000001,,,
6.4250000000000007,0.0016208069996413463,0.0016205332779293052,2.7372171204111118e-07,2.7372171204111118e-07,convergencia,Heun,0.012500000000000001,,,
6.4375,0.0016006735376926776,0.0016004026902445643,2.7084744811333404e-07,2.7084744811333404e-07,convergencia,Heun,0.012500000000000001,,,
6.4500000000000002,0.0015807901710916511,0.0015805221687362171,2.6800235543408997e-07,2.6800235543408997e-07,convergencia,Heun,0.012500000000000001,,,
6.4625000000000004,0.0015611537931851218,0.0015608886070323322,2.6518615278952468e-07,2.6518615278952468e-07,convergencia,Heun,0.012500000000000001,,,
6.4750000000000005,0.0015417613359104,0.001541498937348949,2.6239856145099209e-07,2.6239856145099209e-07,convergencia,Heun,0.012500000000000001,,,
6.4875000000000007,0.0015226097693158878,0.0015223501300107303,2.596393051574903e-07,2.596393051574903e-07,convergencia,Heun,0.012500000000000001,,,
6.5,0.0015036961010876681,0.0015034391929775724,2.569081100957122e-07,2.569081100957122e-07,convergencia,Heun,0.012500000000000001,,,
6.5125000000000002,0.0014850173760819695,0.0014847631713770868,2.5420470488269828e-07,2.5420470488269828e-07,convergencia,Heun,0.012500000000000001,,,
6.5250000000000004,0.0014665706758634511,0.001466319147042903,2.5152882054805571e-07,2.5152882054805571e-07,convergencia,Heun,0.012500000000000001,,,
6.5375000000000005,0.0014483531182492096,0.0014481042380586943,2.4888019051531006e-07,2.4888019051531006e-07,convergencia,Heun,0.012500000000000001,,,
6.5500000000000007,0.0014303618568584575,0.0014301155983078731,2.4625855058434121e-07,2.4625855058434121e-07,convergencia,Heun,0.012500000000000001,,,
6.5625,0.0014125940806677948,0.0014123504170288816,2.4366363891316876e-07,2.4366363891316876e-07,convergencia,Heun,0.012500000000000001,,,
6.5750000000000002,0.0013950470135719994,0.0013948059183759988,2.4109519600060483e-07,2.4109519600060483e-07,convergencia,Heun,0.012500000000000001,,,
6.5875000000000004,0.0013777179139502845,0.0013774793609856171,2.3855296466738889e-07,2.3855296466738889e-07,convergencia,Heun,0.012500000000000001,,,
6.6000000000000005,0.0013606040742379331,0.0013603680375478928,2.3603669004035842e-07,2.3603669004035842e-07,convergencia,Heun,0.012500000000000001,,,
6.6125000000000007,0.0013437028205032587,0.0013434692743837255,2.3354611953315015e-07,2.3354611953315015e-07,convergencia,Heun,0.012500000000000001,,,
6.625,0.0013270115120298208,0.0013267804310269915,2.3108100282928645e-07,2.3108100282928645e-07,convergencia,Heun,0.012500000000000001,,,
6.6375000000000002,0.0013105275409038251,0.0013102988998119601,2.28641091865045e-07,2.28641091865045e-07,convergencia,Heun,0.012500000000000001,,,
6.6500000000000004,0.0012942483316066601,0.001294022105465848,2.2622614081211148e-07,2.2622614081211148e-07,convergencia,Heun,0.012500000000000001,,,
6.6625000000000005,0.0012781713406124834,0.0012779475047064233,2.2383590606001556e-07,2.2383590606001556e-07,convergencia,Heun,0.012500000000000001,,,
6.6750000000000007,0.0012622940559908124,0.0012620725858446134,2.2147014619900048e-07,2.2147014619900048e-07,convergencia,Heun,0.012500000000000001,,,
6.6875,0.0012466139970140524,0.0012463948683920495,2.1912862200289263e-07,2.1912862200289263e-07,convergencia,Heun,0.012500000000000001,,,
6.7000000000000002,0.0012311287137698932,0.001230911902673481,2.1681109641218804e-07,2.1681109641218804e-07,convergencia,Heun,0.012500000000000001,,,
6.7125000000000004,0.0012158357867785325,0.0012156212694440147,2.1451733451778934e-07,2.1451733451778934e-07,convergencia,Heun,0.012500000000000001,,,
6.7250000000000005,0.0012007328266146428,0.0012005205795111,2.1224710354279114e-07,2.1224710354279114e-07,convergencia,Heun,0.012500000000000001,,,
6.7375000000000007,0.0011858174735340388,0.0011856074733612118,2.1000017282708436e-07,2.1000017282708436e-07,convergencia,Heun,0.012500000000000001,,,
6.75,0.001171087397104984,0.0011708796207911744,2.0777631380957534e-07,2.0777631380957534e-07,convergencia,Heun,0.012500000000000001,,,
6.7625000000000002,0.0011565402958440703,0.0011563347205440578,2.0557530001257332e-07,2.0557530001257332e-07,convergencia,Heun,0.012500000000000001,,,
6.7750000000000004,0.0011421738968566322,0.0011419704999496075,2.0339690702466003e-07,2.0339690702466003e-07,convergencia,Heun,0.012500000000000001,,,
6.7875000000000005,0.0011279859554816159,0.0011277847145691312,2.012409124846435e-07,2.012409124846435e-07,convergencia,Heun,0.012500000000000001,,,
6.8000000000000007,0.0011139742549408675,0.0011137751478448024,1.9910709606507822e-07,1.9910709606507822e-07,convergencia,Heun,0.012500000000000001,,,
6.8125,0.0011001366059927747,0.0010999396107533182,1.9699523945643574e-07,1.9699523945643574e-07,convergencia,Heun,0.012500000000000001,,,
6.8250000000000002,0.0010864708465902081,0.0010862759414638579,1.9490512635019115e-07,1.9490512635019115e-07,convergencia,Heun,0.012500000000000001,,,
6.8375000000000004,0.00107297484154272,0.0010727820050002968,1.9283654242321056e-07,1.9283654242321056e-07,convergencia,Heun,0.012500000000000001,,,
6.8500000000000005,0.0010596464821829314,0.0010594556929076091,1.9078927532235543e-07,1.9078927532235543e-07,convergencia,Heun,0.012500000000000001,,,
6.8625000000000007,0.0010464836860370652,0.0010462949229224174,1.8876311464778583e-07,1.8876311464778583e-07,convergencia,Heun,0.012500000000000001,,,
6.875,0.0010334843964995744,0.001033297638647637,1.8675785193734799e-07,1.8675785193734799e-07,convergencia,Heun,0.012500000000000001,,,
6.8875000000000002,0.001020646582511806,0.0010204618092311546,1.8477328065139541e-07,1.8477328065139541e-07,convergencia,Heun,0.012500000000000001,,,
6.9000000000000004,0.001007968238244667,0.0010077854290485105,1.8280919615652584e-07,1.8280919615652584e-07,convergencia,Heun,0.012500000000000001,,,
6.9125000000000005,0.00099544738278522127,0.00099526651738951043,1.8086539571083617e-07,1.8086539571083617e-07,convergencia,Heun,0.012500000000000001,,,
6.9250000000000007,0.00098308205982718588,0.00098290311814873779,1.7894167844809301e-07,1.7894167844809301e-07,convergencia,Heun,0.012500000000000001,,,
6.9375,0.00097087033736527079,0.00097069329951990889,1.7703784536190342e-07,1.7703784536190342e-07,convergencia,Heun,0.012500000000000001,,,
6.9500000000000002,0.00095881030739331137,0.00095863515369401986,1.7515369929151179e-07,1.7515369929151179e-07,convergencia,Heun,0.012500000000000001,,,
6.9625000000000004,0.00094690008560615994,0.00094672679656125397,1.7328904490597052e-07,1.7328904490597052e-07,convergencia,Heun,0.012500000000000001,,,
6.9750000000000005,0.00093513781110527079,0.00093496636741658139,1.7144368868939486e-07,1.7144368868939486e-07,convergencia,Heun,0.012500000000000001,,,
6.9875000000000007,0.00092352164610794737,0.00092335202866902148,1.6961743892589254e-07,1.6961743892589254e-07,convergencia,Heun,0.012500000000000001,,,
7,0.00091204977566020085,0.00091188196555451624,1.678101056846017e-07,1.678101056846017e-07,convergencia,Heun,0.012500000000000001,,,
7.0125000000000002,0.00090072040735317163,0.00090055438585236625,1.6602150080537951e-07,1.6602150080537951e-07,convergencia,Heun,0.012500000000000001,,,
7.0250000000000004,0.00088953177104308132,0.00088936751960519802,1.64251437883298e-07,1.64251437883298e-07,convergencia,Heun,0.012500000000000001,,,
7.0375000000000005,0.00087848211857465539,0.00087831961884240019,1.6249973225520003e-07,1.6249973225520003e-07,convergencia,Heun,0.012500000000000001,,,
7.0500000000000007,0.00086756972350798573,0.00086740895730700175,1.6076620098397828e-07,1.6076620098397828e-07,convergencia,Heun,0.012500000000000001,,,
7.0625,0.00085679288084878561,0.00085663383018594048,1.590506628451312e-07,1.590506628451312e-07,convergencia,Heun,0.012500000000000001,,,
7.0750000000000002,0.00084614990678199197,0.00084599255384368007,1.5735293831190943e-07,1.5735293831190943e-07,convergencia,Heun,0.012500000000000001,,,
7.0875000000000004,0.00083563913840868425,0.00083548346555914303,1.5567284954122115e-07,1.5567284954122115e-07,convergencia,Heun,0.012500000000000001,,,
7.1000000000000005,0.0008252589334862637,0.00082510492326590384,1.5401022035986273e-07,1.5401022035986273e-07,convergencia,Heun,0.012500000000000001,,,
7.1125000000000007,0.00081500767017186383,0.00081485530529561395,1.52364876249882e-07,1.52364876249882e-07,convergencia,Heun,0.012500000000000001,,,
7.125,0.00080488374676894827,0.00080473301012461325,1.5073664433502571e-07,1.5073664433502571e-07,convergencia,Heun,0.012500000000000001,,,
7.1375000000000002,0.00079488558147705266,0.00079473645612368579,1.4912535336686177e-07,1.4912535336686177e-07,convergencia,Heun,0.012500000000000001,,,
7.1500000000000004,0.00078501161214464222,0.00078486408131093165,1.4753083371057615e-07,1.4753083371057615e-07,convergencia,Heun,0.012500000000000001,,,
7.1625000000000005,0.00077526029602503288,0.0007751143431077006,1.459529173322878e-07,1.459529173322878e-07,convergencia,Heun,0.012500000000000001,,,
7.1750000000000007,0.00076563010953534683,0.00076548571809756263,1.4439143778419497e-07,1.4439143778419497e-07,convergencia,Heun,0.012500000000000001,,,
7.1875,0.00075611954801846294,0.00075597670178827073,1.4284623019221541e-07,1.4284623019221541e-07,convergencia,Heun,0.012500000000000001,,,
7.2000000000000002,0.00074672712550792099,0.0007465858083766792,1.4131713124178324e-07,1.4131713124178324e-07,convergencia,Heun,0.012500000000000001,,,
7.2125000000000004,0.0007374513744957522,0.00073731157051658714,1.3980397916505544e-07,1.3980397916505544e-07,convergencia,Heun,0.012500000000000001,,,
7.2250000000000005,0.00072829084570318764,0.00072815253908946039,1.3830661372725081e-07,1.3830661372725081e-07,convergencia,Heun,0.012500000000000001,,,
7.2375000000000007,0.00071924410785421825,0.00071910728297800417,1.3682487621407332e-07,1.3682487621407332e-07,convergencia,Heun,0.012500000000000001,,,
7.25,0.00071030974745196719,0.00071017438884254903,1.3535860941815952e-07,1.3535860941815952e-07,convergencia,Heun,0.012500000000000001,,,
7.2625000000000002,0.00070148636855783711,0.00070135246090021093,1.3390765762617655e-07,1.3390765762617655e-07,convergencia,Heun,0.012500000000000001,,,
7.2750000000000004,0.00069277259257340758,0.00069264012070680123,1.3247186660635384e-07,1.3247186660635384e-07,convergencia,Heun,0.012500000000000001,,,
7.2875000000000005,0.00068416705802503471,0.00068403600694143913,1.3105108359558106e-07,1.3105108359558106e-07,convergencia,Heun,0.012500000000000001,,,
7.3000000000000007,0.00067566842035112992,0.00067553877519384374,1.2964515728618089e-07,1.2964515728618089e-07,convergencia,Heun,0.012500000000000001,,,
7.3125,0.00066727535169208122,0.00066714709775426734,1.2825393781387435e-07,1.2825393781387435e-07,convergencia,Heun,0.012500000000000001,,,
7.3250000000000002,0.00065898654068278107,0.00065885966340603576,1.268772767453125e-07,1.268772767453125e-07,convergencia,Heun,0.012500000000000001,,,
7.3375000000000004,0.00065080069224773699,0.0006506751772206717,1.2551502706528283e-07,1.2551502706528283e-07,convergencia,Heun,0.012500000000000001,,,
7.3500000000000005,0.00064271652739872202,0.00064259236035555734,1.2416704316467464e-07,1.2416704316467464e-07,convergencia,Heun,0.012500000000000001,,,
7.3625000000000007,0.00063473278303494086,0.00063460994985411285,1.2283318082801069e-07,1.2283318082801069e-07,convergencia,Heun,0.012500000000000001,,,
7.375,0.0006268482117456792,0.00062672669844845757,1.2151329722162943e-07,1.2151329722162943e-07,convergencia,Heun,0.012500000000000001,,,
7.3875000000000002,0.00061906158161540077,0.00061894137436451977,1.2020725088099978e-07,1.2020725088099978e-07,convergencia,Heun,0.012500000000000001,,,
7.4000000000000004,0.00061137167603127185,0.0006112527611295723,1.1891490169955391e-07,1.1891490169955391e-07,convergencia,Heun,0.012500000000000001,,,
7.4125000000000005,0.00060377729349307078,0.00060365965738215488,1.1763611091589361e-07,1.1763611091589361e-07,convergencia,Heun,0.012500000000000001,,,
7.4250000000000007,0.0005962772474254614,0.00059616087668435845,1.163707411029483e-07,1.163707411029483e-07,convergencia,Heun,0.012500000000000001,,,
7.4375,0.00058887036599259866,0.00058875524733644315,1.1511865615550666e-07,1.1511865615550666e-07,convergencia,Heun,0.012500000000000001,,,
7.4500000000000002,0.00058155549191503419,0.00058144161219375557,1.1387972127861572e-07,1.1387972127861572e-07,convergencia,Heun,0.012500000000000001,,,
7.4625000000000004,0.00057433148228890204,0.00057421882848592541,1.1265380297663039e-07,1.1265380297663039e-07,convergencia,Heun,0.012500000000000001,,,
7.4750000000000005,0.00056719720840734452,0.00056708576763830345,1.1144076904107039e-07,1.1144076904107039e-07,convergencia,Heun,0.012500000000000001,,,
7.4875000000000007,0.00056015155558415946,0.00056004131509562001,1.1024048853945298e-07,1.1024048853945298e-07,convergencia,Heun,0.012500000000000001,,,
7.5,0.00055319342297963786,0.00055308437014783363,1.0905283180423411e-07,1.0905283180423411e-07,convergencia,Heun,0.012500000000000001,,,
7.5125000000000002,0.00054632172342856261,0.00054621384575814118,1.0787767042142425e-07,1.0787767042142425e-07,convergencia,Heun,0.012500000000000001,,,
7.5250000000000004,0.00053953538327034835,0.00053942866839312915,1.0671487721920433e-07,1.0671487721920433e-07,convergencia,Heun,0.012500000000000001,,,
7.5375000000000005,0.00053283334218128691,0.00053272777785502972,1.055643262571921e-07,1.055643262571921e-07,convergencia,Heun,0.012500000000000001,,,
7.5500000000000007,0.0005262145530088786,0.00052611012711606322,1.0442589281538326e-07,1.0442589281538326e-07,convergencia,Heun,0.012500000000000001,,,
7.5625,0.00051967798160822175,0.00051957468215483844,1.0329945338330947e-07,1.0329945338330947e-07,convergencia,Heun,0.012500000000000001,,,
7.5750000000000002,0.00051322260668043205,0.00051312042179478285,1.021848856491963e-07,1.021848856491963e-07,convergencia,Heun,0.012500000000000001,,,
7.5875000000000004,0.0005068474196130735,0.00050674633754458427,1.0108206848922965e-07,1.0108206848922965e-07,convergencia,Heun,0.012500000000000001,,,
7.6000000000000005,0.00050055142432256722,0.0005004514334406104,9.9990881956822132e-08,9.9990881956822132e-08,convergencia,Heun,0.012500000000000001,,,
7.6125000000000007,0.00049433363709856023,0.00049423472589128802,9.8911207272204746e-08,9.8911207272204746e-08,convergencia,Heun,0.012500000000000001,,,
7.625,0.00048819308645022691,0.000488095243523415,9.7842926811910098e-08,9.7842926811910098e-08,convergencia,Heun,0.012500000000000001,,,
7.6375000000000002,0.00048212881295447789,0.00048203202703037953,9.6785924098364076e-08,9.6785924098364076e-08,convergencia,Heun,0.012500000000000001,,,
7.6500000000000004,0.00047613986910605892,0.00047604412902226933,9.5740083789585921e-08,9.5740083789585921e-08,convergencia,Heun,0.012500000000000001,,,
7.6625000000000005,0.00047022531916950702,0.00047013061387783818,9.47052916688341e-08,9.47052916688341e-08,convergencia,Heun,0.012500000000000001,,,
7.6750000000000007,0.0004643842390329482,0.00046429055759831357,9.3681434634631643e-08,9.3681434634631643e-08,convergencia,Heun,0.012500000000000001,,,
7.6875,0.00045861571606371115,0.00045852304766302063,9.2668400690520437e-08,9.2668400690520437e-08,convergencia,Heun,0.012500000000000001,,,
7.7000000000000002,0.00045291884896573215,0.00045282718288679695,9.1666078935194982e-08,9.1666078935194982e-08,convergencia,Heun,0.012500000000000001,,,
7.7125000000000004,0.00044729274763873587,0.00044720207327918345,9.0674359552419311e-08,9.0674359552419311e-08,convergencia,Heun,0.012500000000000001,,,
7.7250000000000005,0.00044173653303916085,0.00044164683990535953,8.9693133801323384e-08,8.9693133801323384e-08,convergencia,Heun,0.012500000000000001,,,
7.7375000000000007,0.00043624933704281493,0.00043616061474880823,8.8722294006699474e-08,8.8722294006699474e-08,convergencia,Heun,0.012500000000000001,,,
7.75,0.0004308303023092365,0.00043074254057568753,8.7761733548973302e-08,8.7761733548973302e-08,convergencia,Heun,0.012500000000000001,,,
7.7625000000000002,0.00042547858214773889,0.0004253917708008839,8.6811346854988314e-08,8.6811346854988314e-08,convergencia,Heun,0.012500000000000001,,,
7.7750000000000004,0.0004201933403851224,0.0004201074693557342,8.5871029388193652e-08,8.5871029388193652e-08,convergencia,Heun,0.012500000000000001,,,
7.7875000000000005,0.00041497375123502586,0.00041488881055738659,8.494067763926581e-08,8.494067763926581e-08,convergencia,Heun,0.012500000000000001,,,
7.8000000000000007,0.00040981899916890321,0.00040973497897978643,8.4020189116784487e-08,8.4020189116784487e-08,convergencia,Heun,0.012500000000000001,,,
7.8125,0.00040472827878860226,0.00040464516932626452,8.3109462337745826e-08,8.3109462337745826e-08,convergencia,Heun,0.012500000000000001,,,
7.8250000000000002,0.00039970079470052502,0.00039961858630370645,8.2208396818563532e-08,8.2208396818563532e-08,convergencia,Heun,0.012500000000000001,,,
7.8375000000000004,0.00039473576139135438,0.00039465444449828869,8.1316893065690524e-08,8.1316893065690524e-08,convergencia,Heun,0.012500000000000001,,,
7.8500000000000005,0.0003898324031053211,0.00038975196825275448,8.0434852566620054e-08,8.0434852566620054e-08,convergencia,Heun,0.012500000000000001,,,
7.8625000000000007,0.00038498995372299714,0.00038491039154521631,7.9562177780832626e-08,7.9562177780832626e-08,convergencia,Heun,0.012500000000000001,,,
7.875,0.00038020765664159453,0.00038012895786946368,7.869877213085132e-08,7.869877213085132e-08,convergencia,Heun,0.012500000000000001,,,
7.8875000000000002,0.00037548476465674963,0.00037540692011675617,7.784453999345976e-08,7.784453999345976e-08,convergencia,Heun,0.012500000000000001,,,
7.9000000000000004,0.00037082053984577903,0.00037074354045908822,7.6999386690811654e-08,7.6999386690811654e-08,convergencia,Heun,0.012500000000000001,,,
7.9125000000000005,0.0003662142534523822,0.00036613809023390066,7.6163218481540337e-08,7.6163218481540337e-08,convergencia,Heun,0.012500000000000001,,,
7.9250000000000007,0.00036166518577277835,0.00036158984983022583,7.5335942552518832e-08,7.5335942552518832e-08,convergencia,Heun,0.012500000000000001,,,
7.9375,0.00035717262604325738,0.00035709810857624758,7.4517467009806767e-08,7.4517467009806767e-08,convergencia,Heun,0.012500000000000001,,,
7.9500000000000002,0.00035273587232912621,0.00035266216462825575,7.3707700870464642e-08,7.3707700870464642e-08,convergencia,Heun,0.012500000000000001,,,
7.9625000000000004,0.00034835423141503779,0.00034828132486098385,7.2906554053934428e-08,7.2906554053934428e-08,convergencia,Heun,0.012500000000000001,,,
7.9750000000000005,0.00034402701869667903,0.00034395490475930539,7.2113937373636996e-08,7.2113937373636996e-08,convergencia,Heun,0.012500000000000001,,,
7.9875000000000007,0.00033975355807380617,0.00033968222831127722,7.1329762528949021e-08,7.1329762528949021e-08,convergencia,Heun,0.012500000000000001,,,
8,0.00033553318184460833,0.00033546262790251185,7.0553942096475159e-08,7.0553942096475159e-08,convergencia,Heun,0.012500000000000001,,,
8.0125000000000011,0.00033136523060138198,0.00033129544421185968,6.9786389522295995e-08,6.9786389522295995e-08,convergencia,Heun,0.012500000000000001,,,
8.0250000000000004,0.00032724905312750565,0.00032718002610839203,6.9027019113619692e-08,6.9027019113619692e-08,convergencia,Heun,0.012500000000000001,,,
8.0374999999999996,0.00032318400629568762,0.0003231157305496567,6.8275746030921521e-08,6.8275746030921521e-08,convergencia,Heun,0.012500000000000001,,,
8.0500000000000007,0.00031916945496748302,0.00031910192248120326,6.7532486279758136e-08,6.7532486279758136e-08,convergencia,Heun,0.012500000000000001,,,
8.0625,0.00031520477189405906,0.00031513797473735599,6.6797156703069741e-08,6.6797156703069741e-08,convergencia,Heun,0.012500000000000001,,,
8.0750000000000011,0.00031128933761818723,0.00031122326794321407,6.6069674973156991e-08,6.6069674973156991e-08,convergencia,Heun,0.012500000000000001,,,
8.0875000000000004,0.00030742254037746154,0.0003073571904178775,6.5349959584037366e-08,6.5349959584037366e-08,convergencia,Heun,0.012500000000000001,,,
8.0999999999999996,0.00030360377600871047,0.00030353913807886678,6.4637929843693129e-08,6.4637929843693129e-08,convergencia,Heun,0.012500000000000001,,,
8.1125000000000007,0.00029983244785360195,0.00029976851434773547,6.3933505866481909e-08,6.3933505866481909e-08,convergencia,Heun,0.012500000000000001,,,
8.125,0.00029610796666542071,0.00029604473005685538,6.3236608565330442e-08,6.3236608565330442e-08,convergencia,Heun,0.012500000000000001,,,
8.1375000000000011,0.0002924297505169984,0.00029236720335735377,6.2547159644633053e-08,6.2547159644633053e-08,convergencia,Heun,0.012500000000000001,,,
8.1500000000000004,0.00028879722470979529,0.00028873535962820301,6.1865081592282767e-08,6.1865081592282767e-08,convergencia,Heun,0.012500000000000001,,,
8.1624999999999996,0.00028520982168410349,0.00028514863138643076,6.1190297672732413e-08,6.1190297672732413e-08,convergencia,Heun,0.012500000000000001,,,
8.1750000000000007,0.00028166698093037097,0.00028160645819845157,6.0522731919405211e-08,6.0522731919405211e-08,convergencia,Heun,0.012500000000000001,,,
8.1875,0.00027816814890162673,0.00027810828659249914,5.9862309127593251e-08,5.9862309127593251e-08,convergencia,Heun,0.012500000000000001,,,
8.2000000000000011,0.00027471277892698903,0.00027465356997214205,5.920895484697649e-08,5.920895484697649e-08,convergencia,Heun,0.012500000000000001,,,
8.2125000000000004,0.00027130033112625552,0.00027124176853088056,5.8562595374954916e-08,5.8562595374954916e-08,convergencia,Heun,0.012500000000000001,,,
8.2249999999999996,0.00026793027232554676,0.00026787234916779776,5.792315774900492e-08,5.792315774900492e-08,convergencia,Heun,0.012500000000000001,,,
8.2375000000000007,0.0002646020759740026,0.00026454478540426243,5.7290569740174081e-08,5.7290569740174081e-08,convergencia,Heun,0.012500000000000001,,,
8.25,0.00026131522206151325,0.00026125855730166754,5.6664759845708595e-08,5.6664759845708595e-08,convergencia,Heun,0.012500000000000001,,,
8.2625000000000011,0.0002580691970374676,0.00025801315138018521,5.604565728238543e-08,5.604565728238543e-08,convergencia,Heun,0.012500000000000001,,,
8.2750000000000004,0.00025486349373051798,0.00025480806053853841,5.5433191979573429e-08,5.5433191979573429e-08,convergencia,Heun,0.012500000000000001,,,
8.2874999999999996,0.00025169761126933436,0.00025164278397476168,5.4827294572673893e-08,5.4827294572673893e-08,convergencia,Heun,0.012500000000000001,,,
8.3000000000000007,0.00024857105500434781,0.00024851682710795185,5.4227896395964842e-08,5.4227896395964842e-08,convergencia,Heun,0.012500000000000001,,,
8.3125,0.00024548333643046585,0.00024542970150098948,5.3634929476366854e-08,5.3634929476366854e-08,convergencia,Heun,0.012500000000000001,,,
8.3250000000000011,0.00024243397311074339,0.00024238092478421678,5.304832652661259e-08,5.304832652661259e-08,convergencia,Heun,0.012500000000000001,,,
8.3375000000000004,0.00023942248860100854,0.00023937002058006991,5.2468020938633165e-08,5.2468020938633165e-08,convergencia,Heun,0.012500000000000001,,,
8.3499999999999996,0.00023644841237541804,0.00023639651842864072,5.1893946777323979e-08,5.1893946777323979e-08,convergencia,Heun,0.012500000000000001,,,
8.3625000000000007,0.00023351127975294189,0.00023345995371416807,5.132603877382267e-08,5.132603877382267e-08,convergencia,Heun,0.012500000000000001,,,
8.375,0.00023061063182476098,0.00023055986759244163,5.0764232319356261e-08,5.0764232319356261e-08,convergencia,Heun,0.012500000000000001,,,
8.3875000000000011,0.00022774601538256254,0.00022769580691910378,5.0208463458763057e-08,5.0208463458763057e-08,convergencia,Heun,0.012500000000000001,,,
8.4000000000000004,0.00022491698284773243,0.00022486732417884819,4.9658668884231373e-08,4.9658668884231373e-08,convergencia,Heun,0.012500000000000001,,,
8.4124999999999996,0.00022212309220142091,0.00022207397741549166,4.9114785929255111e-08,4.9114785929255111e-08,convergencia,Heun,0.012500000000000001,,,
8.4250000000000007,0.00021936390691548114,0.00021931533016291891,4.8576752562236964e-08,4.8576752562236964e-08,convergencia,Heun,0.012500000000000001,,,
8.4375,0.00021663899588426555,0.00021659095137688503,4.8044507380525306e-08,4.8044507380525306e-08,convergencia,Heun,0.012500000000000001,,,
8.4500000000000011,0.00021394793335726548,0.00021390041536766111,4.7517989604369763e-08,4.7517989604369763e-08,convergencia,Heun,0.012500000000000001,,,
8.4625000000000004,0.00021129029887259333,0.00021124330173352254,4.6997139070795472e-08,4.6997139070795472e-08,convergencia,Heun,0.012500000000000001,,,
8.4749999999999996,0.00020866567719128549,0.00020861919529505766,4.6481896227829706e-08,4.6481896227829706e-08,convergencia,Heun,0.012500000000000001,,,
8.4875000000000007,0.00020607365823242476,0.00020602768603029633,4.5972202128430339e-08,4.5972202128430339e-08,convergencia,Heun,0.012500000000000001,,,
8.5,0.00020351383700906902,0.00020346836901064417,4.5467998424847996e-08,4.5467998424847996e-08,convergencia,Heun,0.012500000000000001,,,
8.5125000000000011,0.00020098581356497178,0.0002009408443376092,4.4969227362581625e-08,4.4969227362581625e-08,convergencia,Heun,0.012500000000000001,,,
8.5250000000000004,0.00019848919291209455,0.00019844471708031962,4.4475831774930382e-08,4.4475831774930382e-08,convergencia,Heun,0.012500000000000001,,,
8.5374999999999996,0.00019602358496888976,0.00019597959721381279,4.3987755076976311e-08,4.3987755076976311e-08,convergencia,Heun,0.012500000000000001,,,
8.5500000000000007,0.00019358860449935413,0.00019354509955809383,4.3504941260298852e-08,4.3504941260298852e-08,convergencia,Heun,0.012500000000000001,,,
8.5625,0.00019118387105283884,0.00019114084371795175,4.3027334887093052e-08,4.3027334887093052e-08,convergencia,Heun,0.012500000000000001,,,
8.5750000000000011,0.00018880900890460415,0.00018876645402351932,4.2554881084829865e-08,4.2554881084829865e-08,convergencia,Heun,0.012500000000000001,,,
8.5875000000000004,0.00018646364699711739,0.00018642155947157674,4.2087525540645404e-08,4.2087525540645404e-08,convergencia,Heun,0.012500000000000001,,,
8.5999999999999996,0.0001841474188820752,0.00018410579366757919,4.1625214496001251e-08,4.1625214496001251e-08,convergencia,Heun,0.012500000000000001,,,
8.6125000000000007,0.00018185996266314924,0.00018181879476840803,4.1167894741209231e-08,4.1167894741209231e-08,convergencia,Heun,0.012500000000000001,,,
8.625,0.00017960092093944306,0.00017956020542583297,4.0715513610091719e-08,4.0715513610091719e-08,convergencia,Heun,0.012500000000000001,,,
8.6375000000000011,0.00017736994074964824,0.00017732967273067344,4.0268018974804571e-08,4.0268018974804571e-08,convergencia,Heun,0.012500000000000001,,,
8.6500000000000004,0.00017516667351689884,0.00017512684815765842,3.982535924041612e-08,3.982535924041612e-08,convergencia,Heun,0.012500000000000001,,,
8.6624999999999996,0.00017299077499430623,0.00017295138751096639,3.9387483339838525e-08,3.9387483339838525e-08,convergencia,Heun,0.012500000000000001,,,
8.6750000000000007,0.00017084190521117365,0.00017080295087044495,3.8954340728704915e-08,3.8954340728704915e-08,convergencia,Heun,0.012500000000000001,,,
8.6875,0.00016871972841987873,0.00016868120253849865,3.8525881380083908e-08,3.8525881380083908e-08,convergencia,Heun,0.012500000000000001,,,
8.7000000000000011,0.00016662391304341287,0.00016658581098763324,3.8102055779627806e-08,3.8102055779627806e-08,convergencia,Heun,0.012500000000000001,,,
8.7125000000000004,0.00016455413162357684,0.00016451644880865641,3.7682814920422629e-08,3.7682814920422629e-08,convergencia,Heun,0.012500000000000001,,,
8.7249999999999996,0.00016251006076981533,0.00016247279265951725,3.7268110298082106e-08,3.7268110298082106e-08,convergencia,Heun,0.012500000000000001,,,
8.7375000000000007,0.00016049138110869012,0.00016045452321478433,3.6857893905787448e-08,3.6857893905787448e-08,convergencia,Heun,0.012500000000000001,,,
8.75,0.00015849777723398072,0.00015846132511575126,3.6452118229462647e-08,3.6452118229462647e-08,convergencia,Heun,0.012500000000000001,,,
8.7625000000000011,0.00015652893765740221,0.00015649288692115931,3.605073624289557e-08,3.605073624289557e-08,convergencia,Heun,0.012500000000000001,,,
8.7750000000000004,0.00015458455475993928,0.00015454890105853631,3.5653701402967464e-08,3.5653701402967464e-08,convergencia,Heun,0.012500000000000001,,,
8.7874999999999996,0.00015266432474378078,0.00015262906377613592,3.5260967644855368e-08,3.5260967644855368e-08,convergencia,Heun,0.012500000000000001,,,
8.8000000000000007,0.00015076794758485396,0.0001507330750954765,3.4872489377451351e-08,3.4872489377451351e-08,convergencia,Heun,0.012500000000000001,,,
8.8125,0.00014889512698594847,0.00014886063876446985,3.4488221478619135e-08,3.4488221478619135e-08,convergencia,Heun,0.012500000000000001,,,
8.8250000000000011,0.00014704557033041972,0.00014701146221112919,3.4108119290532021e-08,3.4108119290532021e-08,convergencia,Heun,0.012500000000000001,,,
8.8375000000000004,0.00014521898863647164,0.00014518525649785644,3.3732138615200557e-08,3.3732138615200557e-08,convergencia,Heun,0.012500000000000001,,,
8.8499999999999996,0.00014341509651200307,0.00014338173627629318,3.3360235709891783e-08,3.3360235709891783e-08,convergencia,Heun,0.012500000000000001,,,
8.8625000000000007,0.00014163361211001787,0.00014160061974273521,3.2992367282656896e-08,3.2992367282656896e-08,convergencia,Heun,0.012500000000000001,,,
8.875,0.00013987425708458884,0.00013984162859410104,3.2628490487804709e-08,3.2628490487804709e-08,convergencia,Heun,0.012500000000000001,,,
8.8875000000000011,0.00013813675654736606,0.00013810448798444442,3.2268562921646156e-08,3.2268562921646156e-08,convergencia,Heun,0.012500000000000001,,,
8.9000000000000004,0.00013642083902462934,0.0001363889264820114,3.191254261794064e-08,3.191254261794064e-08,convergencia,Heun,0.012500000000000001,,,
8.9124999999999996,0.00013472623641487037,0.00013469467602682662,3.1560388043748965e-08,3.1560388043748965e-08,convergencia,Heun,0.012500000000000001,,,
8.9250000000000007,0.00013305268394690425,0.00013302147188880921,3.1212058095042312e-08,3.1212058095042312e-08,convergencia,Heun,0.012500000000000001,,,
8.9375,0.0001313999201385014,0.00013136905262640898,3.0867512092419645e-08,3.0867512092419645e-08,convergencia,Heun,0.012500000000000001,,,
8.9500000000000011,0.00012976768675553081,0.0001297371600457538,3.0526709777014844e-08,3.0526709777014844e-08,convergencia,Heun,0.012500000000000001,,,
8.9625000000000004,0.00012815572877161456,0.00012812553916030832,3.0189611306241215e-08,3.0189611306241215e-08,convergencia,Heun,0.012500000000000001,,,
8.9749999999999996,0.00012656379432827975,0.00012653393815103005,2.9856177249698622e-08,2.9856177249698622e-08,convergencia,Heun,0.012500000000000001,,,
8.9875000000000007,0.00012499163469560802,0.00012496210832702294,2.9526368585080631e-08,2.9526368585080631e-08,convergencia,Heun,0.012500000000000001,,,
9,0.00012343900423337362,0.00012340980408667956,2.9200146694054532e-08,2.9200146694054532e-08,convergencia,Heun,0.012500000000000001,,,
9.0125000000000011,0.00012190566035266204,0.00012187678287930369,2.8877473358358222e-08,2.8877473358358222e-08,convergencia,Heun,0.012500000000000001,,,
9.0250000000000004,0.00012039136347796891,0.00012036280516721316,2.8558310755747991e-08,2.8558310755747991e-08,convergencia,Heun,0.012500000000000001,,,
9.0374999999999996,0.0001188958770097661,0.00011886763438831004,2.824262145605474e-08,2.824262145605474e-08,convergencia,Heun,0.012500000000000001,,,
9.0500000000000007,0.00011741896728753529,0.00011739103691911796,2.793036841732151e-08,2.793036841732151e-08,convergencia,Heun,0.012500000000000001,,,
9.0625,0.00011596040355326052,0.00011593278203827863,2.7621514981886804e-08,2.7621514981886804e-08,convergencia,Heun,0.012500000000000001,,,
9.0750000000000011,0.00011451995791537223,0.00011449264189049966,2.7316024872576323e-08,2.7316024872576323e-08,convergencia,Heun,0.012500000000000001,,,
9.0875000000000004,0.00011309740531314229,0.00011307039145095336,2.7013862188935366e-08,2.7013862188935366e-08,convergencia,Heun,0.012500000000000001,,,
9.0999999999999996,0.00011169252348151818,0.00011166580849011478,2.6714991403407017e-08,2.6714991403407017e-08,convergencia,Heun,0.012500000000000001,,,
9.1125000000000007,0.00011030509291639609,0.00011027867353903842,2.6419377357672961e-08,2.6419377357672961e-08,convergencia,Heun,0.012500000000000001,,,
9.125,0.00010893489684032531,0.00010890876985506645,2.6126985258858779e-08,2.6126985258858779e-08,convergencia,Heun,0.012500000000000001,,,
9.1375000000000011,0.00010758172116863678,0.00010755588338796075,2.5837780676037396e-08,2.5837780676037396e-08,convergencia,Heun,0.012500000000000001,,,
9.1500000000000004,0.0001062453544759952,0.00010621980274645875,2.5551729536447921e-08,2.5551729536447921e-08,convergencia,Heun,0.012500000000000001,,,
9.1624999999999996,0.00010492558796336378,0.00010490031916524175,2.5268798122026208e-08,2.5268798122026208e-08,convergencia,Heun,0.012500000000000001,,,
9.1750000000000007,0.00010362221542538126,0.00010359722647231549,2.4988953065772771e-08,2.4988953065772771e-08,convergencia,Heun,0.012500000000000001,,,
9.1875,0.00010233503321814418,0.00010231032105679591,2.471216134826979e-08,2.471216134826979e-08,convergencia,Heun,0.012500000000000001,,,
9.2000000000000011,0.00010106384022738744,0.00010103940183709324,2.4438390294198109e-08,2.4438390294198109e-08,convergencia,Heun,0.012500000000000001,,,
9.2125000000000004,9.9808437837062928e-05,9.978427022949406e-05,2.4167607568867789e-08,2.4167607568867789e-08,convergencia,Heun,0.012500000000000001,,,
9.2249999999999996,9.8568629898305738e-05,9.8544730117130908e-05,2.3899781174829978e-08,2.3899781174829978e-08,convergencia,Heun,0.012500000000000001,,,
9.2375000000000007,9.7344222698787615e-05,9.7320587819339194e-05,2.3634879448421013e-08,2.3634879448421013e-08,convergencia,Heun,0.012500000000000001,,,
9.25,9.6135024932451178e-05,9.6111652061394695e-05,2.3372871056482713e-08,2.3372871056482713e-08,convergencia,Heun,0.012500000000000001,,,
9.2625000000000011,9.4940847669618291e-05,9.4917733944625289e-05,2.311372499300135e-08,2.311372499300135e-08,convergencia,Heun,0.012500000000000001,,,
9.2750000000000004,9.376150432747232e-05,9.3738646916896546e-05,2.2857410575773725e-08,2.2857410575773725e-08,convergencia,Heun,0.012500000000000001,,,
9.2874999999999996,9.2596810640904561e-05,9.2574206743461311e-05,2.2603897443249435e-08,2.2603897443249435e-08,convergencia,Heun,0.012500000000000001,,,
9.3000000000000007,9.144658463372448e-05,9.142423147817327e-05,2.2353155551210497e-08,2.2353155551210497e-08,convergencia,Heun,0.012500000000000001,,,
9.3125,9.0310646590227494e-05,9.0288541435057907e-05,2.2105155169586509e-08,2.2105155169586509e-08,convergencia,Heun,0.012500000000000001,,,
9.3250000000000011,8.9188819027114413e-05,8.9166959160235062e-05,2.1859866879351121e-08,2.1859866879351121e-08,convergencia,Heun,0.012500000000000001,,,
9.3375000000000004,8.8080926665762039e-05,8.8059309404192756e-05,2.1617261569282977e-08,2.1617261569282977e-08,convergencia,Heun,0.012500000000000001,,,
9.3499999999999996,8.6986796404835834e-05,8.6965419094402918e-05,2.1377310432916402e-08,2.1377310432916402e-08,convergencia,Heun,0.012500000000000001,,,
9.3625000000000007,8.5906257293244423e-05,8.5885117308278944e-05,2.1139984965478525e-08,2.1139984965478525e-08,convergencia,Heun,0.012500000000000001,,,
9.375,8.4839140503429968e-05,8.4818235246469155e-05,2.0905256960812861e-08,2.0905256960812861e-08,convergencia,Heun,0.012500000000000001,,,
9.3875000000000011,8.3785279304988831e-05,8.3764606206480528e-05,2.0673098508302884e-08,2.0673098508302884e-08,convergencia,Heun,0.012500000000000001,,,
9.4000000000000004,8.2744509038622227e-05,8.2724065556632228e-05,2.0443481989998891e-08,2.0443481989998891e-08,convergencia,Heun,0.012500000000000001,,,
9.4124999999999996,8.1716667090408156e-05,8.1696450710330574e-05,2.0216380077582238e-08,2.0216380077582238e-08,convergencia,Heun,0.012500000000000001,,,
9.4250000000000007,8.0701592866394404e-05,8.068160110066498e-05,1.999176572942444e-08,1.999176572942444e-08,convergencia,Heun,0.012500000000000001,,,
9.4375,7.9699127767507224e-05,7.9679358155319496e-05,1.9769612187727588e-08,1.9769612187727588e-08,convergencia,Heun,0.012500000000000001,,,
9.4500000000000011,7.870911516477013e-05,7.868956527179456e-05,1.9549892975569898e-08,1.9549892975569898e-08,convergencia,Heun,0.012500000000000001,,,
9.4625000000000004,7.7731400374832807e-05,7.7712067792938639e-05,1.9332581894168101e-08,1.9332581894168101e-08,convergencia,Heun,0.012500000000000001,,,
9.4749999999999996,7.6765830635801733e-05,7.674671298278181e-05,1.9117653019922994e-08,1.9117653019922994e-08,convergencia,Heun,0.012500000000000001,,,
9.4875000000000007,7.5812255083372555e-05,7.5793350002670791e-05,1.8905080701763139e-08,1.8905080701763139e-08,convergencia,Heun,0.012500000000000001,,,
9.5,7.4870524727258843e-05,7.4851829887700598e-05,1.8694839558244629e-08,1.8694839558244629e-08,convergencia,Heun,0.012500000000000001,,,
9.5125000000000011,7.3940492427912344e-05,7.3922005523437449e-05,1.8486904474894787e-08,1.8486904474894787e-08,convergencia,Heun,0.012500000000000001,,,
9.5250000000000004,7.3022012873534426e-05,7.3003731622932965e-05,1.8281250601461007e-08,1.8281250601461007e-08,convergencia,Heun,0.012500000000000001,,,
9.5374999999999996,7.2114942557371042e-05,7.2096864704021801e-05,1.8077853349240903e-08,1.8077853349240903e-08,convergencia,Heun,0.012500000000000001,,,
9.5500000000000007,7.1219139755291118e-05,7.1201263066902732e-05,1.787668838838536e-08,1.787668838838536e-08,convergencia,Heun,0.012500000000000001,,,
9.5625,7.0334464503643416e-05,7.0316786771998079e-05,1.7677731645337103e-08,1.7677731645337103e-08,convergencia,Heun,0.012500000000000001,,,
9.5750000000000011,6.9460778577387148e-05,6.9443297618087041e-05,1.7480959300106638e-08,1.7480959300106638e-08,convergencia,Heun,0.012500000000000001,,,
9.5875000000000004,6.8597945468496213e-05,6.8580659120712448e-05,1.728634778376504e-08,1.728634778376504e-08,convergencia,Heun,0.012500000000000001,,,
9.6000000000000014,6.7745830364629659e-05,6.7728736490853776e-05,1.709387377588252e-08,1.709387377588252e-08,convergencia,Heun,0.012500000000000001,,,
9.6125000000000007,6.6904300128069067e-05,6.68873966138671e-05,1.6903514201967e-08,1.6903514201967e-08,convergencia,Heun,0.012500000000000001,,,
9.625,6.6073223274915757e-05,6.6056508028684814e-05,1.6715246230943341e-08,1.6715246230943341e-08,convergencia,Heun,0.012500000000000001,,,
9.6375000000000011,6.5252469954547599e-05,6.5235940907274899e-05,1.6529047272700339e-08,1.6529047272700339e-08,convergencia,Heun,0.012500000000000001,,,
9.6500000000000004,6.4441911929331001e-05,6.4425567034355417e-05,1.6344894975583502e-08,1.6344894975583502e-08,convergencia,Heun,0.012500000000000001,,,
9.6625000000000014,6.3641422554583781e-05,6.3625259787359771e-05,1.6162767224009813e-08,1.6162767224009813e-08,convergencia,Heun,0.012500000000000001,,,
9.6750000000000007,6.28508767587886e-05,6.2834894116652612e-05,1.5982642135987609e-08,1.5982642135987609e-08,convergencia,Heun,0.012500000000000001,,,
9.6875,6.2070151024050572e-05,6.205434652598976e-05,1.5804498060812658e-08,1.5804498060812658e-08,convergencia,Heun,0.012500000000000001,,,
9.7000000000000011,6.1299123366798626e-05,6.1283495053222024e-05,1.5628313576601595e-08,1.5628313576601595e-08,convergencia,Heun,0.012500000000000001,,,
9.7125000000000004,6.0537673318726715e-05,6.052221925123872e-05,1.5454067487994771e-08,1.5454067487994771e-08,convergencia,Heun,0.012500000000000001,,,
9.7250000000000014,5.9785681907970592e-05,5.9770400169146719e-05,1.5281738823872651e-08,1.5281738823872651e-08,convergencia,Heun,0.012500000000000001,,,
9.7375000000000007,5.9043031640520062e-05,5.9027920333685078e-05,1.5111306834984122e-08,1.5111306834984122e-08,convergencia,Heun,0.012500000000000001,,,
9.75,5.8309606481860521e-05,5.8294663730868811e-05,1.4942750991710327e-08,1.4942750991710327e-08,convergencia,Heun,0.012500000000000001,,,
9.7625000000000011,5.7585291838843597e-05,5.7570515787861802e-05,1.4776050981794614e-08,1.4776050981794614e-08,convergencia,Heun,0.012500000000000001,,,
9.7750000000000004,5.6869974541783e-05,5.6855363355074873e-05,1.4611186708126701e-08,1.4611186708126701e-08,convergencia,Heun,0.012500000000000001,,,
9.7875000000000014,5.616354282677173e-05,5.6149094688485209e-05,1.444813828652006e-08,1.444813828652006e-08,convergencia,Heun,0.012500000000000001,,,
9.8000000000000007,5.5465886318220462e-05,5.5451599432176945e-05,1.4286886043516408e-08,1.4286886043516408e-08,convergencia,Heun,0.012500000000000001,,,
9.8125,5.4776896011611354e-05,5.476276860109711e-05,1.4127410514244406e-08,1.4127410514244406e-08,convergencia,Heun,0.012500000000000001,,,
9.8250000000000011,5.4096464256467063e-05,5.4082494564026818e-05,1.3969692440244481e-08,1.3969692440244481e-08,convergencia,Heun,0.012500000000000001,,,
9.8375000000000004,5.3424484739531299e-05,5.3410671026763938e-05,1.3813712767361407e-08,1.3813712767361407e-08,convergencia,Heun,0.012500000000000001,,,
9.8500000000000014,5.276085246815738e-05,5.2747193015513757e-05,1.3659452643623334e-08,1.3659452643623334e-08,convergencia,Heun,0.012500000000000001,,,
9.8625000000000007,5.2105463753904524e-05,5.2091956860487335e-05,1.350689341718858e-08,1.350689341718858e-08,convergencia,Heun,0.012500000000000001,,,
9.875,5.145821619633653e-05,5.1444860179702278e-05,1.3356016634251768e-08,1.3356016634251768e-08,convergencia,Heun,0.012500000000000001,,,
9.8875000000000011,5.0819008667022607e-05,5.0805801862985583e-05,1.3206804037024496e-08,1.3206804037024496e-08,convergencia,Heun,0.012500000000000001,,,
9.9000000000000004,5.0187741293736972e-05,5.0174682056175283e-05,1.3059237561688906e-08,1.3059237561688906e-08,convergencia,Heun,0.012500000000000001,,,
9.9125000000000014,4.9564315444853779e-05,4.9551402145517353e-05,1.2913299336425794e-08,1.2913299336425794e-08,convergencia,Heun,0.012500000000000001,,,
9.9250000000000007,4.8948633713937269e-05,4.893586474225786e-05,1.2768971679408834e-08,1.2768971679408834e-08,convergencia,Heun,0.012500000000000001,,,
9.9375,4.8340599904521988e-05,4.8327973667425135e-05,1.2626237096853012e-08,1.2626237096853012e-08,convergencia,Heun,0.012500000000000001,,,
9.9500000000000011,4.7740119015082952e-05,4.7727633936801882e-05,1.2485078281069845e-08,1.2485078281069845e-08,convergencia,Heun,0.012500000000000001,,,
9.9625000000000004,4.7147097224192504e-05,4.7134751746083968e-05,1.2345478108536138e-08,1.2345478108536138e-08,convergencia,Heun,0.012500000000000001,,,
9.9750000000000014,4.6561441875860687e-05,4.654923445622269e-05,1.2207419637996634e-08,1.2207419637996634e-08,convergencia,Heun,0.012500000000000001,,,
9.9875000000000007,4.5983061465059012e-05,4.5970990578950438e-05,1.2070886108573437e-08,1.2070886108573437e-08,convergencia,Heun,0.012500000000000001,,,
10,4.5411865623422763e-05,4.5399929762484854e-05,1.1935860937909316e-08,1.1935860937909316e-08,convergencia,Heun,0.012500000000000001,,,
